source,query,text,title,subreddit,url,published,content_type,parent_post_url,reddit_post_id,reddit_comment_id,sentiment_label,sentiment_score,bert_label,bert_score,vader_compound,vader_label,model_agree
reddit,whole milk school,"As Trump pushes whole milk, NYC schools say they're sticking with 1%","As Trump pushes whole milk, NYC schools say they're sticking with 1%",nyc,https://reddit.com/r/nyc/comments/1qfcyba/as_trump_pushes_whole_milk_nyc_schools_say_theyre/,2026-01-17T13:16:07,post,,t3_1qfcyba,,neutral,0.0317392088472843,neutral,0.0317392088472843,0.0,neutral,True
reddit_comment,whole milk school,I work for the DOE and the skeptic in me says this has more to do with contracting headache that would happen if we were to suddenly change the milks,,nyc,https://reddit.com/r/nyc/comments/1qfcyba/as_trump_pushes_whole_milk_nyc_schools_say_theyre/,2026-01-17T13:46:35,comment,https://reddit.com/r/nyc/comments/1qfcyba/as_trump_pushes_whole_milk_nyc_schools_say_theyre/,t3_1qfcyba,o03qydf,neutral,0.0324631407856941,neutral,0.0324631407856941,-0.2263,negative,False
reddit_comment,whole milk school,"""On Wednesday, President Donald Trump signed a bill that **allows** schools participating in the National School Lunch Program to serve whole and 2% milk alongside fat-free and low-fat versions."" [",,nyc,https://reddit.com/r/nyc/comments/1qfcyba/as_trump_pushes_whole_milk_nyc_schools_say_theyre/,2026-01-17T13:44:21,comment,https://reddit.com/r/nyc/comments/1qfcyba/as_trump_pushes_whole_milk_nyc_schools_say_theyre/,t3_1qfcyba,o03qkq0,neutral,0.3896473348140716,neutral,0.3896473348140716,0.0,neutral,True
reddit_comment,whole milk school,"We kidnapped a president of a sovereign nation 2 weeks ago, killed a women 1 week ago, now we are talking about milk. They have you all hooked on ""flood the zone"".",,nyc,https://reddit.com/r/nyc/comments/1qfcyba/as_trump_pushes_whole_milk_nyc_schools_say_theyre/,2026-01-17T19:08:56,comment,https://reddit.com/r/nyc/comments/1qfcyba/as_trump_pushes_whole_milk_nyc_schools_say_theyre/,t3_1qfcyba,o05l8m9,negative,0.0048857629299163,negative,0.0048857629299163,-0.6705,negative,True
reddit_comment,whole milk school,I have always preferred whole milk and agree that it should be served in schools.,,nyc,https://reddit.com/r/nyc/comments/1qfcyba/as_trump_pushes_whole_milk_nyc_schools_say_theyre/,2026-01-17T14:15:06,comment,https://reddit.com/r/nyc/comments/1qfcyba/as_trump_pushes_whole_milk_nyc_schools_say_theyre/,t3_1qfcyba,o03w1p2,neutral,0.4780729711055755,neutral,0.4780729711055755,0.3612,positive,False
reddit_comment,whole milk school,"If they do whole, they have to redesign the whole menu to reach nutritional goals. Less than whole milk allows more nutrients to come from food. Adding whole Milk reduces the margin for error to meet those goals.",,nyc,https://reddit.com/r/nyc/comments/1qfcyba/as_trump_pushes_whole_milk_nyc_schools_say_theyre/,2026-01-17T13:32:57,comment,https://reddit.com/r/nyc/comments/1qfcyba/as_trump_pushes_whole_milk_nyc_schools_say_theyre/,t3_1qfcyba,o03oocr,neutral,0.1392923295497894,neutral,0.1392923295497894,-0.3818,negative,False
reddit_comment,whole milk school,They serve 1% and skim. God forbid they have 2% and live a little. lol.,,nyc,https://reddit.com/r/nyc/comments/1qfcyba/as_trump_pushes_whole_milk_nyc_schools_say_theyre/,2026-01-17T13:24:52,comment,https://reddit.com/r/nyc/comments/1qfcyba/as_trump_pushes_whole_milk_nyc_schools_say_theyre/,t3_1qfcyba,o03ndau,negative,0.0548352934420108,negative,0.0548352934420108,0.3197,positive,False
reddit_comment,whole milk school,"&gt; On Wednesday, President Donald Trump signed legislation that reverses an Obama-era ban on whole milk at schools funded through the federal lunch program. This ban didn’t make sense though, so it’s good that it’s being reversed.",,nyc,https://reddit.com/r/nyc/comments/1qfcyba/as_trump_pushes_whole_milk_nyc_schools_say_theyre/,2026-01-17T13:53:31,comment,https://reddit.com/r/nyc/comments/1qfcyba/as_trump_pushes_whole_milk_nyc_schools_say_theyre/,t3_1qfcyba,o03s5mz,positive,0.5475977063179016,positive,0.5475977063179016,-0.688,negative,False
reddit_comment,whole milk school,"everyone should be drinking whole milk, if you drink milk at all",,nyc,https://reddit.com/r/nyc/comments/1qfcyba/as_trump_pushes_whole_milk_nyc_schools_say_theyre/,2026-01-17T13:52:50,comment,https://reddit.com/r/nyc/comments/1qfcyba/as_trump_pushes_whole_milk_nyc_schools_say_theyre/,t3_1qfcyba,o03s1b8,neutral,0.1043629348278045,neutral,0.1043629348278045,0.0,neutral,True
reddit_comment,whole milk school,"This Trump does A, so we should do B attitude is ridiculous. 1%/skim milk tastes like ass, and many kids won't drink it at all b/c of it. Whole milk tastes great and should be in embraced. The difference in SF is pretty small, ~3 grams for the entire milk carton.",,nyc,https://reddit.com/r/nyc/comments/1qfcyba/as_trump_pushes_whole_milk_nyc_schools_say_theyre/,2026-01-17T14:34:53,comment,https://reddit.com/r/nyc/comments/1qfcyba/as_trump_pushes_whole_milk_nyc_schools_say_theyre/,t3_1qfcyba,o03zqt5,negative,0.0190914031118154,negative,0.0190914031118154,0.5859,positive,False
reddit,whole milk school,Pizza and Chocolate milk school lunch set us up for our healthy later years.. The reduced fat of the milk balanced out the fake ingredients of the pizza,Pizza and Chocolate milk school lunch set us up for our healthy later years.,FuckImOld,https://reddit.com/r/FuckImOld/comments/1isdzcj/pizza_and_chocolate_milk_school_lunch_set_us_up/,2025-02-18T14:32:10,post,,t3_1isdzcj,,positive,0.723590612411499,positive,0.723590612411499,-0.1027,negative,False
reddit_comment,whole milk school,That pizza...is the reason I buy Totino's Pizzas to this day. Nostalgia.,,FuckImOld,https://reddit.com/r/FuckImOld/comments/1isdzcj/pizza_and_chocolate_milk_school_lunch_set_us_up/,2025-02-18T16:10:01,comment,https://reddit.com/r/FuckImOld/comments/1isdzcj/pizza_and_chocolate_milk_school_lunch_set_us_up/,t3_1isdzcj,mdg5wb4,positive,0.9615300297737122,positive,0.9615300297737122,0.0,neutral,False
reddit_comment,whole milk school,If you search school lunch pizza recipe there is a guy who is recreating it from the USDA and FNS original recipes. He even makes the recipes smaller so you don't have to make rectangle pizzas for 900 snot nosed 80s kids!,,FuckImOld,https://reddit.com/r/FuckImOld/comments/1isdzcj/pizza_and_chocolate_milk_school_lunch_set_us_up/,2025-02-18T14:39:58,comment,https://reddit.com/r/FuckImOld/comments/1isdzcj/pizza_and_chocolate_milk_school_lunch_set_us_up/,t3_1isdzcj,mdfo656,positive,0.5324046611785889,positive,0.5324046611785889,0.3802,positive,True
reddit_comment,whole milk school,"That was a rough combo to have before P.E., especially if it was a day when you had to run the mile.",,FuckImOld,https://reddit.com/r/FuckImOld/comments/1isdzcj/pizza_and_chocolate_milk_school_lunch_set_us_up/,2025-02-18T14:50:00,comment,https://reddit.com/r/FuckImOld/comments/1isdzcj/pizza_and_chocolate_milk_school_lunch_set_us_up/,t3_1isdzcj,mdfq07c,negative,0.0165499113500118,negative,0.0165499113500118,0.0,neutral,False
reddit_comment,whole milk school,"Pizza, corn niblets, and chocolate milk!!",,FuckImOld,https://reddit.com/r/FuckImOld/comments/1isdzcj/pizza_and_chocolate_milk_school_lunch_set_us_up/,2025-02-18T18:56:24,comment,https://reddit.com/r/FuckImOld/comments/1isdzcj/pizza_and_chocolate_milk_school_lunch_set_us_up/,t3_1isdzcj,mdh5mj9,positive,0.7510595321655273,positive,0.7510595321655273,0.0,neutral,False
reddit_comment,whole milk school,At least the chocolate milk was reduced fat?,,FuckImOld,https://reddit.com/r/FuckImOld/comments/1isdzcj/pizza_and_chocolate_milk_school_lunch_set_us_up/,2025-02-18T16:33:25,comment,https://reddit.com/r/FuckImOld/comments/1isdzcj/pizza_and_chocolate_milk_school_lunch_set_us_up/,t3_1isdzcj,mdgarmt,neutral,0.1747478693723678,neutral,0.1747478693723678,0.0,neutral,True
reddit_comment,whole milk school,Loved pizza and fries day.,,FuckImOld,https://reddit.com/r/FuckImOld/comments/1isdzcj/pizza_and_chocolate_milk_school_lunch_set_us_up/,2025-02-18T17:23:17,comment,https://reddit.com/r/FuckImOld/comments/1isdzcj/pizza_and_chocolate_milk_school_lunch_set_us_up/,t3_1isdzcj,mdglej9,positive,0.9873709678649902,positive,0.9873709678649902,0.5994,positive,True
reddit_comment,whole milk school,"Yes. I wasn't fat in school, but I ended up needing a gastric bypass later in life.",,FuckImOld,https://reddit.com/r/FuckImOld/comments/1isdzcj/pizza_and_chocolate_milk_school_lunch_set_us_up/,2025-02-18T18:48:29,comment,https://reddit.com/r/FuckImOld/comments/1isdzcj/pizza_and_chocolate_milk_school_lunch_set_us_up/,t3_1isdzcj,mdh3vt5,neutral,0.0725364685058593,neutral,0.0725364685058593,0.2144,positive,False
reddit_comment,whole milk school,They was our Friday’s school lunch. Never forgot my money then!,,FuckImOld,https://reddit.com/r/FuckImOld/comments/1isdzcj/pizza_and_chocolate_milk_school_lunch_set_us_up/,2025-02-18T18:52:53,comment,https://reddit.com/r/FuckImOld/comments/1isdzcj/pizza_and_chocolate_milk_school_lunch_set_us_up/,t3_1isdzcj,mdh4ur4,positive,0.6708574891090393,positive,0.6708574891090393,0.0,neutral,False
reddit_comment,whole milk school,Loved those rectangular pizzas!!,,FuckImOld,https://reddit.com/r/FuckImOld/comments/1isdzcj/pizza_and_chocolate_milk_school_lunch_set_us_up/,2025-02-18T19:18:31,comment,https://reddit.com/r/FuckImOld/comments/1isdzcj/pizza_and_chocolate_milk_school_lunch_set_us_up/,t3_1isdzcj,mdhagf5,positive,0.983331561088562,positive,0.983331561088562,0.6688,positive,True
reddit,whole milk school,PA congressman brings whole milk back to schools to prop up dairy industry,PA congressman brings whole milk back to schools to prop up dairy industry,Pennsylvania,https://reddit.com/r/Pennsylvania/comments/1ppql96/pa_congressman_brings_whole_milk_back_to_schools/,2025-12-18T13:18:14,post,,t3_1ppql96,,neutral,0.1070102900266647,neutral,0.1070102900266647,0.0,neutral,True
reddit_comment,whole milk school,"I like how the entire ecomony is basically all subsidies and borderline planned, yet these same people get their panties in a giant knot at the mere suggestion of universal healthcare, education, tranist investment, etc",,Pennsylvania,https://reddit.com/r/Pennsylvania/comments/1ppql96/pa_congressman_brings_whole_milk_back_to_schools/,2025-12-18T13:33:00,comment,https://reddit.com/r/Pennsylvania/comments/1ppql96/pa_congressman_brings_whole_milk_back_to_schools/,t3_1ppql96,nuol7d5,negative,0.0542147196829319,negative,0.0542147196829319,0.3612,positive,False
reddit_comment,whole milk school,The children yearn for the milks.,,Pennsylvania,https://reddit.com/r/Pennsylvania/comments/1ppql96/pa_congressman_brings_whole_milk_back_to_schools/,2025-12-18T13:27:02,comment,https://reddit.com/r/Pennsylvania/comments/1ppql96/pa_congressman_brings_whole_milk_back_to_schools/,t3_1ppql96,nuok9aa,neutral,0.0588146597146987,neutral,0.0588146597146987,0.0,neutral,True
reddit_comment,whole milk school,"What pisses me off is the flavored milks, they have as much sugar as soda.",,Pennsylvania,https://reddit.com/r/Pennsylvania/comments/1ppql96/pa_congressman_brings_whole_milk_back_to_schools/,2025-12-18T13:28:26,comment,https://reddit.com/r/Pennsylvania/comments/1ppql96/pa_congressman_brings_whole_milk_back_to_schools/,t3_1ppql96,nuokh6f,negative,0.0067673893645405,negative,0.0067673893645405,-0.34,negative,True
reddit_comment,whole milk school,rugged individualism is for the working class and planned economies are for the donor class,,Pennsylvania,https://reddit.com/r/Pennsylvania/comments/1ppql96/pa_congressman_brings_whole_milk_back_to_schools/,2025-12-18T14:30:50,comment,https://reddit.com/r/Pennsylvania/comments/1ppql96/pa_congressman_brings_whole_milk_back_to_schools/,t3_1ppql96,nuouyqd,neutral,0.0419820360839366,neutral,0.0419820360839366,0.0,neutral,True
reddit_comment,whole milk school,As long as it's not raw milk.. kids hate fat-free milk,,Pennsylvania,https://reddit.com/r/Pennsylvania/comments/1ppql96/pa_congressman_brings_whole_milk_back_to_schools/,2025-12-18T13:28:14,comment,https://reddit.com/r/Pennsylvania/comments/1ppql96/pa_congressman_brings_whole_milk_back_to_schools/,t3_1ppql96,nuokg1u,negative,0.0224883574992418,negative,0.0224883574992418,-0.5719,negative,True
reddit_comment,whole milk school,I thought we were supposed to let the free market decide which businesses win?,,Pennsylvania,https://reddit.com/r/Pennsylvania/comments/1ppql96/pa_congressman_brings_whole_milk_back_to_schools/,2025-12-18T15:32:41,comment,https://reddit.com/r/Pennsylvania/comments/1ppql96/pa_congressman_brings_whole_milk_back_to_schools/,t3_1ppql96,nup67gm,neutral,0.0613216608762741,neutral,0.0613216608762741,0.7964,positive,False
reddit_comment,whole milk school,"surprised that it wasnt RAW milk, because that pic has alot of RFK energy",,Pennsylvania,https://reddit.com/r/Pennsylvania/comments/1ppql96/pa_congressman_brings_whole_milk_back_to_schools/,2025-12-18T19:40:30,comment,https://reddit.com/r/Pennsylvania/comments/1ppql96/pa_congressman_brings_whole_milk_back_to_schools/,t3_1ppql96,nuqiwg9,negative,0.0511489361524581,negative,0.0511489361524581,0.4588,positive,False
reddit_comment,whole milk school,Whole milk was removed from schools? Weird,,Pennsylvania,https://reddit.com/r/Pennsylvania/comments/1ppql96/pa_congressman_brings_whole_milk_back_to_schools/,2025-12-18T13:42:30,comment,https://reddit.com/r/Pennsylvania/comments/1ppql96/pa_congressman_brings_whole_milk_back_to_schools/,t3_1ppql96,nuomqvb,negative,0.0173477679491043,negative,0.0173477679491043,-0.1779,negative,True
reddit_comment,whole milk school,When you realize that the only reason politicians got behind any program to provide any food at all in school was to provide a subsidy to the ag industry...,,Pennsylvania,https://reddit.com/r/Pennsylvania/comments/1ppql96/pa_congressman_brings_whole_milk_back_to_schools/,2025-12-18T18:44:15,comment,https://reddit.com/r/Pennsylvania/comments/1ppql96/pa_congressman_brings_whole_milk_back_to_schools/,t3_1ppql96,nuq7n8c,negative,0.0187657158821821,negative,0.0187657158821821,0.0,neutral,False
reddit_comment,whole milk school,Honestly surprised at how many folks have such vehement opinions against whole milk with the down voting here. I know it's Reddit but choice of milk seems like a non-issue compared to the headline of propping up the dairy industry. Shouldn't that be the topic of discussion?,,Pennsylvania,https://reddit.com/r/Pennsylvania/comments/1ppql96/pa_congressman_brings_whole_milk_back_to_schools/,2025-12-18T18:07:16,comment,https://reddit.com/r/Pennsylvania/comments/1ppql96/pa_congressman_brings_whole_milk_back_to_schools/,t3_1ppql96,nuq0bbu,negative,0.0151772713288664,negative,0.0151772713288664,0.6908,positive,False
reddit,whole milk school,What do you think of Trump's bill allowing whole milk back into schools? Why?. Article: [ Clip of it: [ The bill: [,What do you think of Trump's bill allowing whole milk back into schools? Why?,allthequestions,https://reddit.com/r/allthequestions/comments/1qd6fg9/what_do_you_think_of_trumps_bill_allowing_whole/,2026-01-15T01:51:07,post,,t3_1qd6fg9,,neutral,0.0143282683566212,neutral,0.0143282683566212,0.0,neutral,True
reddit_comment,whole milk school,Was whole milk not allowed in schools?,,allthequestions,https://reddit.com/r/allthequestions/comments/1qd6fg9/what_do_you_think_of_trumps_bill_allowing_whole/,2026-01-15T01:52:57,comment,https://reddit.com/r/allthequestions/comments/1qd6fg9/what_do_you_think_of_trumps_bill_allowing_whole/,t3_1qd6fg9,nznjpzc,neutral,0.0178724434226751,neutral,0.0178724434226751,0.0,neutral,True
reddit_comment,whole milk school,"Of all the problems in the world, this isn’t even on my radar.",,allthequestions,https://reddit.com/r/allthequestions/comments/1qd6fg9/what_do_you_think_of_trumps_bill_allowing_whole/,2026-01-15T02:07:32,comment,https://reddit.com/r/allthequestions/comments/1qd6fg9/what_do_you_think_of_trumps_bill_allowing_whole/,t3_1qd6fg9,nznm9dg,negative,0.0081305038183927,negative,0.0081305038183927,-0.4019,negative,True
reddit_comment,whole milk school,I’m old enough to remember when Republicans had an absolute shit fit because Michelle Obama told kids to eat vegetables. None of this is serious.,,allthequestions,https://reddit.com/r/allthequestions/comments/1qd6fg9/what_do_you_think_of_trumps_bill_allowing_whole/,2026-01-15T02:40:06,comment,https://reddit.com/r/allthequestions/comments/1qd6fg9/what_do_you_think_of_trumps_bill_allowing_whole/,t3_1qd6fg9,nznruga,negative,0.0136766079813241,negative,0.0136766079813241,-0.34,negative,True
reddit_comment,whole milk school,OMG HES TACKLING THE HARD HITTING ISSUES!!,,allthequestions,https://reddit.com/r/allthequestions/comments/1qd6fg9/what_do_you_think_of_trumps_bill_allowing_whole/,2026-01-15T02:02:05,comment,https://reddit.com/r/allthequestions/comments/1qd6fg9/what_do_you_think_of_trumps_bill_allowing_whole/,t3_1qd6fg9,nznlbh3,positive,0.7871745824813843,positive,0.7871745824813843,-0.2462,negative,False
reddit_comment,whole milk school,I'm confused- what does this have to do with the epstein list?,,allthequestions,https://reddit.com/r/allthequestions/comments/1qd6fg9/what_do_you_think_of_trumps_bill_allowing_whole/,2026-01-15T02:02:36,comment,https://reddit.com/r/allthequestions/comments/1qd6fg9/what_do_you_think_of_trumps_bill_allowing_whole/,t3_1qd6fg9,nznlept,neutral,0.0105140293017029,neutral,0.0105140293017029,-0.3182,negative,False
reddit_comment,whole milk school,"I think it's fine, but that Trump has basically fuckall to do with it.",,allthequestions,https://reddit.com/r/allthequestions/comments/1qd6fg9/what_do_you_think_of_trumps_bill_allowing_whole/,2026-01-15T02:07:48,comment,https://reddit.com/r/allthequestions/comments/1qd6fg9/what_do_you_think_of_trumps_bill_allowing_whole/,t3_1qd6fg9,nznmb1d,negative,0.0137518821284174,negative,0.0137518821284174,0.1027,positive,False
reddit_comment,whole milk school,![gif](giphy|7U7oEJkAiP5Xq),,allthequestions,https://reddit.com/r/allthequestions/comments/1qd6fg9/what_do_you_think_of_trumps_bill_allowing_whole/,2026-01-15T02:12:49,comment,https://reddit.com/r/allthequestions/comments/1qd6fg9/what_do_you_think_of_trumps_bill_allowing_whole/,t3_1qd6fg9,nznn6bo,neutral,0.1750391870737075,neutral,0.1750391870737075,0.0,neutral,True
reddit_comment,whole milk school,Should be up to each school district what to allow and what not to allow. I don't care for top down decision making on minutia type issues like this,,allthequestions,https://reddit.com/r/allthequestions/comments/1qd6fg9/what_do_you_think_of_trumps_bill_allowing_whole/,2026-01-15T02:20:47,comment,https://reddit.com/r/allthequestions/comments/1qd6fg9/what_do_you_think_of_trumps_bill_allowing_whole/,t3_1qd6fg9,nznojoz,negative,0.0138156795874238,negative,0.0138156795874238,-0.1245,negative,True
reddit_comment,whole milk school,I'm cool with it but it didn't deserve the freakin fanfare it got. Slow day for press conferences i guess.,,allthequestions,https://reddit.com/r/allthequestions/comments/1qd6fg9/what_do_you_think_of_trumps_bill_allowing_whole/,2026-01-15T02:23:48,comment,https://reddit.com/r/allthequestions/comments/1qd6fg9/what_do_you_think_of_trumps_bill_allowing_whole/,t3_1qd6fg9,nznp2b3,negative,0.0130309723317623,negative,0.0130309723317623,0.1655,positive,False
reddit,whole milk school,"Trump to tear up Obama-era school lunch rules blocking whole, 2% milk","Trump to tear up Obama-era school lunch rules blocking whole, 2% milk",Conservative,https://reddit.com/r/Conservative/comments/1qcy36s/trump_to_tear_up_obamaera_school_lunch_rules/,2026-01-14T20:15:16,post,,t3_1qcy36s,,negative,0.0163425877690315,negative,0.0163425877690315,-0.3818,negative,True
reddit_comment,whole milk school,![gif](giphy|9J1NZoqX7qvIs),,Conservative,https://reddit.com/r/Conservative/comments/1qcy36s/trump_to_tear_up_obamaera_school_lunch_rules/,2026-01-14T21:40:26,comment,https://reddit.com/r/Conservative/comments/1qcy36s/trump_to_tear_up_obamaera_school_lunch_rules/,t3_1qcy36s,nzm7ih1,neutral,0.1868648678064346,neutral,0.1868648678064346,0.0,neutral,True
reddit_comment,whole milk school,The irony is the Milk Fat helps the body properly absorb the nutrients in the milk. Also funny they are so worried about children not having food/nourishment but forcibly lower the calories in their school meal by up to 72 calories.,,Conservative,https://reddit.com/r/Conservative/comments/1qcy36s/trump_to_tear_up_obamaera_school_lunch_rules/,2026-01-15T04:20:24,comment,https://reddit.com/r/Conservative/comments/1qcy36s/trump_to_tear_up_obamaera_school_lunch_rules/,t3_1qcy36s,nzo80fb,negative,0.05265449360013,negative,0.05265449360013,-0.2693,negative,True
reddit_comment,whole milk school,"Giving kids watered down milk, terrible.",,Conservative,https://reddit.com/r/Conservative/comments/1qcy36s/trump_to_tear_up_obamaera_school_lunch_rules/,2026-01-14T20:26:30,comment,https://reddit.com/r/Conservative/comments/1qcy36s/trump_to_tear_up_obamaera_school_lunch_rules/,t3_1qcy36s,nzlr6yt,negative,0.0072850212454795,negative,0.0072850212454795,-0.1779,negative,True
reddit_comment,whole milk school,"People, especially children NEED FAT FOR BRAIN BUILDING. Fat has been demonized for far too long.",,Conservative,https://reddit.com/r/Conservative/comments/1qcy36s/trump_to_tear_up_obamaera_school_lunch_rules/,2026-01-15T03:39:12,comment,https://reddit.com/r/Conservative/comments/1qcy36s/trump_to_tear_up_obamaera_school_lunch_rules/,t3_1qcy36s,nzo1o30,negative,0.0248485580086708,negative,0.0248485580086708,0.0,neutral,False
reddit_comment,whole milk school,The Michelle Obama school lunch rules absolutely ruined all school lunches across the nation. I dunno if they were badly written or badly interpreted but man it made stuff suck. We switched to packing lunches for the kids because the offerings at school were so terrible.,,Conservative,https://reddit.com/r/Conservative/comments/1qcy36s/trump_to_tear_up_obamaera_school_lunch_rules/,2026-01-14T20:48:59,comment,https://reddit.com/r/Conservative/comments/1qcy36s/trump_to_tear_up_obamaera_school_lunch_rules/,t3_1qcy36s,nzlw37d,negative,0.0056404424831271,negative,0.0056404424831271,-0.9396,negative,True
reddit_comment,whole milk school,"Is this really just about kids having access to good milk, or is the dairy lobby in somebody's ear? There has been a lot of chatter about milk lately",,Conservative,https://reddit.com/r/Conservative/comments/1qcy36s/trump_to_tear_up_obamaera_school_lunch_rules/,2026-01-15T00:59:57,comment,https://reddit.com/r/Conservative/comments/1qcy36s/trump_to_tear_up_obamaera_school_lunch_rules/,t3_1qcy36s,nznaick,neutral,0.0964419096708297,neutral,0.0964419096708297,0.4588,positive,False
reddit_comment,whole milk school,Thank God. When Obama came into office I was in HS and the food went to literal shit. Pizza went from bad to cardboard garbage everyone just covered in ranch to make edible.,,Conservative,https://reddit.com/r/Conservative/comments/1qcy36s/trump_to_tear_up_obamaera_school_lunch_rules/,2026-01-14T21:05:50,comment,https://reddit.com/r/Conservative/comments/1qcy36s/trump_to_tear_up_obamaera_school_lunch_rules/,t3_1qcy36s,nzlztep,negative,0.0313600786030292,negative,0.0313600786030292,-0.5423,negative,True
reddit_comment,whole milk school,Can't wait to see liberals hate on this while also saying foodstamps should cover Little Debbie's.,,Conservative,https://reddit.com/r/Conservative/comments/1qcy36s/trump_to_tear_up_obamaera_school_lunch_rules/,2026-01-15T05:52:02,comment,https://reddit.com/r/Conservative/comments/1qcy36s/trump_to_tear_up_obamaera_school_lunch_rules/,t3_1qcy36s,nzoko0d,negative,0.0205032564699649,negative,0.0205032564699649,-0.5719,negative,True
reddit_comment,whole milk school,"The headline and the article are pushing a lie. I looked up the act. The **Whole Milk for Healthy Kids Act** was signed into law on **January 14, 2026**, by President Trump, ***restoring*** **whole and 2% milk options** to U.S. school cafeterias for the first time in over a decade. The law revises USDA requirements under the National School Lunch Program, allowing schools to serve **whole, reduced-fat (2%), low-fat (1%), and fat-free milk**, both flavored and unflavored.",,Conservative,https://reddit.com/r/Conservative/comments/1qcy36s/trump_to_tear_up_obamaera_school_lunch_rules/,2026-01-14T22:46:40,comment,https://reddit.com/r/Conservative/comments/1qcy36s/trump_to_tear_up_obamaera_school_lunch_rules/,t3_1qcy36s,nzmlmug,neutral,0.0826266780495643,neutral,0.0826266780495643,0.5994,positive,False
reddit,whole milk school,"Dairy industry sponsored legislation wants an exemption to saturated fat guidelines so schools can offer whole milk in school lunches again. Decades of research show that saturated fat is linked with heart disease and cancer. This bill has already passed the US House, tell your Senators to vote no!","Dairy industry sponsored legislation wants an exemption to saturated fat guidelines so schools can offer whole milk in school lunches again. Decades of research show that saturated fat is linked with heart disease and cancer. This bill has already passed the US House, tell your Senators to vote no!",vegan,https://reddit.com/r/vegan/comments/1g8p90n/dairy_industry_sponsored_legislation_wants_an/,2024-10-21T13:07:14,post,,t3_1g8p90n,,negative,0.0316866785287857,negative,0.0316866785287857,-0.126,negative,True
reddit_comment,whole milk school,"The US dairy industry is, once again, preying on children with their deceptively titled ""Whole Milk for Healthy Kids"" Act. They see the writing on the wall and the popularity of plantbased milks encroaching on their market share, so what do they do? **Think of the children!** Most disturbingly, this bill would set a dangerous precedent of allowing Congress to carve out special exemptions – at the behest of the dairy industry and others – to school nutrition standards, circumventing the recommendations from the Dietary Guidelines for Americans (DGA). If this passes, expect the rest of the food industry to jump on board. Maybe Coca Cola should carve out an exemption for sugar and offer Coke to kids for lunch? PCRM has a form to tell your Senators to vote down this blatant money grab by the dairy industry:",,vegan,https://reddit.com/r/vegan/comments/1g8p90n/dairy_industry_sponsored_legislation_wants_an/,2024-10-21T13:13:02,comment,https://reddit.com/r/vegan/comments/1g8p90n/dairy_industry_sponsored_legislation_wants_an/,t3_1g8p90n,lt016nc,negative,0.0171071011573076,negative,0.0171071011573076,0.566,positive,False
reddit_comment,whole milk school,If your senator is a republican you probably have “lobby” or “donate” a few million for them to consider voting no,,vegan,https://reddit.com/r/vegan/comments/1g8p90n/dairy_industry_sponsored_legislation_wants_an/,2024-10-21T15:10:09,comment,https://reddit.com/r/vegan/comments/1g8p90n/dairy_industry_sponsored_legislation_wants_an/,t3_1g8p90n,lt0lfs4,negative,0.0244435183703899,negative,0.0244435183703899,-0.296,negative,True
reddit_comment,whole milk school,This is why it's SO IMPORTANT to elect generally more pro-science DEMOCRATS for every level of government! Edit: to be clear: Democratic yeas: 112 Republican yeas: 218 Democratic nays: 98 Republican nays: LITERALLY JUST ONE LOL [ The parties are NOT the same!,,vegan,https://reddit.com/r/vegan/comments/1g8p90n/dairy_industry_sponsored_legislation_wants_an/,2024-10-21T13:34:33,comment,https://reddit.com/r/vegan/comments/1g8p90n/dairy_industry_sponsored_legislation_wants_an/,t3_1g8p90n,lt04l50,neutral,0.3766147792339325,neutral,0.3766147792339325,0.9276,positive,False
reddit_comment,whole milk school,The milk guzzling trolls really flocked to this post.,,vegan,https://reddit.com/r/vegan/comments/1g8p90n/dairy_industry_sponsored_legislation_wants_an/,2024-10-21T16:10:05,comment,https://reddit.com/r/vegan/comments/1g8p90n/dairy_industry_sponsored_legislation_wants_an/,t3_1g8p90n,lt0wszv,negative,0.0157292913645505,negative,0.0157292913645505,0.0,neutral,False
reddit_comment,whole milk school,"I honestly don't see the point in this petition. Whole milk is not worse for children than skim milk is. The real change would be to stop pushing dairy milk on schools, and instead encourage schools to serve non-dairy milk or other healthy beverages. Currently, my child's school serves lowfat (1%) milk at every meal. It's a complete travesty because most of the kids dislike it and won't drink it, so they just throw it in the trash. They don't have the option not to take it; if they get school lunch, they HAVE to take the milk too. My heart sinks every time I see the waste, with so much unseen suffering behind it. Whole milk might actually be an improvement, because it tastes better, so kids might be more willing to drink it. I'm not trying to promote more dairy milk consumption (quite the opposite), but if the schools are going to purchase milk no matter what, then it at least ought to get used instead of being thrown in the garbage. Quite a discouraging state of affairs all around!",,vegan,https://reddit.com/r/vegan/comments/1g8p90n/dairy_industry_sponsored_legislation_wants_an/,2024-10-22T06:58:31,comment,https://reddit.com/r/vegan/comments/1g8p90n/dairy_industry_sponsored_legislation_wants_an/,t3_1g8p90n,lt4xctz,negative,0.0150110702961683,negative,0.0150110702961683,-0.4152,negative,True
reddit_comment,whole milk school,"Who cares. Switching between whole vs. skim does not save animals. Skim milk causes a bigger spike in blood sugar, I think. Whole milk has more fat. Again, who cares. Wasting time on stuff that doesn't even matter just contributes to the stereotype of veganism as fake prissy virtue-signalling in any political group, there's only so much action and organizing that can get done. if every vegan action was spent on initiatives as impactful as this, then vegans would have 0 political power invested in helping animals",,vegan,https://reddit.com/r/vegan/comments/1g8p90n/dairy_industry_sponsored_legislation_wants_an/,2024-10-22T00:10:45,comment,https://reddit.com/r/vegan/comments/1g8p90n/dairy_industry_sponsored_legislation_wants_an/,t3_1g8p90n,lt3f3fo,negative,0.0110305789858102,negative,0.0110305789858102,-0.3822,negative,True
reddit_comment,whole milk school,"Im sure ill get down voted for this, but there is actually research that not all saturated fats are created equal, and there is proof that if youre going to drink cow dairy, that whole milk is actually better than other (skim, 2%, etc) options. HOWEVER i am against this on principle as no one needs cow milk to survive, and humans were not originally meant to drink cow milk in the first place which is why so many are lactose intolerant. regardless a study was also done comparing childhood development in iceland, being raised on plant vs animal milk and there were no developmental differences found. You dont need animal derived milk for health reasons. Would love to see legislation supporting plant milk options instead. The only hard part is while soy carries comparable nutrition, some people hold dumb stigmas against it, and you have to get around allergies with others. Would be shocked if we saw a change at the national level in our lifetime.",,vegan,https://reddit.com/r/vegan/comments/1g8p90n/dairy_industry_sponsored_legislation_wants_an/,2024-10-22T12:03:48,comment,https://reddit.com/r/vegan/comments/1g8p90n/dairy_industry_sponsored_legislation_wants_an/,t3_1g8p90n,lt5qzl6,neutral,0.1251122504472732,neutral,0.1251122504472732,0.4854,positive,False
reddit_comment,whole milk school,Like my senators in red Floriduh would care about animals or health. 😡,,vegan,https://reddit.com/r/vegan/comments/1g8p90n/dairy_industry_sponsored_legislation_wants_an/,2024-10-23T18:26:18,comment,https://reddit.com/r/vegan/comments/1g8p90n/dairy_industry_sponsored_legislation_wants_an/,t3_1g8p90n,ltdscxx,negative,0.0091814240440726,negative,0.0091814240440726,0.6908,positive,False
reddit_comment,whole milk school,Decades of research absolutely do not show causation of any negative outcomes from saturated fat. Please share even one study able to show causation.,,vegan,https://reddit.com/r/vegan/comments/1g8p90n/dairy_industry_sponsored_legislation_wants_an/,2024-10-22T02:06:07,comment,https://reddit.com/r/vegan/comments/1g8p90n/dairy_industry_sponsored_legislation_wants_an/,t3_1g8p90n,lt3xubb,negative,0.0187155362218618,negative,0.0187155362218618,-0.0516,negative,True
reddit_comment,whole milk school,Decades of “research” showing NO CAUSAL LINK despite decades of controlled experiments including one of the largest controlled food studies ever conducted. It’s all associational evidence. The reason it shouldn’t be in school lunches has more to do with an obesity epidemic that is still raging. They’re children and (usually) have very little understanding of nutrition. It’s too subtle to be a good learning opportunity for making healthy choices too. I also don’t really think this is a vegan issue- skim vs whole milk doesn’t make much a difference to the cows.,,vegan,https://reddit.com/r/vegan/comments/1g8p90n/dairy_industry_sponsored_legislation_wants_an/,2024-10-22T03:40:19,comment,https://reddit.com/r/vegan/comments/1g8p90n/dairy_industry_sponsored_legislation_wants_an/,t3_1g8p90n,lt4c0yj,negative,0.0182606074959039,negative,0.0182606074959039,0.2656,positive,False
reddit,whole milk school,Thoughts on Trump signing a bill allowing whole milk back into schools? Why your thoughts?. Article: [ Clip of it: [ The bill: [,Thoughts on Trump signing a bill allowing whole milk back into schools? Why your thoughts?,AskTeachers,https://reddit.com/r/AskTeachers/comments/1qd6gl7/thoughts_on_trump_signing_a_bill_allowing_whole/,2026-01-15T01:52:35,post,,t3_1qd6gl7,,neutral,0.0233283340930938,neutral,0.0233283340930938,0.0,neutral,True
reddit_comment,whole milk school,I'm not sure what the issue is.,,AskTeachers,https://reddit.com/r/AskTeachers/comments/1qd6gl7/thoughts_on_trump_signing_a_bill_allowing_whole/,2026-01-15T01:56:12,comment,https://reddit.com/r/AskTeachers/comments/1qd6gl7/thoughts_on_trump_signing_a_bill_allowing_whole/,t3_1qd6gl7,nznkah0,neutral,0.0202957335859537,neutral,0.0202957335859537,-0.2411,negative,False
reddit_comment,whole milk school,"I don't think that this should come from the president, but I do think that the AAP has dropped the ball on this. It is now felt that full fat dairy is a more appropriate food, in limited amounts, because the fat in it satisfies the appetite, leading to less carb consumption, and possibly fewer calories consumed overall. Seems to me that the school should offer it. I would, however, ban sweetened beverages.",,AskTeachers,https://reddit.com/r/AskTeachers/comments/1qd6gl7/thoughts_on_trump_signing_a_bill_allowing_whole/,2026-01-15T01:56:05,comment,https://reddit.com/r/AskTeachers/comments/1qd6gl7/thoughts_on_trump_signing_a_bill_allowing_whole/,t3_1qd6gl7,nznk9qx,neutral,0.0368394665420055,neutral,0.0368394665420055,-0.5499,negative,False
reddit_comment,whole milk school,My thoughts are release the Epstein Files.,,AskTeachers,https://reddit.com/r/AskTeachers/comments/1qd6gl7/thoughts_on_trump_signing_a_bill_allowing_whole/,2026-01-15T01:54:25,comment,https://reddit.com/r/AskTeachers/comments/1qd6gl7/thoughts_on_trump_signing_a_bill_allowing_whole/,t3_1qd6gl7,nznjz74,neutral,0.0300750415772199,neutral,0.0300750415772199,0.0,neutral,True
reddit_comment,whole milk school,"Of all the many things going on with the government right now, this may be the thing I care about the least.",,AskTeachers,https://reddit.com/r/AskTeachers/comments/1qd6gl7/thoughts_on_trump_signing_a_bill_allowing_whole/,2026-01-15T02:56:29,comment,https://reddit.com/r/AskTeachers/comments/1qd6gl7/thoughts_on_trump_signing_a_bill_allowing_whole/,t3_1qd6gl7,nznunkc,negative,0.0269825551658868,negative,0.0269825551658868,0.4939,positive,False
reddit_comment,whole milk school,"He’s about to literally start WWIII with this Greenland obsession, so this is honestly fine.",,AskTeachers,https://reddit.com/r/AskTeachers/comments/1qd6gl7/thoughts_on_trump_signing_a_bill_allowing_whole/,2026-01-15T02:28:33,comment,https://reddit.com/r/AskTeachers/comments/1qd6gl7/thoughts_on_trump_signing_a_bill_allowing_whole/,t3_1qd6gl7,nznpv7f,negative,0.0589923933148384,negative,0.0589923933148384,0.3947,positive,False
reddit_comment,whole milk school,They serve worse things at school.,,AskTeachers,https://reddit.com/r/AskTeachers/comments/1qd6gl7/thoughts_on_trump_signing_a_bill_allowing_whole/,2026-01-15T01:54:35,comment,https://reddit.com/r/AskTeachers/comments/1qd6gl7/thoughts_on_trump_signing_a_bill_allowing_whole/,t3_1qd6gl7,nznk09q,negative,0.0074928035028278,negative,0.0074928035028278,-0.4767,negative,True
reddit_comment,whole milk school,"I don't give a shit. We are descending into fascism. Our school lunches are just about the least of my worries. Stephen miller just made an announcement essentially encouraging ICE to use lethal means to ""get the job done"". I give absolutely zero fucks about milk",,AskTeachers,https://reddit.com/r/AskTeachers/comments/1qd6gl7/thoughts_on_trump_signing_a_bill_allowing_whole/,2026-01-15T02:00:21,comment,https://reddit.com/r/AskTeachers/comments/1qd6gl7/thoughts_on_trump_signing_a_bill_allowing_whole/,t3_1qd6gl7,nznl0ks,negative,0.0069156577810645,negative,0.0069156577810645,0.0376,neutral,False
reddit_comment,whole milk school,He’s starting a civil war in Minnesota. Do we even have time or bandwidth to debate whole vs skim vs reduced fat milk?,,AskTeachers,https://reddit.com/r/AskTeachers/comments/1qd6gl7/thoughts_on_trump_signing_a_bill_allowing_whole/,2026-01-15T01:56:34,comment,https://reddit.com/r/AskTeachers/comments/1qd6gl7/thoughts_on_trump_signing_a_bill_allowing_whole/,t3_1qd6gl7,nznkcr9,negative,0.0071864961646497,negative,0.0071864961646497,-0.5994,negative,True
reddit_comment,whole milk school,"I d0on't think the Dairy Industry should be influencing government dietary guidelines and/or pushing their product on school kids. Their $$$ is the only reason Trump is doing milk promotion. 36% of the general population in the US is lactose intolerant. If you're black, it's 80%. It's 90% for those of Asian descent. Let's give a whole school full of kids a product that might give some of them gas &amp; bathroom problems. Is cows milk the most important thing the federal government should focus on to improve American schools? Really?",,AskTeachers,https://reddit.com/r/AskTeachers/comments/1qd6gl7/thoughts_on_trump_signing_a_bill_allowing_whole/,2026-01-15T03:22:56,comment,https://reddit.com/r/AskTeachers/comments/1qd6gl7/thoughts_on_trump_signing_a_bill_allowing_whole/,t3_1qd6gl7,nznz1b7,negative,0.0182783156633377,negative,0.0182783156633377,0.3925,positive,False
reddit_comment,whole milk school,"As a dual U.S./EU citizen, I am more concerned about U.S. possibly invading Greenland. I am also concerned about him banning immigration from like half the world.",,AskTeachers,https://reddit.com/r/AskTeachers/comments/1qd6gl7/thoughts_on_trump_signing_a_bill_allowing_whole/,2026-01-15T03:37:54,comment,https://reddit.com/r/AskTeachers/comments/1qd6gl7/thoughts_on_trump_signing_a_bill_allowing_whole/,t3_1qd6gl7,nzo1gkp,negative,0.0143029391765594,negative,0.0143029391765594,0.3612,positive,False
reddit,whole milk school,Trump signs a law returning whole milk to school lunches,Trump signs a law returning whole milk to school lunches,NewsWorthPayingFor,https://reddit.com/r/NewsWorthPayingFor/comments/1qdpwyk/trump_signs_a_law_returning_whole_milk_to_school/,2026-01-15T17:31:30,post,,t3_1qdpwyk,,neutral,0.086543820798397,neutral,0.086543820798397,0.0,neutral,True
reddit_comment,whole milk school,“And here’s why it’s a bad thing”,,NewsWorthPayingFor,https://reddit.com/r/NewsWorthPayingFor/comments/1qdpwyk/trump_signs_a_law_returning_whole_milk_to_school/,2026-01-15T23:39:02,comment,https://reddit.com/r/NewsWorthPayingFor/comments/1qdpwyk/trump_signs_a_law_returning_whole_milk_to_school/,t3_1qdpwyk,nztocds,negative,0.0130978859961032,negative,0.0130978859961032,-0.5423,negative,True
reddit_comment,whole milk school,Good. Whole milk is more satiating than low fat milk.,,NewsWorthPayingFor,https://reddit.com/r/NewsWorthPayingFor/comments/1qdpwyk/trump_signs_a_law_returning_whole_milk_to_school/,2026-01-15T19:53:16,comment,https://reddit.com/r/NewsWorthPayingFor/comments/1qdpwyk/trump_signs_a_law_returning_whole_milk_to_school/,t3_1qdpwyk,nzsdghc,positive,0.7057595252990723,positive,0.7057595252990723,0.1372,positive,True
reddit_comment,whole milk school,"I prefer my Vitamin K 'Malk', thank you very much.",,NewsWorthPayingFor,https://reddit.com/r/NewsWorthPayingFor/comments/1qdpwyk/trump_signs_a_law_returning_whole_milk_to_school/,2026-01-15T17:33:12,comment,https://reddit.com/r/NewsWorthPayingFor/comments/1qdpwyk/trump_signs_a_law_returning_whole_milk_to_school/,t3_1qdpwyk,nzri8dw,positive,0.9257402420043944,positive,0.9257402420043944,0.5719,positive,True
reddit_comment,whole milk school,Democrats fuming kids are drinking real milk now instead of white water.,,NewsWorthPayingFor,https://reddit.com/r/NewsWorthPayingFor/comments/1qdpwyk/trump_signs_a_law_returning_whole_milk_to_school/,2026-01-15T20:25:45,comment,https://reddit.com/r/NewsWorthPayingFor/comments/1qdpwyk/trump_signs_a_law_returning_whole_milk_to_school/,t3_1qdpwyk,nzskgix,negative,0.0114216385409235,negative,0.0114216385409235,-0.5719,negative,True
reddit_comment,whole milk school,Rare moment of competency.,,NewsWorthPayingFor,https://reddit.com/r/NewsWorthPayingFor/comments/1qdpwyk/trump_signs_a_law_returning_whole_milk_to_school/,2026-01-15T17:36:07,comment,https://reddit.com/r/NewsWorthPayingFor/comments/1qdpwyk/trump_signs_a_law_returning_whole_milk_to_school/,t3_1qdpwyk,nzrivnb,positive,0.7160596251487732,positive,0.7160596251487732,0.0,neutral,False
reddit_comment,whole milk school,Reminds me when Michelle Obama changed the school lunch me I for the better,,NewsWorthPayingFor,https://reddit.com/r/NewsWorthPayingFor/comments/1qdpwyk/trump_signs_a_law_returning_whole_milk_to_school/,2026-01-15T17:49:49,comment,https://reddit.com/r/NewsWorthPayingFor/comments/1qdpwyk/trump_signs_a_law_returning_whole_milk_to_school/,t3_1qdpwyk,nzrlxsa,positive,0.8473176956176758,positive,0.8473176956176758,0.4404,positive,True
reddit_comment,whole milk school,"Wow that’s great, now how about those Epstein files",,NewsWorthPayingFor,https://reddit.com/r/NewsWorthPayingFor/comments/1qdpwyk/trump_signs_a_law_returning_whole_milk_to_school/,2026-01-15T20:54:56,comment,https://reddit.com/r/NewsWorthPayingFor/comments/1qdpwyk/trump_signs_a_law_returning_whole_milk_to_school/,t3_1qdpwyk,nzsqq3m,positive,0.877143383026123,positive,0.877143383026123,0.836,positive,True
reddit_comment,whole milk school,"as a non-republican, I can say I don’t mind the idea, but ultimately this is a publicity stunt that will just hurt public schools. i’ll say the same about when Michelle Obama did it. as a school district employee, i’ve seen what this actually does. Washington DC comes up with all these regulations on school lunches to “make kids healthier,” but then offers no financial compensation to make up for the total revamping of the cafeteria menu that was already created to fit EXTREME limitations. It’s impossible to meet these regulations on the current budget, so schools have to cut budget from other places (arts and SPED services mostly) to pay for the slightly healthier but still terrible lunches. School quality declines, kids meals taste worse, no one is actually better off.",,NewsWorthPayingFor,https://reddit.com/r/NewsWorthPayingFor/comments/1qdpwyk/trump_signs_a_law_returning_whole_milk_to_school/,2026-01-16T04:56:35,comment,https://reddit.com/r/NewsWorthPayingFor/comments/1qdpwyk/trump_signs_a_law_returning_whole_milk_to_school/,t3_1qdpwyk,nzv7snf,negative,0.0118162464350461,negative,0.0118162464350461,-0.9209,negative,True
reddit,whole milk school,"Is the Trump Administration wrong to be pushing whole milk?. During the MAHA press conference, USDA Sec. Brooke Rollins said that the 2025 dietary guidelines would prioritize whole milk and dairy, FDA's Marty Makary said he wanted to ""end the 50-year war on natural saturated fat"" and get whole milk back in schools and RFK Jr. said he wanted to get whole milk back into schools. But the 2025 dietary guidelines scientific report, released in December, say there's no reason to push whole milk over skim milk. Who is right? This TIME story wades into the debate: [",Is the Trump Administration wrong to be pushing whole milk?,nutrition,https://reddit.com/r/nutrition/comments/1nf5ci9/is_the_trump_administration_wrong_to_be_pushing/,2025-09-12T14:52:41,post,,t3_1nf5ci9,,neutral,0.0353928059339523,neutral,0.0353928059339523,-0.7105,negative,False
reddit_comment,whole milk school,"#### About participation in the comments of /r/nutrition Discussion in this subreddit should be rooted in science rather than ""cuz I sed"" or entertainment pieces. Always be wary of unsupported and poorly supported claims and especially those which are wrapped in any manner of hostility. You should provide peer reviewed sources to support your claims when debating and confine that debate to the science, not opinions of other people. **Good** - it is grounded in science and includes citation of peer reviewed sources. Debate is a civil and respectful exchange focusing on actual science and avoids commentary about others **Bad** - it utilizes generalizations, assumptions, infotainment sources, no sources, or complaints without specifics about agenda, bias, or funding. At best, these rise to an extremely weak basis for science based discussion. Also, off topic discussion **Ugly** - (removal or ban territory) it involves attacks / antagonism / hostility towards individuals or groups, downvote complaining, trolling, crusading, shaming, refutation of all science, or claims that all research / science is a conspiracy *Please vote accordingly and report any uglies* --- *I am a bot, and this action was performed automatically. Please [contact the moderators of this subreddit](/message/compose/?to=/r/nutrition) if you have any questions or concerns.*",,nutrition,https://reddit.com/r/nutrition/comments/1nf5ci9/is_the_trump_administration_wrong_to_be_pushing/,2025-09-12T14:52:42,comment,https://reddit.com/r/nutrition/comments/1nf5ci9/is_the_trump_administration_wrong_to_be_pushing/,t3_1nf5ci9,ndtro3b,neutral,0.0627401918172836,neutral,0.0627401918172836,-0.9504,negative,False
reddit_comment,whole milk school,"Milk and dairy policies are about keeping the farmers afloat, it has little to do with nutrition. The gov used to buy milk and cheese, now it pushes it to schools so the public pays for it; otherwise farmers go bankrupt and food supply for future years is jeopardized.",,nutrition,https://reddit.com/r/nutrition/comments/1nf5ci9/is_the_trump_administration_wrong_to_be_pushing/,2025-09-12T15:41:17,comment,https://reddit.com/r/nutrition/comments/1nf5ci9/is_the_trump_administration_wrong_to_be_pushing/,t3_1nf5ci9,ndu1zcb,negative,0.0202692691236734,negative,0.0202692691236734,-0.5574,negative,True
reddit_comment,whole milk school,"Dairy worker here. Kids want chocolate. They wont be drinking whole milk, theyll be drinking whole chocolate instead of fat free. For every carton of whole milk, i ship 10 cartons of fat free chocolate. Years ago before the push to change whole chocolate to fat free chocolate, i shipped 1 carton of whole milk per 10 cartons of whole milk chocolate. Your kids are gonna get fat because michelle obama had the audacity to try to make them healthy, now the pendulum must swing back. Theres nothing wrong with drinking 8 oz of whole milk if the rest of you diet is balanced. The problem is that average childs diet is full of calorie dense, processed foods that doesnt need an extra 8g of fat and 12g of sugar.",,nutrition,https://reddit.com/r/nutrition/comments/1nf5ci9/is_the_trump_administration_wrong_to_be_pushing/,2025-09-12T15:09:29,comment,https://reddit.com/r/nutrition/comments/1nf5ci9/is_the_trump_administration_wrong_to_be_pushing/,t3_1nf5ci9,ndtv9g5,neutral,0.2085302174091339,neutral,0.2085302174091339,0.9145,positive,False
reddit_comment,whole milk school,I just wish they’d push affordable meals for low income kids,,nutrition,https://reddit.com/r/nutrition/comments/1nf5ci9/is_the_trump_administration_wrong_to_be_pushing/,2025-09-12T14:55:33,comment,https://reddit.com/r/nutrition/comments/1nf5ci9/is_the_trump_administration_wrong_to_be_pushing/,t3_1nf5ci9,ndtsa81,neutral,0.1600721478462219,neutral,0.1600721478462219,0.1531,positive,False
reddit_comment,whole milk school,People drank whole milk well before the obesity issue. Milk is not the problem.,,nutrition,https://reddit.com/r/nutrition/comments/1nf5ci9/is_the_trump_administration_wrong_to_be_pushing/,2025-09-12T19:35:53,comment,https://reddit.com/r/nutrition/comments/1nf5ci9/is_the_trump_administration_wrong_to_be_pushing/,t3_1nf5ci9,ndvejvm,neutral,0.0590673349797725,neutral,0.0590673349797725,0.52,positive,False
reddit_comment,whole milk school,Big dairy must have wrote a check,,nutrition,https://reddit.com/r/nutrition/comments/1nf5ci9/is_the_trump_administration_wrong_to_be_pushing/,2025-09-12T15:04:25,comment,https://reddit.com/r/nutrition/comments/1nf5ci9/is_the_trump_administration_wrong_to_be_pushing/,t3_1nf5ci9,ndtu6t6,neutral,0.2313219755887985,neutral,0.2313219755887985,0.0,neutral,True
reddit_comment,whole milk school,"&gt;the administration says it wants to “remove restrictions on whole milk sales in schools,” Is it really pushing ""whole milk"". I think it can be all summed up by the article. &gt;“Saturated fat is kind of background. It’s not the best thing in the diet, it’s not the worst thing in the diet,” he says. “But it doesn’t deserve devil’s horns.” I personally went through stages of skimmed milk and then oat milk, now I'm back with whole fat. I found that I just need a little bit of whole milk in tea/coffee, and only need to drink a little compared to the alternatives.",,nutrition,https://reddit.com/r/nutrition/comments/1nf5ci9/is_the_trump_administration_wrong_to_be_pushing/,2025-09-12T15:04:10,comment,https://reddit.com/r/nutrition/comments/1nf5ci9/is_the_trump_administration_wrong_to_be_pushing/,t3_1nf5ci9,ndtu4sx,neutral,0.0291233398020267,neutral,0.0291233398020267,-0.0191,neutral,True
reddit_comment,whole milk school,And yet WIC will only give skim milk and fat free yogurt to 2 year olds!,,nutrition,https://reddit.com/r/nutrition/comments/1nf5ci9/is_the_trump_administration_wrong_to_be_pushing/,2025-09-13T10:58:34,comment,https://reddit.com/r/nutrition/comments/1nf5ci9/is_the_trump_administration_wrong_to_be_pushing/,t3_1nf5ci9,ndz2e22,negative,0.0173664428293705,negative,0.0173664428293705,0.5562,positive,False
reddit_comment,whole milk school,"Only thing I agree with RFK on lmfao Whole milk is an amazing source of vitamins, carbs, fats, and protein. Just don't overdrink it.",,nutrition,https://reddit.com/r/nutrition/comments/1nf5ci9/is_the_trump_administration_wrong_to_be_pushing/,2025-09-12T19:44:10,comment,https://reddit.com/r/nutrition/comments/1nf5ci9/is_the_trump_administration_wrong_to_be_pushing/,t3_1nf5ci9,ndvg8j9,positive,0.8946965932846069,positive,0.8946965932846069,0.8689,positive,True
reddit_comment,whole milk school,"I prefer oat milk. While I like the occasional drink of cow's milk, if I have it too regularly I start feeling bloated and gassy, and it gives me bad diarrhea. I'll be honest, I don't think it's doing me any favors. Really, I don't want the federal government telling me what to drink, I want them to make sure that whatever I do drink is safe to do so.",,nutrition,https://reddit.com/r/nutrition/comments/1nf5ci9/is_the_trump_administration_wrong_to_be_pushing/,2025-09-13T04:33:29,comment,https://reddit.com/r/nutrition/comments/1nf5ci9/is_the_trump_administration_wrong_to_be_pushing/,t3_1nf5ci9,ndxx3io,negative,0.0232501178979873,negative,0.0232501178979873,0.8323,positive,False
reddit,whole milk school,"School lunch—Chocolate milk honeymoon. Hey fellow parents 👋 So… apparently my kid thinks school is Disneyland because of the chocolate milk 🤦‍♀️. He’s never had it before, and now he’s living his best life drinking two cartons a day like it’s liquid gold 🥲. The problem is… his water bottle comes home totally untouched. 💧➡️🚫And the 44g extra sugar per day (11 teaspoons!) is definitely effecting his little body (BM) and impulse control. Anyone else’s kid suddenly in a chocolate milk honeymoon phase? 😂or cinnamon rolls and other sugary snacks in general. Would love to hear if you’ve found ways to help them balance it out (without starting WWIII at home). Thanks for letting me know I’m not alone in this! 🫶I’m by no means a mom who is overly strict about my kid’s nutrition (like I rarely go to Whole Foods), but I do get concerned when it starts to affect his health and attention. Added: we live in a state where both breakfast and lunch are free for all kids. I thought it was great, until now 😅",School lunch—Chocolate milk honeymoon,kindergarten,https://reddit.com/r/kindergarten/comments/1mxfepq/school_lunchchocolate_milk_honeymoon/,2025-08-22T19:07:21,post,,t3_1mxfepq,,positive,0.5387201905250549,positive,0.5387201905250549,0.9779,positive,True
reddit_comment,whole milk school,And here I am glad my son drank his chocolate milk because it is likely his only source of protein for the entire day…,,kindergarten,https://reddit.com/r/kindergarten/comments/1mxfepq/school_lunchchocolate_milk_honeymoon/,2025-08-22T19:58:10,comment,https://reddit.com/r/kindergarten/comments/1mxfepq/school_lunchchocolate_milk_honeymoon/,t3_1mxfepq,na4qr29,positive,0.9323462247848512,positive,0.9323462247848512,0.4588,positive,True
reddit_comment,whole milk school,"A cup of whole milk has 12g of sugar just from natural sugars in milk, so if what you're seeing is a serving of milk that has 22g of sugar, there's probably only about 10g of added sugar per carton. If you're not overly strict about sugar generally, there's an excellent chance that there's as much or more added sugar in the yogurt or cereal you give him as there is in his chocolate milk. I would talk with him about why his tummy has been hurting and how the food we eat can affect how we feel. Suggest that he try having water at breakfast and chocolate milk with lunch to see if he feels better--not in a restrictive way, but to better understand his own body. Our mantra has always been to strive for a balanced week, not a balanced meal--if you know he's getting more sugar at school, then try to offer lower-sugar alternatives at home, or avoid sauces/ketchup with dinner so he's not having something sugary with every meal. There are other things that could be going on with this transition. He's starting school, which means he's being asked to sit still and behave in a way he probably hasn't before, and he might need to freak out a little when he gets home just to burn off some energy. Paying attention for a full school day is a learned skill and he's in the early days of developing it. And if this represents a big increase in his overall milk intake, he may be lactose intolerant--I was from a pretty young age and my parents didn't recognize it and kept forcing milk on me, often using chocolate milk as an inducement.",,kindergarten,https://reddit.com/r/kindergarten/comments/1mxfepq/school_lunchchocolate_milk_honeymoon/,2025-08-22T20:09:09,comment,https://reddit.com/r/kindergarten/comments/1mxfepq/school_lunchchocolate_milk_honeymoon/,t3_1mxfepq,na4sy8d,neutral,0.0833404138684272,neutral,0.0833404138684272,0.8705,positive,False
reddit_comment,whole milk school,Are you sure about the sugar content? The federal lunch guidelines are strict about added sugar. The chocolate milk my school serves has 7g of sugar.,,kindergarten,https://reddit.com/r/kindergarten/comments/1mxfepq/school_lunchchocolate_milk_honeymoon/,2025-08-22T19:45:54,comment,https://reddit.com/r/kindergarten/comments/1mxfepq/school_lunchchocolate_milk_honeymoon/,t3_1mxfepq,na4oa48,neutral,0.0277073364704847,neutral,0.0277073364704847,0.3182,positive,False
reddit_comment,whole milk school,"So, lots to unpack here. You view Whole Foods as a place for ""overly strict"" people to shop. It's just a grocery store with the same added sugar, saturated fat, complex carbs with no fiber, and everything you can get at any other store, but a lot of it is marketed as ""healthier."" How much *added sugar* is in the chocolate milk? Milk has carbs and sugars that naturally occur amd that's different than added sugar, so you're lumping something together that isn't together. Lastly, yes, it's very normal to be excited by new things, especially hyper-palatable foods that usually contain added sugar, fat, or salt. I'd try not to hyper focus on it bc it'll make him more drawn. You should be educating about food and what they do for our body (neutral or positive, you don't need to say it'll harm him bc it won't), and then help him choose balanced meals and snacks himself so he understands protein, fiber, healthy fats, and produce. He should know about added sugar and that a little every day is ok and help him discover how to balance it. Find growing intuitive eaters on Instagram and YouTube and other socials. She's got all the free content you need on this to help you navigate the situation in am empowering way without demonizing foods. Good luck!",,kindergarten,https://reddit.com/r/kindergarten/comments/1mxfepq/school_lunchchocolate_milk_honeymoon/,2025-08-22T19:29:15,comment,https://reddit.com/r/kindergarten/comments/1mxfepq/school_lunchchocolate_milk_honeymoon/,t3_1mxfepq,na4ky36,neutral,0.027742464095354,neutral,0.027742464095354,0.9584,positive,False
reddit_comment,whole milk school,I’ve been trying to get my kiddo to drink ANY milk for the last 3 years. She’s a water purist. Have been so stressed about getting enough calcium because she’s also pretty meh about cheese and only likes certain yogurts. Day 3 of Kindergarten and suddenly she NEEDS chocolate milk every day. Go figure. I personally am not stressing about the sugar bc she gets very little other than that.,,kindergarten,https://reddit.com/r/kindergarten/comments/1mxfepq/school_lunchchocolate_milk_honeymoon/,2025-08-22T19:28:23,comment,https://reddit.com/r/kindergarten/comments/1mxfepq/school_lunchchocolate_milk_honeymoon/,t3_1mxfepq,na4krx2,negative,0.1016299352049827,negative,0.1016299352049827,0.6998,positive,False
reddit_comment,whole milk school,"In our district you can log into the school nutrition website and put restrictions on a child’s account (ex: one milk per day, no a la carte items, etc) so not sure if that’s an option for you. But to be honest, I think you’re mistaking normal kindergarten adjustment for chocolate milk problems. My daughter is in first now and she’s been a monster this first week of school. She doesn’t like chocolate milk and she packs her lunch. Back to school and adjusting to a new class, teacher, routine, etc is a lot for kids. Be extra patient and supportive and remember this is a big deal for a little kid. It’ll get better, and it’s not the chocolate milk’s fault",,kindergarten,https://reddit.com/r/kindergarten/comments/1mxfepq/school_lunchchocolate_milk_honeymoon/,2025-08-22T22:39:09,comment,https://reddit.com/r/kindergarten/comments/1mxfepq/school_lunchchocolate_milk_honeymoon/,t3_1mxfepq,na5kz2n,neutral,0.0270957257598638,neutral,0.0270957257598638,0.5235,positive,False
reddit_comment,whole milk school,"My kids doctor always reminded me that adding things to make food more appealing doesn’t take away the nutritional value of the base food. Chocolate milk is still milk, broccoli with cheese sauce is still broccoli.",,kindergarten,https://reddit.com/r/kindergarten/comments/1mxfepq/school_lunchchocolate_milk_honeymoon/,2025-08-22T20:52:40,comment,https://reddit.com/r/kindergarten/comments/1mxfepq/school_lunchchocolate_milk_honeymoon/,t3_1mxfepq,na51m3n,neutral,0.3837544023990631,neutral,0.3837544023990631,0.34,positive,False
reddit_comment,whole milk school,Kinder teacher here. The chocolate milk at school is totally different than anything you’d buy in the store. It’s much lower in sugar. It’s been so so hot the past two weeks of school. Some of my students hardly eat anything at lunch. Chocolate milk is a great recovery drink and it at least gets some calories into our little ones who won’t eat or don’t eat much at school.,,kindergarten,https://reddit.com/r/kindergarten/comments/1mxfepq/school_lunchchocolate_milk_honeymoon/,2025-08-23T00:36:14,comment,https://reddit.com/r/kindergarten/comments/1mxfepq/school_lunchchocolate_milk_honeymoon/,t3_1mxfepq,na64i8a,positive,0.4936777651309967,positive,0.4936777651309967,0.7269,positive,True
reddit_comment,whole milk school,I don't know where you guys get the idea that school lunches in the US are completely unhealthy. Since the late 00s schools have had to follow strict regulations. If your kid is eating Froot Loops at school its a healthier version with less sugar and less dyes (and it tastes bad imo). I hated the chocolate milk myself because it was skim or 1% and didnt have nearly as much sugar as my 2% and nesquick milk at home. If your kid has burgers for lunch its probably on whole wheat bread. If they have nachos the cheese is bland and has barely any fat left in it. If they have fries the portions are strictly controlled. Of course these are strong generalizations but I worked for the nutrition department in a large school district. Most of the food is from national vendors and frozen so kids anywhere in the country could technically be eating the same thing.,,kindergarten,https://reddit.com/r/kindergarten/comments/1mxfepq/school_lunchchocolate_milk_honeymoon/,2025-08-22T22:01:24,comment,https://reddit.com/r/kindergarten/comments/1mxfepq/school_lunchchocolate_milk_honeymoon/,t3_1mxfepq,na5egit,negative,0.0181484147906303,negative,0.0181484147906303,-0.6183,negative,True
reddit_comment,whole milk school,"My sisters had an issue where she didn’t want her child drinking chocolate milk at school. She preferred her drink the regular milk. My neice is VERY compliant, so what worked for her was on Thursdays she made it chocolate milk day. She knew she could only have it on Thursdays and it was super exciting for her. Now, my son….i could never see that working!! lol!!",,kindergarten,https://reddit.com/r/kindergarten/comments/1mxfepq/school_lunchchocolate_milk_honeymoon/,2025-08-22T21:03:35,comment,https://reddit.com/r/kindergarten/comments/1mxfepq/school_lunchchocolate_milk_honeymoon/,t3_1mxfepq,na53r48,positive,0.4778274595737457,positive,0.4778274595737457,0.9075,positive,True
reddit,whole milk school,Whole milk now allowed in school lunches as Trump signs bill reversing limits,Whole milk now allowed in school lunches as Trump signs bill reversing limits,Health,https://reddit.com/r/Health/comments/1qd3t6n/whole_milk_now_allowed_in_school_lunches_as_trump/,2026-01-14T23:58:02,post,,t3_1qd3t6n,,neutral,0.3951678872108459,neutral,0.3951678872108459,0.0,neutral,True
reddit_comment,whole milk school,"Kids aren't obese because they are drinking the wrong milk. They are obese because their diets consist primarily of soda, junk food, and other high-calorie foods low in nutritional value combined with an inactive lifestyle. Why are we pretending what's in school milk cartons strongly correlates to the rate of obesity?",,Health,https://reddit.com/r/Health/comments/1qd3t6n/whole_milk_now_allowed_in_school_lunches_as_trump/,2026-01-15T00:49:50,comment,https://reddit.com/r/Health/comments/1qd3t6n/whole_milk_now_allowed_in_school_lunches_as_trump/,t3_1qd3t6n,nzn8oz6,negative,0.0147439735010266,negative,0.0147439735010266,-0.0772,negative,True
reddit_comment,whole milk school,"But if you don't have the money for milk - your kid goes without, whole or not. Are they going to put picture of kids disappeared by ICE on the cartons?",,Health,https://reddit.com/r/Health/comments/1qd3t6n/whole_milk_now_allowed_in_school_lunches_as_trump/,2026-01-15T00:05:02,comment,https://reddit.com/r/Health/comments/1qd3t6n/whole_milk_now_allowed_in_school_lunches_as_trump/,t3_1qd3t6n,nzn0fo6,negative,0.0100469617173075,negative,0.0100469617173075,-0.3291,negative,True
reddit_comment,whole milk school,"[Whole milk could be coming]( to your local school cafeteria for the first time in more than a decade. On Wednesday, President Donald Trump signed a bill that allows schools participating in the National School Lunch Program to serve whole and 2% milk alongside fat-free and low-fat versions. The move comes a week after the US Department of Health and Human Services released new US dietary guidelines that highlight whole-fat dairy products, a recommendation that has received mixed reviews from nutritionists and medical experts. The new legislation, which passed Congress last year by unanimous consent, rolls back US Department of Agriculture rules approved by the Obama administration that required milk served in schools to be fat-free or low-fat, part of efforts to fight the childhood obesity epidemic. The new law also allows nondairy beverages that are “nutritionally equivalent” to fluid milk to be offered, such as fortified plant-based milks. “Removing whole milk did not improve health, it damaged it,” HHS Secretary Robert F. Kennedy Jr. said at the White House signing event, claiming that some students turned to soda, energy drinks and sweetened drinks instead of skim or low-fat milk. “Milk fat is not junk food.”",,Health,https://reddit.com/r/Health/comments/1qd3t6n/whole_milk_now_allowed_in_school_lunches_as_trump/,2026-01-14T23:59:34,comment,https://reddit.com/r/Health/comments/1qd3t6n/whole_milk_now_allowed_in_school_lunches_as_trump/,t3_1qd3t6n,nzmzflc,positive,0.5377448201179504,positive,0.5377448201179504,0.0757,positive,True
reddit_comment,whole milk school,"There is so much to be upset with RFK about, this seems completely fine?",,Health,https://reddit.com/r/Health/comments/1qd3t6n/whole_milk_now_allowed_in_school_lunches_as_trump/,2026-01-15T00:25:15,comment,https://reddit.com/r/Health/comments/1qd3t6n/whole_milk_now_allowed_in_school_lunches_as_trump/,t3_1qd3t6n,nzn461z,negative,0.0128814717754721,negative,0.0128814717754721,-0.1298,negative,True
reddit_comment,whole milk school,"I mean, this is probably the only thing they’ve done that makes sense. Fat was the enemy in the 90s, we know better now.",,Health,https://reddit.com/r/Health/comments/1qd3t6n/whole_milk_now_allowed_in_school_lunches_as_trump/,2026-01-15T00:40:08,comment,https://reddit.com/r/Health/comments/1qd3t6n/whole_milk_now_allowed_in_school_lunches_as_trump/,t3_1qd3t6n,nzn6x8e,negative,0.0399733521044254,negative,0.0399733521044254,-0.1531,negative,True
reddit_comment,whole milk school,The entire debate is absurd. On one hand it is absurd to argue that childhood obesity is being driven even a tiny bit by kid's drinking too much whole milk. It is a typical act of Congressional grandstanding where they show how much they care by doing something totally useless like banning whole milk from school lunches. On the other hand it is equally absurd to act as if allowing whole milk back again into school lunches is striking a blow for nutritional sanity. The difference between skim milk and whole milk is exactly 70 calories per eight ounces and that's the entirety of the difference. Kids are getting fat because they don't exercise and because they are pounding 16 oz sodas with 300 calories each in them 5 times a day. The kind of milk in school lunches doesn't make one iota of a difference.,,Health,https://reddit.com/r/Health/comments/1qd3t6n/whole_milk_now_allowed_in_school_lunches_as_trump/,2026-01-15T00:39:03,comment,https://reddit.com/r/Health/comments/1qd3t6n/whole_milk_now_allowed_in_school_lunches_as_trump/,t3_1qd3t6n,nzn6pz6,negative,0.0084312092512846,negative,0.0084312092512846,0.7836,positive,False
reddit_comment,whole milk school,I just wonder why this would be on his agenda.,,Health,https://reddit.com/r/Health/comments/1qd3t6n/whole_milk_now_allowed_in_school_lunches_as_trump/,2026-01-15T00:49:28,comment,https://reddit.com/r/Health/comments/1qd3t6n/whole_milk_now_allowed_in_school_lunches_as_trump/,t3_1qd3t6n,nzn8mku,negative,0.0109063126146793,negative,0.0109063126146793,0.0,neutral,False
reddit_comment,whole milk school,"It’s mind-boggling that whole milk gets blamed for obesity in schools, rather than the ""chicken"" nuggets and deep-fried fries on the menu.",,Health,https://reddit.com/r/Health/comments/1qd3t6n/whole_milk_now_allowed_in_school_lunches_as_trump/,2026-01-15T07:37:46,comment,https://reddit.com/r/Health/comments/1qd3t6n/whole_milk_now_allowed_in_school_lunches_as_trump/,t3_1qd3t6n,nzox0yo,negative,0.0076441033743321,negative,0.0076441033743321,-0.4767,negative,True
reddit_comment,whole milk school,"The only clip I saw of this was apparently reporter questions... It was a tight shot of trump and two small girls and he was talking about executions in Iran. I get it the milk thing, these children shouldn't have been there for the Q&amp;A.",,Health,https://reddit.com/r/Health/comments/1qd3t6n/whole_milk_now_allowed_in_school_lunches_as_trump/,2026-01-15T16:02:31,comment,https://reddit.com/r/Health/comments/1qd3t6n/whole_milk_now_allowed_in_school_lunches_as_trump/,t3_1qd3t6n,nzqy236,negative,0.0077509297989308,negative,0.0077509297989308,0.0,neutral,False
reddit_comment,whole milk school,"I’m stoked on whole milk in schools, but that’s about all I’m stoked about with the recent news.",,Health,https://reddit.com/r/Health/comments/1qd3t6n/whole_milk_now_allowed_in_school_lunches_as_trump/,2026-01-15T00:26:23,comment,https://reddit.com/r/Health/comments/1qd3t6n/whole_milk_now_allowed_in_school_lunches_as_trump/,t3_1qd3t6n,nzn4djr,positive,0.7156616449356079,positive,0.7156616449356079,0.0,neutral,False
reddit,whole milk school,"Senate Finally OKs Plant-Based Milk in Public Schools. “For almost 80 years, the National School Lunch Act has required public schools to serve cow’s milk at lunch. But that may be about to change: Last month, the Senate passed a bill that would [allow schools to include non-dairy milk alternatives]( on their lunch menus for the first time. It would also entitle students to dairy-free milk if a parent requests it, instead of requiring a doctor’s note.”",Senate Finally OKs Plant-Based Milk in Public Schools,vegan,https://reddit.com/r/vegan/comments/1pif1d5/senate_finally_oks_plantbased_milk_in_public/,2025-12-09T18:26:05,post,,t3_1pif1d5,,positive,0.5321982502937317,positive,0.5321982502937317,0.3291,positive,True
reddit_comment,whole milk school,"Thanks for posting to r/Vegan! &amp;#128037; Civil discussion is welcome — personal attacks are not. Please read our wiki first. **New to veganism?** &amp;#127793; • Watch [Dominion]( — a powerful, free documentary that changes lives. • [NutritionFacts.org]( — evidence-based health info • [HappyCow.net]( — find vegan-friendly restaurants near you **Want to help animals?** &amp;#128187; • Browse volunteer opportunities on [Flockwork]( and use your skills to make a difference • Join the [Flockwork Discord]( to be notified of new opportunities that match your skills **Thank you!** *I am a bot, and this action was performed automatically. Please [contact the moderators of this subreddit](/message/compose/?to=/r/vegan) if you have any questions or concerns.*",,vegan,https://reddit.com/r/vegan/comments/1pif1d5/senate_finally_oks_plantbased_milk_in_public/,2025-12-09T18:26:06,comment,https://reddit.com/r/vegan/comments/1pif1d5/senate_finally_oks_plantbased_milk_in_public/,t3_1pif1d5,nt5izro,positive,0.7398641109466553,positive,0.7398641109466553,0.9626,positive,True
reddit_comment,whole milk school,Great news Unreal that the dairy council/industry had this much power,,vegan,https://reddit.com/r/vegan/comments/1pif1d5/senate_finally_oks_plantbased_milk_in_public/,2025-12-09T19:43:41,comment,https://reddit.com/r/vegan/comments/1pif1d5/senate_finally_oks_plantbased_milk_in_public/,t3_1pif1d5,nt5y1b7,positive,0.9325162768363952,positive,0.9325162768363952,0.6249,positive,True
reddit_comment,whole milk school,"Regardless of whether this bill passes or not, there's a lot to like about this news",,vegan,https://reddit.com/r/vegan/comments/1pif1d5/senate_finally_oks_plantbased_milk_in_public/,2025-12-09T19:14:36,comment,https://reddit.com/r/vegan/comments/1pif1d5/senate_finally_oks_plantbased_milk_in_public/,t3_1pif1d5,nt5s6ru,positive,0.9425752758979796,positive,0.9425752758979796,0.3612,positive,True
reddit_comment,whole milk school,"This is something I've been wondering about for years. Before I went vegan I was severely lactose intolerant, but my school would still require me to grab a carton of milk anyway even though 90% of the time it was getting thrown away and wasted. Absolutely pointless. I'm shocked that they required doctor's notes for non dairy milk alternatives as if allergies/intolerances are the sole reason a kid might not be consuming cow breast milk at school. I'm glad something like this is even being considered in the current political climate we're suffering under.",,vegan,https://reddit.com/r/vegan/comments/1pif1d5/senate_finally_oks_plantbased_milk_in_public/,2025-12-09T19:40:35,comment,https://reddit.com/r/vegan/comments/1pif1d5/senate_finally_oks_plantbased_milk_in_public/,t3_1pif1d5,nt5xf4q,negative,0.0097995828837156,negative,0.0097995828837156,-0.7612,negative,True
reddit_comment,whole milk school,"I thought it was ridiculous that I had to get a DR note to say my son can't have milk! The DR made us do an allergy blood test. Which didn't come back as an allergen. But if you give that kid Mac n cheese he's in the bathroom with stomach pain! The DR agreed to write an intolerance note. But, all that aside, I have good insurance, I have time to take him to the DR, etc etc. Other people don't!",,vegan,https://reddit.com/r/vegan/comments/1pif1d5/senate_finally_oks_plantbased_milk_in_public/,2025-12-10T04:31:15,comment,https://reddit.com/r/vegan/comments/1pif1d5/senate_finally_oks_plantbased_milk_in_public/,t3_1pif1d5,nt8kgwc,negative,0.0207524131983518,negative,0.0207524131983518,0.2905,positive,False
reddit_comment,whole milk school,that'd be nice. I serve school lunch for a living and have to bring my own lol.,,vegan,https://reddit.com/r/vegan/comments/1pif1d5/senate_finally_oks_plantbased_milk_in_public/,2025-12-09T23:47:14,comment,https://reddit.com/r/vegan/comments/1pif1d5/senate_finally_oks_plantbased_milk_in_public/,t3_1pif1d5,nt79m3p,positive,0.7638929486274719,positive,0.7638929486274719,0.6808,positive,True
reddit_comment,whole milk school,How did these even happen with trump in office?,,vegan,https://reddit.com/r/vegan/comments/1pif1d5/senate_finally_oks_plantbased_milk_in_public/,2025-12-09T20:52:26,comment,https://reddit.com/r/vegan/comments/1pif1d5/senate_finally_oks_plantbased_milk_in_public/,t3_1pif1d5,nt6bz03,negative,0.0097255567088723,negative,0.0097255567088723,0.0,neutral,False
reddit_comment,whole milk school,"What in the world, doctor's note?",,vegan,https://reddit.com/r/vegan/comments/1pif1d5/senate_finally_oks_plantbased_milk_in_public/,2025-12-10T05:26:58,comment,https://reddit.com/r/vegan/comments/1pif1d5/senate_finally_oks_plantbased_milk_in_public/,t3_1pif1d5,nt8rx6t,negative,0.0107175298035144,negative,0.0107175298035144,0.0,neutral,False
reddit,whole milk school,"When I was a barista at Starbucks, I switched my worst customers drinks to decaf. I worked at Starbucks for a few years back around 2010 and it was a great job to get me thru high school and college. I loved my team and I loved my customers. But some customers were a giant PITA to deal with and I didn’t appreciate their attitude. Rude customers are part of the job but some customers would take it way too far. I had one customer I still remember.. Marie. Marie enjoyed being a particularly bratty customer and she needed her whole milk cappuccino made a specific way. She took pride in her reputation as if it were some badge of honor. I eventually learned how to make her drink but she would always let me know that she’d tell me to remake it if it weren’t exactly how she wanted it. So to spite her, I would make her drink with decaf espresso. The machine makes the same noise and it would taste the same, she just wouldn’t get the caffeine she wanted. And it made me happy knowing that she thought she was getting exactly what she wanted despite getting the opposite. I did this to many customers whenever they slighted me. And looking back, my perspective changed. Maybe they were having a bad day or maybe something terrible happened to them. But again, I was young and I didn’t see things that way. Oh well, such is life!","When I was a barista at Starbucks, I switched my worst customers drinks to decaf",confession,https://reddit.com/r/confession/comments/1mm4rdh/when_i_was_a_barista_at_starbucks_i_switched_my/,2025-08-10T00:32:09,post,,t3_1mm4rdh,,positive,0.7531055808067322,positive,0.7531055808067322,0.3969,positive,True
reddit_comment,whole milk school,"I had a Marie. She had a nonfat 190 degree no whip extra foamy 1 pump mocha in a personal cup. She reveled in being a pain, having her drink remade multiple times (foam too airy, not hot enough, too much foam, didn’t free pour the drink, etc). Nearly all of her complaints were over problems caused by the insane way she wanted her drink made. The good news is she was old back then, so she’s probably ordering mochas in hell now.",,confession,https://reddit.com/r/confession/comments/1mm4rdh/when_i_was_a_barista_at_starbucks_i_switched_my/,2025-08-10T03:53:40,comment,https://reddit.com/r/confession/comments/1mm4rdh/when_i_was_a_barista_at_starbucks_i_switched_my/,t3_1mm4rdh,n7vxff9,negative,0.0306728519499301,negative,0.0306728519499301,-0.9001,negative,True
reddit_comment,whole milk school,"Oh I had a Marie. She wanted her foam on her mocha(in House cup of fuckin course) steamed hotter than our machines wand was capable of. She literally grinned when she brought to be remade. Don't caffeinate people who ask for decaf, but for fuckers like that all bets are off, they get decaf. No one should look for chances do that to a customer, but some people take it too far and suddenly you have to remind yourself of your own humanity without getting fired.Don't be a goddamn prick to service workers. Anyone shrieking about the irresponsibility of removing a stimulant from a chronically, ESPECIALLY rude customer's drink probably is that customer. It's a food safety compliant response to someone enjoying lightly abusing someone who cannot get away from them. So fuck that.",,confession,https://reddit.com/r/confession/comments/1mm4rdh/when_i_was_a_barista_at_starbucks_i_switched_my/,2025-08-10T00:44:49,comment,https://reddit.com/r/confession/comments/1mm4rdh/when_i_was_a_barista_at_starbucks_i_switched_my/,t3_1mm4rdh,n7v54ih,negative,0.0789342522621154,negative,0.0789342522621154,-0.908,negative,True
reddit_comment,whole milk school,"My Marie was named Christopher. His order was as follows: venti caramel macchiato - half whole milk, half heavy whipping cream, one less pump of vanilla, extra shot of espresso, extra caramel lining the cup + on top. It needed to be poured as follows: whole milk first, then heavy whipping cream, then whole milk foam. He would pick the cup up and if it didn’t weigh what he expected it to in his hand, he’d put it down and say it needed to be remade. It didn’t matter how busy you were, it wasn’t a question, it needed to be remade. I haven’t worked at Starbucks in a decade and I still sometimes have rogue nightmares where I’m making that drink for him. As I sit here now, I wonder why I never thought to give him decaf. It’s simple, devious, and satisfying. Good on ya.",,confession,https://reddit.com/r/confession/comments/1mm4rdh/when_i_was_a_barista_at_starbucks_i_switched_my/,2025-08-10T04:12:52,comment,https://reddit.com/r/confession/comments/1mm4rdh/when_i_was_a_barista_at_starbucks_i_switched_my/,t3_1mm4rdh,n7vzxj0,neutral,0.0603317730128765,neutral,0.0603317730128765,0.875,positive,False
reddit_comment,whole milk school,"ive seen WAY worse lmaoo, do not feel bad even the slightest, especially since you were young. number 1 rule is don’t fuck w people who make your food (in this case drink lol)",,confession,https://reddit.com/r/confession/comments/1mm4rdh/when_i_was_a_barista_at_starbucks_i_switched_my/,2025-08-10T00:46:41,comment,https://reddit.com/r/confession/comments/1mm4rdh/when_i_was_a_barista_at_starbucks_i_switched_my/,t3_1mm4rdh,n7v5f3u,negative,0.0108663402497768,negative,0.0108663402497768,-0.1655,negative,True
reddit_comment,whole milk school,"Bad day or not, don’t need to be an ass to a person providing a service.",,confession,https://reddit.com/r/confession/comments/1mm4rdh/when_i_was_a_barista_at_starbucks_i_switched_my/,2025-08-10T01:19:09,comment,https://reddit.com/r/confession/comments/1mm4rdh/when_i_was_a_barista_at_starbucks_i_switched_my/,t3_1mm4rdh,n7vaj2l,negative,0.0142419440671801,negative,0.0142419440671801,-0.7906,negative,True
reddit_comment,whole milk school,"Having many service jobs in my life i am very thankful i never worked at starbucks.. one of my favorites though when i was a valet, there was a spot where if a car was parked the bird shit was unreal. We all knew the spot, actually told several times we werent allowed to park customers cars there. But in the sunmer and almost all weekends our lot would fill and it was that easy when asked by a supervisor. A weekend parked in this spot would be so unreal you have to see it for yourself. A car COVERED in bird crap. Customer always made a scene and usually would get reimbursed for a car wash but creating the inconvenience for them was priceless and always funny.",,confession,https://reddit.com/r/confession/comments/1mm4rdh/when_i_was_a_barista_at_starbucks_i_switched_my/,2025-08-10T18:18:55,comment,https://reddit.com/r/confession/comments/1mm4rdh/when_i_was_a_barista_at_starbucks_i_switched_my/,t3_1mm4rdh,n7z9mzl,positive,0.5842248201370239,positive,0.5842248201370239,0.7137,positive,True
reddit_comment,whole milk school,"Surprised to see so many comments calling you a psycho, repeat terrible customers (and people in these comments) need to be aware that people will do much worse to your food. Even funnier it she never caught on imo",,confession,https://reddit.com/r/confession/comments/1mm4rdh/when_i_was_a_barista_at_starbucks_i_switched_my/,2025-08-10T01:00:30,comment,https://reddit.com/r/confession/comments/1mm4rdh/when_i_was_a_barista_at_starbucks_i_switched_my/,t3_1mm4rdh,n7v7lgs,negative,0.0054118842817842,negative,0.0054118842817842,-0.3818,negative,True
reddit_comment,whole milk school,Decaf espresso tastes different though...,,confession,https://reddit.com/r/confession/comments/1mm4rdh/when_i_was_a_barista_at_starbucks_i_switched_my/,2025-08-10T06:29:15,comment,https://reddit.com/r/confession/comments/1mm4rdh/when_i_was_a_barista_at_starbucks_i_switched_my/,t3_1mm4rdh,n7wfoyz,neutral,0.0748398974537849,neutral,0.0748398974537849,0.0,neutral,True
reddit_comment,whole milk school,It takes just as much effort to be polite as it does to be rude. Screw them,,confession,https://reddit.com/r/confession/comments/1mm4rdh/when_i_was_a_barista_at_starbucks_i_switched_my/,2025-08-10T00:37:55,comment,https://reddit.com/r/confession/comments/1mm4rdh/when_i_was_a_barista_at_starbucks_i_switched_my/,t3_1mm4rdh,n7v41j0,negative,0.0115787712857127,negative,0.0115787712857127,-0.5267,negative,True
reddit_comment,whole milk school,"Once, someone was such a dick that I gave them a rinse shot.",,confession,https://reddit.com/r/confession/comments/1mm4rdh/when_i_was_a_barista_at_starbucks_i_switched_my/,2025-08-10T00:56:36,comment,https://reddit.com/r/confession/comments/1mm4rdh/when_i_was_a_barista_at_starbucks_i_switched_my/,t3_1mm4rdh,n7v6z17,negative,0.0078876987099647,negative,0.0078876987099647,-0.5106,negative,True
reddit,whole milk school,Ilana + Whole milk bill but no mention the billion dollar+ cuts to school lunches\ability to buy fresh produce.🤦‍♀️. Sigh…,Ilana + Whole milk bill but no mention the billion dollar+ cuts to school lunches\ability to buy fresh produce.🤦‍♀️,FoodieSnark,https://reddit.com/r/FoodieSnark/comments/1qd450m/ilana_whole_milk_bill_but_no_mention_the_billion/,2026-01-15T00:11:36,post,,t3_1qd450m,,negative,0.0076710702851414,negative,0.0076710702851414,-0.3919,negative,True
reddit_comment,whole milk school,Is this the “volume eating” lady?,,FoodieSnark,https://reddit.com/r/FoodieSnark/comments/1qd450m/ilana_whole_milk_bill_but_no_mention_the_billion/,2026-01-24T05:24:39,comment,https://reddit.com/r/FoodieSnark/comments/1qd450m/ilana_whole_milk_bill_but_no_mention_the_billion/,t3_1qd450m,o1dm5ox,neutral,0.0346602126955986,neutral,0.0346602126955986,0.0,neutral,True
reddit_comment,whole milk school,She’s has something in her teeth. Does she not check them before going on camera? I can’t trust someone who doesn’t.,,FoodieSnark,https://reddit.com/r/FoodieSnark/comments/1qd450m/ilana_whole_milk_bill_but_no_mention_the_billion/,2026-01-17T16:01:52,comment,https://reddit.com/r/FoodieSnark/comments/1qd450m/ilana_whole_milk_bill_but_no_mention_the_billion/,t3_1qd450m,o04h2uj,negative,0.0093859182670712,negative,0.0093859182670712,0.5106,positive,False
reddit_comment,whole milk school,"Disgusting. Any ""nutritionist"" who supports this fascist POS administration in all their glory of taking away food stamps and school lunches from babies and children, authorizing PFAS in herbicides and pesticides, etc etc etc can rot in hell. MAHA is such a joke.",,FoodieSnark,https://reddit.com/r/FoodieSnark/comments/1qd450m/ilana_whole_milk_bill_but_no_mention_the_billion/,2026-01-15T16:32:03,comment,https://reddit.com/r/FoodieSnark/comments/1qd450m/ilana_whole_milk_bill_but_no_mention_the_billion/,t3_1qd450m,nzr4ne9,negative,0.0057186069898307,negative,0.0057186069898307,-0.7227,negative,True
reddit_comment,whole milk school,I would have so much gas and GI distress if I consumed half of her recipes,,FoodieSnark,https://reddit.com/r/FoodieSnark/comments/1qd450m/ilana_whole_milk_bill_but_no_mention_the_billion/,2026-01-15T04:39:04,comment,https://reddit.com/r/FoodieSnark/comments/1qd450m/ilana_whole_milk_bill_but_no_mention_the_billion/,t3_1qd450m,nzoaqgd,negative,0.0156900305300951,negative,0.0156900305300951,-0.5267,negative,True
reddit_comment,whole milk school,"This shit is so stupid. This admin pushing dairy as an all-powerful health food has been causing me to spite-purchase more dairy free items! It helps that I'm a mostly-plant-based vegetarian, but I can go ahead and kick the cheese if it means less money in Big Dairy's pockets. They don't need my help.",,FoodieSnark,https://reddit.com/r/FoodieSnark/comments/1qd450m/ilana_whole_milk_bill_but_no_mention_the_billion/,2026-01-15T01:57:23,comment,https://reddit.com/r/FoodieSnark/comments/1qd450m/ilana_whole_milk_bill_but_no_mention_the_billion/,t3_1qd450m,nznkhyq,negative,0.0121286083012819,negative,0.0121286083012819,-0.577,negative,True
reddit_comment,whole milk school,She is a blithering idiot.,,FoodieSnark,https://reddit.com/r/FoodieSnark/comments/1qd450m/ilana_whole_milk_bill_but_no_mention_the_billion/,2026-01-15T01:22:05,comment,https://reddit.com/r/FoodieSnark/comments/1qd450m/ilana_whole_milk_bill_but_no_mention_the_billion/,t3_1qd450m,nznedii,negative,0.0129945510998368,negative,0.0129945510998368,-0.5106,negative,True
reddit_comment,whole milk school,Let’s see where Big Dairy is spending their money. Guaranteed RFK Jr. is benefiting from this,,FoodieSnark,https://reddit.com/r/FoodieSnark/comments/1qd450m/ilana_whole_milk_bill_but_no_mention_the_billion/,2026-01-15T00:49:16,comment,https://reddit.com/r/FoodieSnark/comments/1qd450m/ilana_whole_milk_bill_but_no_mention_the_billion/,t3_1qd450m,nzn8l8o,neutral,0.3572922348976135,neutral,0.3572922348976135,0.0,neutral,True
reddit,whole milk school,Trump signs bill returning whole milk to US school lunches,Trump signs bill returning whole milk to US school lunches,politics,https://reddit.com/r/politics/comments/1qd4en9/trump_signs_bill_returning_whole_milk_to_us/,2026-01-15T00:22:55,post,,t3_1qd4en9,,neutral,0.1635976880788803,neutral,0.1635976880788803,0.0,neutral,True
reddit_comment,whole milk school,"**As a reminder, this subreddit [is for civil discussion]( In general, please be courteous to others. Argue the merits of ideas, don't attack other posters or commenters. Hate speech, any suggestion or support of physical harm, or other rule violations can result in a temporary or a permanent ban. If you see comments in violation of our rules, please report them. **Sub-thread Information** If the post flair on this post indicates the wrong paywall status, please report this Automoderator comment with a custom report of “incorrect flair”. **Announcement** r/Politics is actively looking for new moderators. If you have an interest in helping to make this subreddit a place for quality discussion, please fill out [this form]( *** *I am a bot, and this action was performed automatically. Please [contact the moderators of this subreddit](/message/compose/?to=/r/politics) if you have any questions or concerns.*",,politics,https://reddit.com/r/politics/comments/1qd4en9/trump_signs_bill_returning_whole_milk_to_us/,2026-01-15T00:22:56,comment,https://reddit.com/r/politics/comments/1qd4en9/trump_signs_bill_returning_whole_milk_to_us/,t3_1qd4en9,nzn3qpi,neutral,0.0764829665422439,neutral,0.0764829665422439,0.5194,positive,False
reddit_comment,whole milk school,Michelle Obama: try to eat healthier! Magas: go fuck yourself trump: drink whole milk Magas: slurp slurp slurp,,politics,https://reddit.com/r/politics/comments/1qd4en9/trump_signs_bill_returning_whole_milk_to_us/,2026-01-15T00:28:32,comment,https://reddit.com/r/politics/comments/1qd4en9/trump_signs_bill_returning_whole_milk_to_us/,t3_1qd4en9,nzn4s4f,negative,0.0417882725596427,negative,0.0417882725596427,-0.5848,negative,True
reddit_comment,whole milk school,"Y'know what American children really need? Whole, functional communities.",,politics,https://reddit.com/r/politics/comments/1qd4en9/trump_signs_bill_returning_whole_milk_to_us/,2026-01-15T00:56:26,comment,https://reddit.com/r/politics/comments/1qd4en9/trump_signs_bill_returning_whole_milk_to_us/,t3_1qd4en9,nzn9vpf,neutral,0.3862866759300232,neutral,0.3862866759300232,0.0,neutral,True
reddit_comment,whole milk school,"I work in a school cafeteria. This would probably be one of the healthier things we'd serve. Other than salad. Honestly, I would absolutely support getting the processed food out of our cafeterias.",,politics,https://reddit.com/r/politics/comments/1qd4en9/trump_signs_bill_returning_whole_milk_to_us/,2026-01-15T00:46:45,comment,https://reddit.com/r/politics/comments/1qd4en9/trump_signs_bill_returning_whole_milk_to_us/,t3_1qd4en9,nzn84z7,positive,0.806175708770752,positive,0.806175708770752,0.7178,positive,True
reddit_comment,whole milk school,But the Republican nanny state is totally cool.,,politics,https://reddit.com/r/politics/comments/1qd4en9/trump_signs_bill_returning_whole_milk_to_us/,2026-01-15T00:50:58,comment,https://reddit.com/r/politics/comments/1qd4en9/trump_signs_bill_returning_whole_milk_to_us/,t3_1qd4en9,nzn8wdx,neutral,0.352370023727417,neutral,0.352370023727417,0.5251,positive,False
reddit_comment,whole milk school,I think everything they do is dumb that being said whole milk is fine. I didnt even know they took it out of schools,,politics,https://reddit.com/r/politics/comments/1qd4en9/trump_signs_bill_returning_whole_milk_to_us/,2026-01-15T03:22:32,comment,https://reddit.com/r/politics/comments/1qd4en9/trump_signs_bill_returning_whole_milk_to_us/,t3_1qd4en9,nznyyxu,negative,0.0070743900723755,negative,0.0070743900723755,-0.3612,negative,True
reddit_comment,whole milk school,BFD. Such trivial nonsense right now as we witness absolute evil occurring in our nation and the threat of war looming every day.,,politics,https://reddit.com/r/politics/comments/1qd4en9/trump_signs_bill_returning_whole_milk_to_us/,2026-01-15T00:29:54,comment,https://reddit.com/r/politics/comments/1qd4en9/trump_signs_bill_returning_whole_milk_to_us/,t3_1qd4en9,nzn519f,negative,0.0053405798971652,negative,0.0053405798971652,-0.9658,negative,True
reddit_comment,whole milk school,"Honest question, did anyone of you actually enjoy the skim milk era? Based on the article, it seems like kids dislike drinking milk that tasted like white water.",,politics,https://reddit.com/r/politics/comments/1qd4en9/trump_signs_bill_returning_whole_milk_to_us/,2026-01-15T00:44:54,comment,https://reddit.com/r/politics/comments/1qd4en9/trump_signs_bill_returning_whole_milk_to_us/,t3_1qd4en9,nzn7svv,negative,0.0111717684194445,negative,0.0111717684194445,0.836,positive,False
reddit_comment,whole milk school,"He then went on to clarify how to spell “whole milk.” “It’s actually a legal definition—‘whole milk.’ And it’s whole with a w, for those of you that have a problem.” WTF",,politics,https://reddit.com/r/politics/comments/1qd4en9/trump_signs_bill_returning_whole_milk_to_us/,2026-01-15T14:53:43,comment,https://reddit.com/r/politics/comments/1qd4en9/trump_signs_bill_returning_whole_milk_to_us/,t3_1qd4en9,nzqjaq8,neutral,0.0479523316025733,neutral,0.0479523316025733,-0.6166,negative,False
reddit_comment,whole milk school,Why don't they just subsidize dairies directly instead of making kids drink this garbage Soon enough the RFK Raw Milk and Roadkill special will be on the menu.,,politics,https://reddit.com/r/politics/comments/1qd4en9/trump_signs_bill_returning_whole_milk_to_us/,2026-01-15T00:25:45,comment,https://reddit.com/r/politics/comments/1qd4en9/trump_signs_bill_returning_whole_milk_to_us/,t3_1qd4en9,nzn49dv,negative,0.0075260531157255,negative,0.0075260531157255,0.4019,positive,False
reddit,whole milk school,WATCH: Trump signs a law returning whole milk to school lunches,WATCH: Trump signs a law returning whole milk to school lunches,PBS_NewsHour,https://reddit.com/r/PBS_NewsHour/comments/1qd092a/watch_trump_signs_a_law_returning_whole_milk_to/,2026-01-14T21:37:21,post,,t3_1qd092a,,neutral,0.0987375676631927,neutral,0.0987375676631927,0.0,neutral,True
reddit_comment,whole milk school,"We definitely need fatter kids. The sugar and junk food isn’t making them obese fast enough. So, this is great news. Since Donald likes McDonald’s so much maybe they should have kids lunches too.",,PBS_NewsHour,https://reddit.com/r/PBS_NewsHour/comments/1qd092a/watch_trump_signs_a_law_returning_whole_milk_to/,2026-01-15T00:49:24,comment,https://reddit.com/r/PBS_NewsHour/comments/1qd092a/watch_trump_signs_a_law_returning_whole_milk_to/,t3_1qd092a,nzn8m52,positive,0.7036047577857971,positive,0.7036047577857971,0.8625,positive,True
reddit_comment,whole milk school,"Who wanted this? Literally no one but the diary industry cares about this. They have such odd priorities. Gotta get to 150 characters, so writing this pointless sentence so I can exceed it. Trump was friends with Epstein.",,PBS_NewsHour,https://reddit.com/r/PBS_NewsHour/comments/1qd092a/watch_trump_signs_a_law_returning_whole_milk_to/,2026-01-19T20:10:03,comment,https://reddit.com/r/PBS_NewsHour/comments/1qd092a/watch_trump_signs_a_law_returning_whole_milk_to/,t3_1qd092a,o0jdubf,negative,0.0080988239496946,negative,0.0080988239496946,0.7227,positive,False
reddit_comment,whole milk school,"Kids should be drinking either no milk or, at most, 2% milk. Water is a far healthier lunch beverage. Whole milk is incredibly unhealthy and should not be something anyone drinks straight.",,PBS_NewsHour,https://reddit.com/r/PBS_NewsHour/comments/1qd092a/watch_trump_signs_a_law_returning_whole_milk_to/,2026-01-15T00:13:18,comment,https://reddit.com/r/PBS_NewsHour/comments/1qd092a/watch_trump_signs_a_law_returning_whole_milk_to/,t3_1qd092a,nzn1yfc,neutral,0.0823751464486122,neutral,0.0823751464486122,-0.6115,negative,False
reddit,whole milk school,"Why the Trump Administration Is Obsessed With Whole Milk. Milk is mundane in most contexts, but you can’t help noticing when it is smeared across the upper lips of America’s government officials. An image of Donald Trump sporting a milk mustache and glowering over a glass of milk was just one of many dairy-themed posts shared by government accounts on X during the past week, all of which made clear that the milk was whole. In one video, a seemingly AI-generated Robert F. Kennedy Jr. takes a sip and is transported to a nightclub, suddenly milk-mustachioed; in another, former Housing Secretary Ben Carson raises a glass of full-fat and sports a white ’stache. The upper lips of the former collegiate swimmer Riley Gaines and the former NBA player Enes Kantor Freedom, among other personalities embraced by the right, also got the whole-milk treatment. The posts were shared to celebrate a big month for whole milk. On January 7, the Department of Agriculture released its updated Dietary Guidelines for Americans, which newly recommend whole dairy over low-fat products, and placed a carton of whole milk near the top of a revamped, upside-down food pyramid. Then, on Wednesday, President Trump signed into law a bill allowing schools to serve whole milk after more than a decade of being restricted to low-fat. Medical professionals, who have long advised people to avoid full-fat dairy because it contains high levels of saturated fat, were generally critical of the new dietary guidelines for milk. But Kennedy and Trump, along with other government officials, have framed it as a major win for health. Kennedy recently argued that America’s children have been missing out on key nutrients such as calcium and vitamin D because they don’t want to drink the low-fat milk served in schools. The new law, he said at its signing, embodies the new dietary guidelines’ directive to “eat real food.”",Why the Trump Administration Is Obsessed With Whole Milk,atlanticdiscussions,https://reddit.com/r/atlanticdiscussions/comments/1qh9osw/why_the_trump_administration_is_obsessed_with/,2026-01-19T16:57:58,post,,t3_1qh9osw,,neutral,0.0316950120031833,neutral,0.0316950120031833,0.9771,positive,False
reddit_comment,whole milk school,"Short answer: Like everything this administration does, pushing whole milk is a fascist dog whistle. Which sounds completely insane on the face of it, but it's the truth.",,atlanticdiscussions,https://reddit.com/r/atlanticdiscussions/comments/1qh9osw/why_the_trump_administration_is_obsessed_with/,2026-01-19T20:18:26,comment,https://reddit.com/r/atlanticdiscussions/comments/1qh9osw/why_the_trump_administration_is_obsessed_with/,t3_1qh9osw,o0jfmi0,negative,0.0070391143672168,negative,0.0070391143672168,0.1036,positive,False
reddit_comment,whole milk school,"Fuck it, do away with pasteurization too. It's woke ""science."" Scrofula for everyone!!!",,atlanticdiscussions,https://reddit.com/r/atlanticdiscussions/comments/1qh9osw/why_the_trump_administration_is_obsessed_with/,2026-01-19T19:01:46,comment,https://reddit.com/r/atlanticdiscussions/comments/1qh9osw/why_the_trump_administration_is_obsessed_with/,t3_1qh9osw,o0iyyyv,negative,0.0137979462742805,negative,0.0137979462742805,-0.6571,negative,True
reddit_comment,whole milk school,"This article touches on this, but really the whole milk thing is another push for ""purity."" RFK Jr doesn't just want us consuming whole milk, but doesn't want to put additives in it, like Vitamin A and Vitamin D. After a while, trying to make everything ""pure"" comes back around to [race science]( Again.",,atlanticdiscussions,https://reddit.com/r/atlanticdiscussions/comments/1qh9osw/why_the_trump_administration_is_obsessed_with/,2026-01-19T18:22:33,comment,https://reddit.com/r/atlanticdiscussions/comments/1qh9osw/why_the_trump_administration_is_obsessed_with/,t3_1qh9osw,o0iq0ne,neutral,0.0221584029495716,neutral,0.0221584029495716,0.8011,positive,False
reddit_comment,whole milk school,"I always assumed that this was a reference to Homelander from “The Boys” tv show, which started out as a parody of Trump and has since more or less become a template for Trump.",,atlanticdiscussions,https://reddit.com/r/atlanticdiscussions/comments/1qh9osw/why_the_trump_administration_is_obsessed_with/,2026-01-19T18:15:11,comment,https://reddit.com/r/atlanticdiscussions/comments/1qh9osw/why_the_trump_administration_is_obsessed_with/,t3_1qh9osw,o0iobwo,neutral,0.0285687893629074,neutral,0.0285687893629074,0.0,neutral,True
reddit_comment,whole milk school,Also I thought the dairy lobby liked skim milk because they can then sell more cheese.,,atlanticdiscussions,https://reddit.com/r/atlanticdiscussions/comments/1qh9osw/why_the_trump_administration_is_obsessed_with/,2026-01-19T17:52:25,comment,https://reddit.com/r/atlanticdiscussions/comments/1qh9osw/why_the_trump_administration_is_obsessed_with/,t3_1qh9osw,o0ij7nk,neutral,0.0934863984584808,neutral,0.0934863984584808,0.4404,positive,False
reddit_comment,whole milk school,"This whole business has unfortunate echoes of the groypers' performative videos of themselves chugging milk a few years ago because they found out that many non-white people have varying degrees of lactose intolerance. I have also see reporting (sorry, don't have a link) yesterday that this started as a RFK Jr appeal to promote drinking RAW milk, that the lawyers successfully explained as a Very Bad Idea, so at the last minute the administration switched it to promoting whole milk instead. Both of these things seem plausible right now.",,atlanticdiscussions,https://reddit.com/r/atlanticdiscussions/comments/1qh9osw/why_the_trump_administration_is_obsessed_with/,2026-01-19T17:35:53,comment,https://reddit.com/r/atlanticdiscussions/comments/1qh9osw/why_the_trump_administration_is_obsessed_with/,t3_1qh9osw,o0ifj6v,negative,0.0086686732247471,negative,0.0086686732247471,0.0534,positive,False
reddit,whole milk school,The President of The United States Of America returns whole milk to school lunches.. [ [ [ [ [ [ [ [ [**,The President of The United States Of America returns whole milk to school lunches.,Discussion,https://reddit.com/r/Discussion/comments/1qdab2m/the_president_of_the_united_states_of_america/,2026-01-15T04:52:08,post,,t3_1qdab2m,,neutral,0.0614412538707256,neutral,0.0614412538707256,0.4215,positive,False
reddit_comment,whole milk school,Did he hand deliver the milk to neighboring schools and leave with a few of the kids in the back of Air Force One? Just a little treat for old Donnie Boy. Gotta keep him awake during those long press conferences.,,Discussion,https://reddit.com/r/Discussion/comments/1qdab2m/the_president_of_the_united_states_of_america/,2026-01-15T04:55:57,comment,https://reddit.com/r/Discussion/comments/1qdab2m/the_president_of_the_united_states_of_america/,t3_1qdab2m,nzod4s6,neutral,0.0758518576622009,neutral,0.0758518576622009,0.6605,positive,False
reddit_comment,whole milk school,He’s just trying to fatten up the next crop.,,Discussion,https://reddit.com/r/Discussion/comments/1qdab2m/the_president_of_the_united_states_of_america/,2026-01-15T05:03:37,comment,https://reddit.com/r/Discussion/comments/1qdab2m/the_president_of_the_united_states_of_america/,t3_1qdab2m,nzoe7u5,neutral,0.210948184132576,neutral,0.210948184132576,0.0,neutral,True
reddit_comment,whole milk school,I’m not going to argue against whole milk. What I AM saying is that the new nutrition guides focus a bit too heavily on animal fats.,,Discussion,https://reddit.com/r/Discussion/comments/1qdab2m/the_president_of_the_united_states_of_america/,2026-01-15T05:24:19,comment,https://reddit.com/r/Discussion/comments/1qdab2m/the_president_of_the_united_states_of_america/,t3_1qdab2m,nzoh1up,negative,0.0243570543825626,negative,0.0243570543825626,0.2584,positive,False
reddit_comment,whole milk school,Iv never not seen whole milk as a choice in schools. I must be missing somthing? Release the unredacted epstein files.,,Discussion,https://reddit.com/r/Discussion/comments/1qdab2m/the_president_of_the_united_states_of_america/,2026-01-15T07:26:48,comment,https://reddit.com/r/Discussion/comments/1qdab2m/the_president_of_the_united_states_of_america/,t3_1qdab2m,nzovu2a,negative,0.0182403661310672,negative,0.0182403661310672,-0.296,negative,True
reddit_comment,whole milk school,Didnt he cancel almost all of the school lunch programs though?? So the kids get no food.. but whole milk?,,Discussion,https://reddit.com/r/Discussion/comments/1qdab2m/the_president_of_the_united_states_of_america/,2026-01-15T14:43:51,comment,https://reddit.com/r/Discussion/comments/1qdab2m/the_president_of_the_united_states_of_america/,t3_1qdab2m,nzqhb1m,negative,0.0061096819117665,negative,0.0061096819117665,-0.195,negative,True
reddit,whole milk school,"Nara review (switched from Bobbie Organic Whole Milk). Not really a recommendation, I just hadn't seen many reviews of Nara and just wanted to drop something in case someone is curious. We switched from Bobbie's Organic Whole Milk to Nara, only did one day of mixing the two, and then moved to making a full pitcher of Nara with zero adjusting-to-formula symptoms. I like that Nara is available at Target now, it's a little cheaper than Bobbie's Organic Whole Milk, and it has prebiotics (Bobbie has no prebiotics). The taste is pleasant, mild, and creamy. It mixes well in cold water. No metallic or cheesy smell. The powder sits in the can more loosely, it's not prone to packing down in the can like Bobbie is, which is nice. The scooper has a little holding spot inside the lid (and it's never missing, Bobbie cans have had missing scoopers periodically 🙄). The wider can is easier to scoop from—the metal lip on the narrow Bobbie cans cut my husband and me multiple times. The can has a spot to level your scoop with, which is so nice to have back. Bobbie cans do not have that. The scoop is smaller so it's 1 scoop per 1 ounce. Less math but more counting. My daughter takes 5-ounce bottles, and while we normally use the pitcher method, it will be nice to just be able to do five scoops if I have to make a bottle as a one-off. I need to just get a little scale already, but until then, I'm okay with the trade-off of more counting and less math. **Obligatory and sincere note:** Nara is not ""cleaner"" or closer to breast milk, that is marketing nonsense, and I don't like that they push this false narrative on their products. The best formula for your baby is the one you have access to that your baby likes. There is nothing inferior about traditional formulas nor specialty formulas that use glucose (corn syrup solids) as the carb source. I don't know why my daughter has had a better time with the whole milk formulas we've tried than the old school big brands, but it isn't because the whole milk is better or because the oils in the formula",Nara review (switched from Bobbie Organic Whole Milk),FormulaFeeders,https://reddit.com/r/FormulaFeeders/comments/1rwafm3/nara_review_switched_from_bobbie_organic_whole/,2026-03-17T15:53:36,post,,t3_1rwafm3,,neutral,0.2295907139778137,neutral,0.2295907139778137,0.9843,positive,False
reddit_comment,whole milk school,"I’m glad to see a genuine review of Nara from someone who’s not necessarily looking for a “clean” formula. I’m happy it’s working out for your daughter! I’ve been vocal about hating their marketing, specifically on TikTok.",,FormulaFeeders,https://reddit.com/r/FormulaFeeders/comments/1rwafm3/nara_review_switched_from_bobbie_organic_whole/,2026-03-17T15:59:32,comment,https://reddit.com/r/FormulaFeeders/comments/1rwafm3/nara_review_switched_from_bobbie_organic_whole/,t3_1rwafm3,oay90hy,positive,0.7334859371185303,positive,0.7334859371185303,0.5707,positive,True
reddit_comment,whole milk school,"As someone who doesn’t do pitcher method, I really wish one scoop to one ounce was standard! We usually just eyeballed a half scoop whenever baby was on 3 or 5oz, but I know you’re technically not supposed to, and it would be nice to be able to just make a bottle as intended.",,FormulaFeeders,https://reddit.com/r/FormulaFeeders/comments/1rwafm3/nara_review_switched_from_bobbie_organic_whole/,2026-03-17T16:35:56,comment,https://reddit.com/r/FormulaFeeders/comments/1rwafm3/nara_review_switched_from_bobbie_organic_whole/,t3_1rwafm3,oaygxbn,neutral,0.1212796047329902,neutral,0.1212796047329902,0.7731,positive,False
reddit_comment,whole milk school,"Just want to second everything in this review, our daughter was born late January and it just kind of timed out right with Nara coming on the market late last year. We started with Bobbie organic whole milk and I found the smell of it (both before going in and after being spit up) totally nauseating. Obviously that shouldn’t be the only metric in choosing a formula, but after switching to Nara I realize just how much the Bobbie smell was adding disgust to the whole transition toward combo feeding for us (which was stressful enough!) Our girl really loves it. My spouse doesn’t like the scoop as much as Bobbie - she typically mixes the bottles so I don’t entirely understand why it irritates her so much, but after mixing a bottle myself yesterday I can only say something about the scoop makes it hard to get the powder directly into a bottle without spilling. I got anxious after we switched because Nara has gotten a lot of hate on this forum for its aggressive marketing/branding as a “clean” formula, which seems to have provoked a lot of distrust here. That, plus the fact that it’s still relatively new and I think folks feel burned by the ByHeart botulism outbreak. All to say: our baby loves it. I don’t hate the smell of it. She is growing and thriving and eating heartily. Hope this helps anyone else if they’re considering Nara!",,FormulaFeeders,https://reddit.com/r/FormulaFeeders/comments/1rwafm3/nara_review_switched_from_bobbie_organic_whole/,2026-03-17T19:37:24,comment,https://reddit.com/r/FormulaFeeders/comments/1rwafm3/nara_review_switched_from_bobbie_organic_whole/,t3_1rwafm3,oazkp9q,negative,0.0311498306691646,negative,0.0311498306691646,-0.8672,negative,True
reddit_comment,whole milk school,I need to look up the research but I remember seeing studies showing that more DHA wasn’t beneficial. Something like the body can only absorb so much at a time. Don’t quote me on that. Just triggered my memory,,FormulaFeeders,https://reddit.com/r/FormulaFeeders/comments/1rwafm3/nara_review_switched_from_bobbie_organic_whole/,2026-03-17T23:59:55,comment,https://reddit.com/r/FormulaFeeders/comments/1rwafm3/nara_review_switched_from_bobbie_organic_whole/,t3_1rwafm3,ob12n3e,negative,0.0099853575229644,negative,0.0099853575229644,0.8174,positive,False
reddit_comment,whole milk school,"Unfortunately my baby absolutely hated it, would refuse to drink it and spit it out, so I have two full cans 😞",,FormulaFeeders,https://reddit.com/r/FormulaFeeders/comments/1rwafm3/nara_review_switched_from_bobbie_organic_whole/,2026-03-19T03:04:37,comment,https://reddit.com/r/FormulaFeeders/comments/1rwafm3/nara_review_switched_from_bobbie_organic_whole/,t3_1rwafm3,ob8ndka,negative,0.0094997566193342,negative,0.0094997566193342,-0.9041,negative,True
reddit_comment,whole milk school,We switched from a big brand to Nara and my son has done SO well on it!! His poops have become regular and I’m pleasantly surprised they’re yellow and seedy similar to breastfed poops! He’s also less gassy and seems much more comfortable. We also tried Bobbie but it smelled and tasted so metallic and seemed to give him a tummy ache. I also love that Nara’s powder is so light and fluffy and smells so pleasant. I’m very happy we found something that he’s doing well on! Thanks for reviewing I’m happy I see other babies thriving on the formula we use 💕,,FormulaFeeders,https://reddit.com/r/FormulaFeeders/comments/1rwafm3/nara_review_switched_from_bobbie_organic_whole/,2026-03-22T04:34:24,comment,https://reddit.com/r/FormulaFeeders/comments/1rwafm3/nara_review_switched_from_bobbie_organic_whole/,t3_1rwafm3,obsbtxq,positive,0.967326045036316,positive,0.967326045036316,0.9921,positive,True
reddit_comment,whole milk school,"I wanna second this. We went from the Bobbie gentle to Nara. My son had really bad gas and trouble pooping on Bobbie gentle. I was afraid to switch initially since he’d be going from a gentle to a whole milk formula, but I saw a ton of people were switching for the same reasons and nara worked well for them. He’s been on it for almost a week now, and the difference is night and day. Also his poops aren’t ridiculously green and stinky anymore; they’re yellow and seedy like they were on breastmilk. If there was a cheaper alternative for nara, I’d be all about it, but since there isn’t I’ll just go ahead and bite the bullet. I’m still very wary about the whole “issue with boutique formulas”, but idk if it works, it works, so I’ll keep using it. Colic or any kind of digestive baby issues ARE NOT FOR THE WEAK thats for sure.",,FormulaFeeders,https://reddit.com/r/FormulaFeeders/comments/1rwafm3/nara_review_switched_from_bobbie_organic_whole/,2026-04-05T06:43:02,comment,https://reddit.com/r/FormulaFeeders/comments/1rwafm3/nara_review_switched_from_bobbie_organic_whole/,t3_1rwafm3,oee4cqu,negative,0.0822728872299194,negative,0.0822728872299194,0.7526,positive,False
reddit,whole milk school,Trump Signs Law to Bring 2% and Whole Milk Back to Schools,Trump Signs Law to Bring 2% and Whole Milk Back to Schools,ConservativeNewsWeb,https://reddit.com/r/ConservativeNewsWeb/comments/1qd8bd7/trump_signs_law_to_bring_2_and_whole_milk_back_to/,2026-01-15T03:15:40,post,,t3_1qd8bd7,,neutral,0.0680372044444084,neutral,0.0680372044444084,0.0,neutral,True
reddit_comment,whole milk school,Great. More fat is in milk than the Epstein Files have been released.,,ConservativeNewsWeb,https://reddit.com/r/ConservativeNewsWeb/comments/1qd8bd7/trump_signs_law_to_bring_2_and_whole_milk_back_to/,2026-01-19T22:36:22,comment,https://reddit.com/r/ConservativeNewsWeb/comments/1qd8bd7/trump_signs_law_to_bring_2_and_whole_milk_back_to/,t3_1qd8bd7,o0k84i1,negative,0.1233197376132011,negative,0.1233197376132011,0.6249,positive,False
reddit_comment,whole milk school,Sleepy Donny dozed off in the middle of the ceremonial signing too. Pretty soon they'll stage these signing ceremonies with a wax figure of Trump in the chair and the autopen machine sitting in the middle of the desk.,,ConservativeNewsWeb,https://reddit.com/r/ConservativeNewsWeb/comments/1qd8bd7/trump_signs_law_to_bring_2_and_whole_milk_back_to/,2026-01-15T18:15:13,comment,https://reddit.com/r/ConservativeNewsWeb/comments/1qd8bd7/trump_signs_law_to_bring_2_and_whole_milk_back_to/,t3_1qd8bd7,nzrrmgx,neutral,0.0301508922129869,neutral,0.0301508922129869,0.4939,positive,False
reddit_comment,whole milk school,Release the Trump-Epstein Files!,,ConservativeNewsWeb,https://reddit.com/r/ConservativeNewsWeb/comments/1qd8bd7/trump_signs_law_to_bring_2_and_whole_milk_back_to/,2026-01-15T12:06:16,comment,https://reddit.com/r/ConservativeNewsWeb/comments/1qd8bd7/trump_signs_law_to_bring_2_and_whole_milk_back_to/,t3_1qd8bd7,nzpqiud,neutral,0.0898081958293914,neutral,0.0898081958293914,0.0,neutral,True
reddit_comment,whole milk school,"Nazi Nero is fiddling again? What a surprise. Release the Trumpstein Files, pedo.",,ConservativeNewsWeb,https://reddit.com/r/ConservativeNewsWeb/comments/1qd8bd7/trump_signs_law_to_bring_2_and_whole_milk_back_to/,2026-01-15T12:06:16,comment,https://reddit.com/r/ConservativeNewsWeb/comments/1qd8bd7/trump_signs_law_to_bring_2_and_whole_milk_back_to/,t3_1qd8bd7,nzpqisa,negative,0.006930963601917,negative,0.006930963601917,0.2732,positive,False
reddit_comment,whole milk school,"""Whole milk""????? Not good, but why should he care?",,ConservativeNewsWeb,https://reddit.com/r/ConservativeNewsWeb/comments/1qd8bd7/trump_signs_law_to_bring_2_and_whole_milk_back_to/,2026-01-15T10:32:24,comment,https://reddit.com/r/ConservativeNewsWeb/comments/1qd8bd7/trump_signs_law_to_bring_2_and_whole_milk_back_to/,t3_1qd8bd7,nzpfb4l,negative,0.0048459265381097,negative,0.0048459265381097,0.6764,positive,False
reddit_comment,whole milk school,Literally was always available,,ConservativeNewsWeb,https://reddit.com/r/ConservativeNewsWeb/comments/1qd8bd7/trump_signs_law_to_bring_2_and_whole_milk_back_to/,2026-01-15T07:15:39,comment,https://reddit.com/r/ConservativeNewsWeb/comments/1qd8bd7/trump_signs_law_to_bring_2_and_whole_milk_back_to/,t3_1qd8bd7,nzoulfq,positive,0.6239624619483948,positive,0.6239624619483948,0.0,neutral,False
reddit_comment,whole milk school,Cool. He's also a pedophile and is sending armed gangs door to door to abduct brown people,,ConservativeNewsWeb,https://reddit.com/r/ConservativeNewsWeb/comments/1qd8bd7/trump_signs_law_to_bring_2_and_whole_milk_back_to/,2026-01-15T06:52:01,comment,https://reddit.com/r/ConservativeNewsWeb/comments/1qd8bd7/trump_signs_law_to_bring_2_and_whole_milk_back_to/,t3_1qd8bd7,nzorw4u,negative,0.0085315834730863,negative,0.0085315834730863,0.3182,positive,False
reddit_comment,whole milk school,Americans are dying while republican Nazis fiddle.,,ConservativeNewsWeb,https://reddit.com/r/ConservativeNewsWeb/comments/1qd8bd7/trump_signs_law_to_bring_2_and_whole_milk_back_to/,2026-01-15T05:37:08,comment,https://reddit.com/r/ConservativeNewsWeb/comments/1qd8bd7/trump_signs_law_to_bring_2_and_whole_milk_back_to/,t3_1qd8bd7,nzoiqeb,negative,0.0081816017627716,negative,0.0081816017627716,0.0,neutral,False
reddit_comment,whole milk school,"Thank God, what were we gonna do without... The EPSTEIN FILES?!?!?!!??",,ConservativeNewsWeb,https://reddit.com/r/ConservativeNewsWeb/comments/1qd8bd7/trump_signs_law_to_bring_2_and_whole_milk_back_to/,2026-01-15T04:16:01,comment,https://reddit.com/r/ConservativeNewsWeb/comments/1qd8bd7/trump_signs_law_to_bring_2_and_whole_milk_back_to/,t3_1qd8bd7,nzo7d0r,positive,0.9060209393501282,positive,0.9060209393501282,0.7736,positive,True
reddit,whole milk school,"Keeping opened whole milk last longer in the fridge. I know eventually opened milk goes bad but just in case there are ways out there I dont know of. I only need milk over the weekend for coffee (weekdays the office has it), even with the quart size it's hard to not go bad for more than 2 weeks after opening. Sometimes if I get the half gallon one, I notice with the cap, seems like it goes a little longer than the quart one, which you have to tear it open. After I noticed the difference, I tape/seal (using some wall painting tape) the tear open area and it goes a little longer too. Would appreciate if anyone else knows a better way for this. I am in the US. Edit: wow... thx for all the suggestions! I am Chinese and fresh milk was very expensive when I grew up in Guangzhou back in the early 90's. My mom somehow thinks that real milk would boost my height so she did buy me the only fresh milk available back then (in a very small pink milk carton box, I still remember it tastes so....good... the rest are the artificial ones in plastic bags flowing in a hot water pot with the lady selling them on the curb. Once a kid pays for it, she opens a small corner with scissor, put in a straw, you can just hold the bag, sip it while walking to school) It was a dream came true when I see so much whole milk available to drink in Safeway arriving in the US in the late 90's. btw, I did grow to 5'4, which is consider a good height for southern girl. My mom's about 5' or a little shorter. &amp;#x200B;",Keeping opened whole milk last longer in the fridge,Cooking,https://reddit.com/r/Cooking/comments/10h170u/keeping_opened_whole_milk_last_longer_in_the/,2023-01-20T16:26:05,post,,t3_10h170u,,neutral,0.0504822954535484,neutral,0.0504822954535484,0.9911,positive,False
reddit_comment,whole milk school,Have you tried cream for your coffee? My cream always seems to last much longer than milk.,,Cooking,https://reddit.com/r/Cooking/comments/10h170u/keeping_opened_whole_milk_last_longer_in_the/,2023-01-20T16:43:31,comment,https://reddit.com/r/Cooking/comments/10h170u/keeping_opened_whole_milk_last_longer_in_the/,t3_10h170u,j55usur,neutral,0.2201707363128662,neutral,0.2201707363128662,0.0,neutral,True
reddit_comment,whole milk school,Also expensive but you could see about getting ultra pasteurized milk. I get it and personally I find it tastes better (has less of an aftertaste) and lasts so much longer than the regular jugs at the grocery store. Overall it's less waste for me. You'll know it's ultra pasteurized when the best by/sell by date is much further out but it probably says it on the label too.,,Cooking,https://reddit.com/r/Cooking/comments/10h170u/keeping_opened_whole_milk_last_longer_in_the/,2023-01-20T17:27:50,comment,https://reddit.com/r/Cooking/comments/10h170u/keeping_opened_whole_milk_last_longer_in_the/,t3_10h170u,j561y8m,positive,0.6290463209152222,positive,0.6290463209152222,0.8121,positive,True
reddit_comment,whole milk school,"Any objections here to freezing? Only used as creamer for coffee, so texture not such a problem. Mini- ice cube trays, perhaps? Individual portions to be microwaved or just ""plopped"" into hot coffee.",,Cooking,https://reddit.com/r/Cooking/comments/10h170u/keeping_opened_whole_milk_last_longer_in_the/,2023-01-20T16:38:34,comment,https://reddit.com/r/Cooking/comments/10h170u/keeping_opened_whole_milk_last_longer_in_the/,t3_10h170u,j55u05n,neutral,0.0997581258416175,neutral,0.0997581258416175,0.3,positive,False
reddit_comment,whole milk school,"Put the milk in the back of the fridge. When you open and close the fridge, the things in the front soak up a lot of that heat. Also, your fridge door can pull heat from your kitchen into the fridge even when closed. Keeping my fridge as cold as possible, and putting milk in the back has allowed me to keep milk a month past it's expiration date. Also, don't leave it out, pour your milk and put it right back in. Always worked for me.",,Cooking,https://reddit.com/r/Cooking/comments/10h170u/keeping_opened_whole_milk_last_longer_in_the/,2023-01-20T18:21:52,comment,https://reddit.com/r/Cooking/comments/10h170u/keeping_opened_whole_milk_last_longer_in_the/,t3_10h170u,j56aord,neutral,0.1948970854282379,neutral,0.1948970854282379,0.0382,neutral,True
reddit_comment,whole milk school,Another option is the small cans of evaporated milk.,,Cooking,https://reddit.com/r/Cooking/comments/10h170u/keeping_opened_whole_milk_last_longer_in_the/,2023-01-20T18:03:44,comment,https://reddit.com/r/Cooking/comments/10h170u/keeping_opened_whole_milk_last_longer_in_the/,t3_10h170u,j567rys,neutral,0.0757921263575553,neutral,0.0757921263575553,0.0,neutral,True
reddit_comment,whole milk school,"Have you tried Horizon whole milk? You can buy it at Target, a six-pack of 8oz cartons for $7.60. It's shelf stable, so you only need to pop one into the fridge each week for use. Six weeks worth, instead of buying a quart each week and wondering if it's dodgy by the second weekend. The disappointment over a weekend coffee with only sour milk will even out the cost differential quickly...",,Cooking,https://reddit.com/r/Cooking/comments/10h170u/keeping_opened_whole_milk_last_longer_in_the/,2023-01-20T18:45:12,comment,https://reddit.com/r/Cooking/comments/10h170u/keeping_opened_whole_milk_last_longer_in_the/,t3_10h170u,j56efd5,positive,0.5695691704750061,positive,0.5695691704750061,-0.2732,negative,False
reddit_comment,whole milk school,"You can buy those little creamer cups, like what you see in gas stations.",,Cooking,https://reddit.com/r/Cooking/comments/10h170u/keeping_opened_whole_milk_last_longer_in_the/,2023-01-20T16:49:22,comment,https://reddit.com/r/Cooking/comments/10h170u/keeping_opened_whole_milk_last_longer_in_the/,t3_10h170u,j55vqnw,neutral,0.1200505048036575,neutral,0.1200505048036575,0.3041,positive,False
reddit_comment,whole milk school,"Go check out organic milk. Label on mine reads ""ultra filtered lactose free"". It's pricier than regular but the date on mine is 2/10/23. Brand name is fairlife.",,Cooking,https://reddit.com/r/Cooking/comments/10h170u/keeping_opened_whole_milk_last_longer_in_the/,2023-01-20T18:02:07,comment,https://reddit.com/r/Cooking/comments/10h170u/keeping_opened_whole_milk_last_longer_in_the/,t3_10h170u,j567iu9,neutral,0.2882984578609466,neutral,0.2882984578609466,0.2846,positive,False
reddit_comment,whole milk school,Almond/soy milk or creamer could be a good alternative,,Cooking,https://reddit.com/r/Cooking/comments/10h170u/keeping_opened_whole_milk_last_longer_in_the/,2023-01-20T17:00:42,comment,https://reddit.com/r/Cooking/comments/10h170u/keeping_opened_whole_milk_last_longer_in_the/,t3_10h170u,j55xl4p,neutral,0.3081038892269134,neutral,0.3081038892269134,0.4404,positive,False
reddit_comment,whole milk school,You can try those tiny bottles of milk that apparently can be kept at room temperature. My parents stated doing that for me so there is milk for coffee when I visit (very sweet &lt;3) and it gets the job done as far as I am concerned. They have the Horizon brand I think. So you just crack open a small 6-8 oz bottle and use it up by the weekend.,,Cooking,https://reddit.com/r/Cooking/comments/10h170u/keeping_opened_whole_milk_last_longer_in_the/,2023-01-20T17:46:55,comment,https://reddit.com/r/Cooking/comments/10h170u/keeping_opened_whole_milk_last_longer_in_the/,t3_10h170u,j5651ns,positive,0.8662945032119751,positive,0.8662945032119751,0.5095,positive,True
reddit,whole milk school,"Trump signs bill reversing Obama-era school lunch policy, allowing whole and 2% milk again","Trump signs bill reversing Obama-era school lunch policy, allowing whole and 2% milk again",conservatives,https://reddit.com/r/conservatives/comments/1qdoyix/trump_signs_bill_reversing_obamaera_school_lunch/,2026-01-15T16:57:29,post,,t3_1qdoyix,,neutral,0.2827081978321075,neutral,0.2827081978321075,0.0,neutral,True
reddit_comment,whole milk school,So glad common sense is back in the drivers seat. Remember back in the ‘80’s when they tried to make ketchup a vegetable?,,conservatives,https://reddit.com/r/conservatives/comments/1qdoyix/trump_signs_bill_reversing_obamaera_school_lunch/,2026-01-15T17:34:53,comment,https://reddit.com/r/conservatives/comments/1qdoyix/trump_signs_bill_reversing_obamaera_school_lunch/,t3_1qdoyix,nzrilwk,positive,0.4253591299057007,positive,0.4253591299057007,0.5095,positive,True
reddit_comment,whole milk school,Why is the president involved in school lunches anyways? The biggest issue that's been trending in the past 100 years is overinvolvement of the government. The best governments are hardly there.,,conservatives,https://reddit.com/r/conservatives/comments/1qdoyix/trump_signs_bill_reversing_obamaera_school_lunch/,2026-01-16T09:30:51,comment,https://reddit.com/r/conservatives/comments/1qdoyix/trump_signs_bill_reversing_obamaera_school_lunch/,t3_1qdoyix,nzw4ws3,negative,0.0164775699377059,negative,0.0164775699377059,0.6369,positive,False
reddit,whole milk school,Pa. State Legislators Pushing For Whole Milk In School Cafeterias,Pa. State Legislators Pushing For Whole Milk In School Cafeterias,Pennsylvania,https://reddit.com/r/Pennsylvania/comments/tqzm32/pa_state_legislators_pushing_for_whole_milk_in/,2022-03-29T13:21:15,post,,t3_tqzm32,,neutral,0.0540040843188762,neutral,0.0540040843188762,0.0,neutral,True
reddit_comment,whole milk school,"If the PA legislature is for it, I suspect it had more to do with finances and the PA dairy farmers having a place to sell their product than for the health of the kids. But, for the kids is a better spin.",,Pennsylvania,https://reddit.com/r/Pennsylvania/comments/tqzm32/pa_state_legislators_pushing_for_whole_milk_in/,2022-03-29T14:33:33,comment,https://reddit.com/r/Pennsylvania/comments/tqzm32/pa_state_legislators_pushing_for_whole_milk_in/,t3_tqzm32,i2khbi0,neutral,0.0476103462278842,neutral,0.0476103462278842,0.5023,positive,False
reddit_comment,whole milk school,"Offer both options. In a world where plenty of other issues should be taking priority, what is the big deal?",,Pennsylvania,https://reddit.com/r/Pennsylvania/comments/tqzm32/pa_state_legislators_pushing_for_whole_milk_in/,2022-03-29T16:31:12,comment,https://reddit.com/r/Pennsylvania/comments/tqzm32/pa_state_legislators_pushing_for_whole_milk_in/,t3_tqzm32,i2kzdmn,neutral,0.0585674010217189,neutral,0.0585674010217189,0.0,neutral,True
reddit_comment,whole milk school,I understand that legislatures can tackle multiple bills at the same time and they often do. But we as Pennsylvania have bigger problems to deal with then whole vs. skim milk. If the sponsor of the bill really gave two fucks about kids nutrition then he'd probably want to make sure school lunches are healthy as whole meal and not one part of it.,,Pennsylvania,https://reddit.com/r/Pennsylvania/comments/tqzm32/pa_state_legislators_pushing_for_whole_milk_in/,2022-03-29T14:28:06,comment,https://reddit.com/r/Pennsylvania/comments/tqzm32/pa_state_legislators_pushing_for_whole_milk_in/,t3_tqzm32,i2kgiv9,negative,0.0312177501618862,negative,0.0312177501618862,-0.2836,negative,True
reddit_comment,whole milk school,"On a lunch tray that likely gets almost all of its calories from carbs, pushing a few calories into slow -to-digest milk fat seems like a good idea",,Pennsylvania,https://reddit.com/r/Pennsylvania/comments/tqzm32/pa_state_legislators_pushing_for_whole_milk_in/,2022-03-29T13:34:57,comment,https://reddit.com/r/Pennsylvania/comments/tqzm32/pa_state_legislators_pushing_for_whole_milk_in/,t3_tqzm32,i2k8zwz,neutral,0.3033205270767212,neutral,0.3033205270767212,0.6597,positive,False
reddit_comment,whole milk school,Big milk at it again.,,Pennsylvania,https://reddit.com/r/Pennsylvania/comments/tqzm32/pa_state_legislators_pushing_for_whole_milk_in/,2022-03-29T20:27:29,comment,https://reddit.com/r/Pennsylvania/comments/tqzm32/pa_state_legislators_pushing_for_whole_milk_in/,t3_tqzm32,i2m0rxq,negative,0.0698636919260025,negative,0.0698636919260025,0.0,neutral,False
reddit_comment,whole milk school,"Why don't we stop feeding them pizza, mozzarella sticks, and other junk food, if we're worried about school lunches.",,Pennsylvania,https://reddit.com/r/Pennsylvania/comments/tqzm32/pa_state_legislators_pushing_for_whole_milk_in/,2022-03-29T19:17:18,comment,https://reddit.com/r/Pennsylvania/comments/tqzm32/pa_state_legislators_pushing_for_whole_milk_in/,t3_tqzm32,i2lprfh,negative,0.0118083367124199,negative,0.0118083367124199,-0.0803,negative,True
reddit_comment,whole milk school,Good. There is nothing wrong with saturated fat from whole milk. We have been fed this lie since the early 1960's.,,Pennsylvania,https://reddit.com/r/Pennsylvania/comments/tqzm32/pa_state_legislators_pushing_for_whole_milk_in/,2022-03-29T17:52:21,comment,https://reddit.com/r/Pennsylvania/comments/tqzm32/pa_state_legislators_pushing_for_whole_milk_in/,t3_tqzm32,i2lc8nf,negative,0.0377590022981166,negative,0.0377590022981166,0.6656,positive,False
reddit_comment,whole milk school,"I’m beginning to enjoy this sub as one of my favorites if for no other reason than I find the colorful characters who routinely post statements or hold nonsensical positions highly amusing. Now, to be fair, I’m not a trained dietician, but I do drink milk, so I’m at least as qualified as everyone else that publicly weighed in on this subreddit. Generally speaking (special diets/medical considerations excluded), whole milk (3.5% fat) is healthier than reduced fat milk (2.0% fat) or skim milk (0.02% fat). There are several arguments for this position. First, the lesser fat milk choices lose nutritional value when they are “skimmed,” and nutrients must be added back during processing. Also, high levels of sugars are added to the lesser fat milks during their processing, and when it comes to overall health, in most scenarios simple sugars prove more detrimental than any other calorie source. We know them as “bad carbohydrates.” I’ve always believed the closer we can mimic our Neanderthal ancestors in the type foods we eat, their condition of preparedness (raw - as nature intended, warmed, fully cooked), and manner in which we eat (three square meals versus numerous mouthfuls throughout the day), the healthier we will be as a matter of evolutionary default. Yes, the Industrial Revolution is suspect for conditioning us that we should subscribe to the breakfast, lunch, and dinner model. Finally, is a mere 1.5% difference between whole and 2.0% milk really cause to dig deep in crying government conspiracy, or are we more wise to save such a scathing indictment of our government for the clearly obvious conspiracies which may include a costly failing war on drugs, Area 51, or Yeti sightings, to name a few? Follow me for more diet and nutrition tips and ticks.",,Pennsylvania,https://reddit.com/r/Pennsylvania/comments/tqzm32/pa_state_legislators_pushing_for_whole_milk_in/,2022-03-29T17:57:05,comment,https://reddit.com/r/Pennsylvania/comments/tqzm32/pa_state_legislators_pushing_for_whole_milk_in/,t3_tqzm32,i2lczca,positive,0.8860451579093933,positive,0.8860451579093933,-0.6617,negative,False
reddit_comment,whole milk school,Fuck yes full fat always. Get outta here with that milk colored water BS,,Pennsylvania,https://reddit.com/r/Pennsylvania/comments/tqzm32/pa_state_legislators_pushing_for_whole_milk_in/,2022-03-29T16:34:21,comment,https://reddit.com/r/Pennsylvania/comments/tqzm32/pa_state_legislators_pushing_for_whole_milk_in/,t3_tqzm32,i2kzvo3,negative,0.0142621723935008,negative,0.0142621723935008,-0.2023,negative,True
reddit_comment,whole milk school,I don't really know enough about milk but aren't they sort of similar in the nutrition field? Quick googling seems to say that but yea lol That said I'd wager dairy farmers are pushing this for various reasons.,,Pennsylvania,https://reddit.com/r/Pennsylvania/comments/tqzm32/pa_state_legislators_pushing_for_whole_milk_in/,2022-03-29T15:33:53,comment,https://reddit.com/r/Pennsylvania/comments/tqzm32/pa_state_legislators_pushing_for_whole_milk_in/,t3_tqzm32,i2kqerj,neutral,0.1160859838128089,neutral,0.1160859838128089,0.5719,positive,False
reddit,whole milk school,Trump signs bill allowing schools to serve whole milk after more than a decade of being restricted to low-fat,Trump signs bill allowing schools to serve whole milk after more than a decade of being restricted to low-fat,WhatTrumpHasDone,https://reddit.com/r/WhatTrumpHasDone/comments/1qhe9eo/trump_signs_bill_allowing_schools_to_serve_whole/,2026-01-19T19:36:36,post,,t3_1qhe9eo,,neutral,0.1634120345115661,neutral,0.1634120345115661,-0.3818,negative,False
reddit_comment,whole milk school,Free firewall workaround:,,WhatTrumpHasDone,https://reddit.com/r/WhatTrumpHasDone/comments/1qhe9eo/trump_signs_bill_allowing_schools_to_serve_whole/,2026-01-19T19:36:58,comment,https://reddit.com/r/WhatTrumpHasDone/comments/1qhe9eo/trump_signs_bill_allowing_schools_to_serve_whole/,t3_1qhe9eo,o0j6o60,neutral,0.3199347555637359,neutral,0.3199347555637359,0.5106,positive,False
reddit,whole milk school,The President of The United States Of America returns whole milk to school lunches,The President of The United States Of America returns whole milk to school lunches.,constitutional_MAGA,https://reddit.com/r/constitutional_MAGA/comments/1qdapg8/the_president_of_the_united_states_of_america/,2026-01-15T05:11:51,post,,t3_1qdapg8,,neutral,0.2650190591812134,neutral,0.2650190591812134,0.4215,positive,False
reddit_comment,whole milk school,"I’ve never been a milk drinker but I am not going to deny the greatness milk gives to the body! I’m glad to hear it’s back. Now let’s bring back PE, the Arts and everyday Home Ec classes with money management too!",,constitutional_MAGA,https://reddit.com/r/constitutional_MAGA/comments/1qdapg8/the_president_of_the_united_states_of_america/,2026-01-15T16:49:37,comment,https://reddit.com/r/constitutional_MAGA/comments/1qdapg8/the_president_of_the_united_states_of_america/,t3_1qdapg8,nzr8kl2,positive,0.9231966733932496,positive,0.9231966733932496,0.7985,positive,True
reddit,whole milk school,"Trump signs bill reversing Obama-era school lunch policy, allowing whole and 2% milk again","Trump signs bill reversing Obama-era school lunch policy, allowing whole and 2% milk again",OANN,https://reddit.com/r/OANN/comments/1qd79kh/trump_signs_bill_reversing_obamaera_school_lunch/,2026-01-15T02:28:27,post,,t3_1qd79kh,,neutral,0.2827081978321075,neutral,0.2827081978321075,0.0,neutral,True
reddit_comment,whole milk school,"Hi, there /u/benhaswings! Welcome to /r/OANN. As a reminder, this sub is for discussion, memes, and news about Trump and pro-Trump candidates. __We've taken America back in 2024 Now The Real Work Begins!__ *** Recommended Subs | Important Links :---------------: | :-------------: r/TomHoman | [Wiki]( r/LibTears | [Discord]( r/Trumped | [User Flair Policy]( r/TheBidenshitshow | [Rules]( r/AskThe_Donald | [Rules Enforcement]( r/BridgeTheAisle | [Truth Social]( r/TrueConservativelifestyle | r/TheDonaldTrump2024 r/ElMAGA2024 | *** *I am a bot, and this action was performed automatically. Please [contact the moderators of this subreddit](/message/compose/?to=/r/OANN) if you have any questions or concerns.*",,OANN,https://reddit.com/r/OANN/comments/1qd79kh/trump_signs_bill_reversing_obamaera_school_lunch/,2026-01-15T02:28:28,comment,https://reddit.com/r/OANN/comments/1qd79kh/trump_signs_bill_reversing_obamaera_school_lunch/,t3_1qd79kh,nznpuqs,positive,0.7543147802352905,positive,0.7543147802352905,0.7955,positive,True
reddit,whole milk school,Breaking: Whole Milk Back in School Lunches,Breaking: Whole Milk Back in School Lunches,FringeTheory,https://reddit.com/r/FringeTheory/comments/1qeyhow/breaking_whole_milk_back_in_school_lunches/,2026-01-17T01:01:27,post,,t3_1qeyhow,,neutral,0.0675723850727081,neutral,0.0675723850727081,0.0,neutral,True
reddit,whole milk school,Breaking: Whole Milk Back in School Lunches,Breaking: Whole Milk Back in School Lunches,ResilientPhysiology,https://reddit.com/r/ResilientPhysiology/comments/1qeyheh/breaking_whole_milk_back_in_school_lunches/,2026-01-17T01:01:10,post,,t3_1qeyheh,,neutral,0.0675723850727081,neutral,0.0675723850727081,0.0,neutral,True
reddit,whole milk school,Trump signs the Whole Milk for Healthy Kids Act in support with RFK Jr.'s Make America Healthy Again movement. More children in schools will get whole milk,Trump signs the Whole Milk for Healthy Kids Act in support with RFK Jr.'s Make America Healthy Again movement. More children in schools will get whole milk.,The_Political_Arena,https://reddit.com/r/The_Political_Arena/comments/1qech6t/trump_signs_the_whole_milk_for_healthy_kids_act/,2026-01-16T10:26:06,post,,t3_1qech6t,,positive,0.7752143144607544,positive,0.7752143144607544,0.7964,positive,True
reddit,whole milk school,"Trump signs bill reversing Obama-era school lunch policy, allowing whole and 2% milk again","Trump signs bill reversing Obama-era school lunch policy, allowing whole and 2% milk again",NewRepublicans,https://reddit.com/r/NewRepublicans/comments/1qdoxwf/trump_signs_bill_reversing_obamaera_school_lunch/,2026-01-15T16:56:54,post,,t3_1qdoxwf,,neutral,0.2827081978321075,neutral,0.2827081978321075,0.0,neutral,True
reddit,whole milk school,Trump Signs Law to Bring 2% and Whole Milk Back to Schools,Trump Signs Law to Bring 2% and Whole Milk Back to Schools,NewsWhatever,https://reddit.com/r/NewsWhatever/comments/1qdohr1/trump_signs_law_to_bring_2_and_whole_milk_back_to/,2026-01-15T16:40:33,post,,t3_1qdohr1,,neutral,0.0680372044444084,neutral,0.0680372044444084,0.0,neutral,True
reddit,whole milk school,[Health] - Whole milk headed back to school cafeterias after Trump signs law as experts tout benefits,[Health] - Whole milk headed back to school cafeterias after Trump signs law as experts tout benefits,FOXauto,https://reddit.com/r/FOXauto/comments/1qdhxda/health_whole_milk_headed_back_to_school/,2026-01-15T12:14:19,post,,t3_1qdhxda,,neutral,0.069467008113861,neutral,0.069467008113861,0.2732,positive,False
reddit,whole milk school,WATCH: Trump signs a law returning whole milk to school lunches - PBS,WATCH: Trump signs a law returning whole milk to school lunches - PBS,tomorrowsworld,https://reddit.com/r/tomorrowsworld/comments/1qdgeer/watch_trump_signs_a_law_returning_whole_milk_to/,2026-01-15T10:48:45,post,,t3_1qdgeer,,neutral,0.1274369060993194,neutral,0.1274369060993194,0.0,neutral,True
reddit,whole milk school,Trump signs bill allowing whole milk back in school meals. Making milk great again,Trump signs bill allowing whole milk back in school meals,NoFilterNews,https://reddit.com/r/NoFilterNews/comments/1qe5fnd/trump_signs_bill_allowing_whole_milk_back_in/,2026-01-16T03:48:48,post,,t3_1qe5fnd,,positive,0.8774397969245911,positive,0.8774397969245911,0.6249,positive,True
reddit,whole milk school,Trump Signs Law to Bring 2% and Whole Milk Back to Schools,Trump Signs Law to Bring 2% and Whole Milk Back to Schools,NewsWhatever,https://reddit.com/r/NewsWhatever/comments/1qd7j85/trump_signs_law_to_bring_2_and_whole_milk_back_to/,2026-01-15T02:40:20,post,,t3_1qd7j85,,neutral,0.0680372044444084,neutral,0.0680372044444084,0.0,neutral,True
reddit,whole milk school,WATCH: Trump signs a law returning whole milk to school lunches - PBS,WATCH: Trump signs a law returning whole milk to school lunches - PBS,tomorrowsworld,https://reddit.com/r/tomorrowsworld/comments/1qd23el/watch_trump_signs_a_law_returning_whole_milk_to/,2026-01-14T22:48:49,post,,t3_1qd23el,,neutral,0.1274369060993194,neutral,0.1274369060993194,0.0,neutral,True
reddit,whole milk school,Trump signs bill returning whole milk to US school lunches,Trump signs bill returning whole milk to US school lunches,TheColorIsBlue,https://reddit.com/r/TheColorIsBlue/comments/1qd21ch/trump_signs_bill_returning_whole_milk_to_us/,2026-01-14T22:46:26,post,,t3_1qd21ch,,neutral,0.1635976880788803,neutral,0.1635976880788803,0.0,neutral,True
reddit,whole milk school,"Trump signs a law returning whole milk to school lunches. Whole milk is heading back to [school cafeterias]( across the country after President Donald Trump signed a bill Wednesday overturning Obama-era limits on higher-fat milk options. Nondairy drinks such as fortified soy milk may also be on the menu in the coming months following adoption of the [Whole Milk for Healthy Kids Act]( which cleared Congress in the fall. The action allows schools participating in the National School Lunch Program to serve whole and 2% fat milk along with the skim and low-fat products required since 2012. “Whether you’re a Democrat or a Republican, whole milk is a great thing,” Trump said at a White House signing ceremony that featured lawmakers, dairy farmers and their children. The law also permits schools to serve nondairy milk that meets the nutritional standards of milk and requires schools to offer a nondairy milk alternative if kids provide a note from their parents, not just from doctors, saying they have a dietary restriction",Trump signs a law returning whole milk to school lunches,UsaNewsLive,https://reddit.com/r/UsaNewsLive/comments/1qd1cnt/trump_signs_a_law_returning_whole_milk_to_school/,2026-01-14T22:19:49,post,,t3_1qd1cnt,,neutral,0.3167562782764435,neutral,0.3167562782764435,0.7269,positive,False
reddit,whole milk school,[US] - Trump signs bill returning whole milk to school lunches,[US] - Trump signs bill returning whole milk to school lunches,GUARDIANauto,https://reddit.com/r/GUARDIANauto/comments/1qd0pri/us_trump_signs_bill_returning_whole_milk_to/,2026-01-14T21:55:24,post,,t3_1qd0pri,,neutral,0.1189055070281028,neutral,0.1189055070281028,0.0,neutral,True
reddit,whole milk school,[World] - Trump signs bill returning whole milk to school lunches,[World] - Trump signs bill returning whole milk to school lunches,GUARDIANauto,https://reddit.com/r/GUARDIANauto/comments/1qd0mbp/world_trump_signs_bill_returning_whole_milk_to/,2026-01-14T21:51:40,post,,t3_1qd0mbp,,neutral,0.1671703159809112,neutral,0.1671703159809112,0.0,neutral,True
reddit,whole milk school,[Politics] - WATCH: Trump signs a law returning whole milk to school lunches,[Politics] - WATCH: Trump signs a law returning whole milk to school lunches,PBSauto,https://reddit.com/r/PBSauto/comments/1qd0bvf/politics_watch_trump_signs_a_law_returning_whole/,2026-01-14T21:40:23,post,,t3_1qd0bvf,,neutral,0.0431607328355312,neutral,0.0431607328355312,0.0,neutral,True
reddit,whole milk school,[National] - Trump Signs Bill Allowing Schools to Serve Whole Milk Again,[National] - Trump Signs Bill Allowing Schools to Serve Whole Milk Again,NYTauto,https://reddit.com/r/NYTauto/comments/1qcz3cw/national_trump_signs_bill_allowing_schools_to/,2026-01-14T20:53:30,post,,t3_1qcz3cw,,neutral,0.1125207915902137,neutral,0.1125207915902137,0.0,neutral,True
reddit,whole milk school,[Education] - Trump Signs Bill Allowing Schools to Serve Whole Milk Again,[Education] - Trump Signs Bill Allowing Schools to Serve Whole Milk Again,NYTauto,https://reddit.com/r/NYTauto/comments/1qcyypn/education_trump_signs_bill_allowing_schools_to/,2026-01-14T20:48:32,post,,t3_1qcyypn,,neutral,0.1327416002750396,neutral,0.1327416002750396,0.0,neutral,True
reddit,whole milk school,"[Politics] - Trump to tear up Obama-era school lunch rules blocking whole, 2% milk","[Politics] - Trump to tear up Obama-era school lunch rules blocking whole, 2% milk",FOXauto,https://reddit.com/r/FOXauto/comments/1qcumue/politics_trump_to_tear_up_obamaera_school_lunch/,2026-01-14T18:10:22,post,,t3_1qcumue,,negative,0.0136364288628101,negative,0.0136364288628101,-0.3818,negative,True
reddit,whole milk school,"Is Saturated Fat Back On The Menu? What To Know As RFK Jr. Touts Whole Milk And Beef tallow. Decades of data shows that eating saturated fat raises LDL cholesterol levels and contributes to heart disease. Nov. 2, 2025, 4:15 AM CST By Barbara Mantel Changes may be coming to the U.S. dietary guidelines: If public comments from Health Secretary Robert F. Kennedy Jr., are any indication, Americans could see a big difference when it comes to saturated fat. In July, [Kennedy said at a meeting]( of the National Governors Association that new guidelines would be “common sense” and “stress the need to eat saturated fats, dairy, good meat, and fresh meat and vegetables.” He has [called guidelines that promote low-fat dairy]( over full-fat versions “antiquated.” He has also [praised fast-food chains]( that have switched their fryers from vegetable oil to beef tallow. [Beef tallow is 50% saturated fat]( Saturated fats are known to [raise the risk]( of heart attack, stroke and other types of cardiovascular disease. For 45 years, [federal dietary guidelines have recommended]( Americans eat less of them. Kennedy’s comments suggest that the Agriculture and Health and Human Services departments may ignore the committee’s advice for the 2025 dietary guidelines, said Eric Rimm, a professor of epidemiology and nutrition at the Harvard T.H. Chan School of Public Health. “We all are waiting to read it,” he said. HHS press secretary Emily Hilliard said in an email: “Secretary Kennedy is committed to new dietary recommendations that are rooted in rigorous science. The 2025-2030 Dietary Guidelines for Americans will be a big part of the Trump Administration’s commitment to Make America Healthy Again.” Much more at link: [What the science says about saturated fats after RFK Jr.'s comments]( **\_\_\_\_\_\_\_\_\_\_\_\_\_\_\_\_\_\_\_\_\_\_\_\_\_\_\_\_\_\_\_\_\_\_\_\_\_\_\_\_\_\_\_\_\_\_\_\_\_\_\_\_\_\_\_\_\_\_\_\_\_\_\_\_\_\_\_\_\_\_\_\_\_\_\_\_\_\_\_\_\_\_\_\_\_\_\_\_\_\_** **Good gosh, who is more insane, Kennedy, or tRump? Is Kennedy touting fats because of tRump's obsession with ju",Is Saturated Fat Back On The Menu? What To Know As RFK Jr. Touts Whole Milk And Beef tallow,Bluewave_facts,https://reddit.com/r/Bluewave_facts/comments/1omguh1/is_saturated_fat_back_on_the_menu_what_to_know_as/,2025-11-02T13:08:58,post,,t3_1omguh1,,neutral,0.0263824816793203,neutral,0.0263824816793203,0.942,positive,False
reddit_comment,whole milk school,"This is nuts, I have liver disease and fats are not on the menu. I eat a plant rich diet with no beef and reduced fat content. I have a MAGA nephew that has liver problems also and he’s following this crazy regimen. The Keto diet. I think rich in protein. I seriously talked to his mom my sister and got a blank look. They will gladly die for this administration. So crazy.",,Bluewave_facts,https://reddit.com/r/Bluewave_facts/comments/1omguh1/is_saturated_fat_back_on_the_menu_what_to_know_as/,2025-11-02T15:32:54,comment,https://reddit.com/r/Bluewave_facts/comments/1omguh1/is_saturated_fat_back_on_the_menu_what_to_know_as/,t3_1omguh1,nmpu7pl,negative,0.0320472121238708,negative,0.0320472121238708,-0.7944,negative,True
reddit_comment,whole milk school,"If you listen to the advice that this idiot gives on Health, it would be quicker to just take a rope, find a tree, make a noose, and get it over with.",,Bluewave_facts,https://reddit.com/r/Bluewave_facts/comments/1omguh1/is_saturated_fat_back_on_the_menu_what_to_know_as/,2025-11-02T15:34:54,comment,https://reddit.com/r/Bluewave_facts/comments/1omguh1/is_saturated_fat_back_on_the_menu_what_to_know_as/,t3_1omguh1,nmpulqy,negative,0.0107478965073823,negative,0.0107478965073823,-0.596,negative,True
reddit_comment,whole milk school,"What I want to know and see is the ""rigorous science"" that these ""new dietary recommendations are rooted in"". ""Common sense"" doesn't cut it. Especially from [an environmental lawyer who has no background, experience, education in the health/medical industry]( *NONE whatsoever.* And let's not forget that [he has already backtracked on his Tylenol/autism claim]( Jeezus, this guy is just throwing shit against the wall and none of it seems to be sticking. Much like the burger and ketchup TACO threw against the wall in the WH dining room leaving them both standing amid a sloppy, messy pile of crap.",,Bluewave_facts,https://reddit.com/r/Bluewave_facts/comments/1omguh1/is_saturated_fat_back_on_the_menu_what_to_know_as/,2025-11-02T16:52:09,comment,https://reddit.com/r/Bluewave_facts/comments/1omguh1/is_saturated_fat_back_on_the_menu_what_to_know_as/,t3_1omguh1,nmq9um9,negative,0.0091390563175082,negative,0.0091390563175082,-0.7731,negative,True
reddit,whole milk school,"My 10yo is no longer obese and is now at a healthy weight for her age/height.. About a year ago, my daughter’s doctor pulled me aside at the end of her appointment and mentioned her weight as a problem (for which I am grateful - my dr. has never said anything to me about mine even though I know I have issues as well). I really struggled with the advice from a nutritionist. The meals at school aren’t healthy - despite everything being “whole grain” they get as many chocolate milk cartons as they want and dessert with both breakfast and lunch. I don’t have the time to pack lunches or make breakfast for 5 kids since I’m out the door by 5am for work. Her dad’s family is full of obese people who think healthy food is expensive and saves it for the adults who are currently doing whatever crash diet is popular at the time. All I really have control over is weeknight dinners and meals every other weekend. So this is what I did: added a vegetable to every meal at home besides breakfast (still can’t figure that one out), I stopped buying snacks and desserts unless it was for a holiday or birthday and then moderated the leftover portions with meals until they were gone, and I signed all the kids up for every sport they showed even the slightest interest in. And that was it. She grew 4 inches and lost 6lbs over the course of a year. Nobody felt like they were on a diet. The rest of the kids are still healthy even though they were all at healthy weights before we started our “diet.” Her doctor didn’t say anything to her at her appointment but gave me a thumbs up on the way out. I’m still obese and figuring out how to handle my stress without medicating it with food, but I’m so proud of her, and of myself really. She can practice with the other gymnasts without feeling self-conscious in her leotard. She wears a sports bra and shorts to cheer practice like all the other girls without hiding herself behind baggy sweats. And best of all, she has no idea she was ever on a diet or that her weight was a concern. She just thinks that this is life: being active and",My 10yo is no longer obese and is now at a healthy weight for her age/height.,loseit,https://reddit.com/r/loseit/comments/eanm9s/my_10yo_is_no_longer_obese_and_is_now_at_a/,2019-12-14T18:52:58,post,,t3_eanm9s,,neutral,0.3077430725097656,neutral,0.3077430725097656,0.9799,positive,False
reddit_comment,whole milk school,"As someone who was failed by his parents when it comes to nutrition: Thank you for doing right by your daughter. She's just a year or two from walking in from school and making her own snacks, so you may want to think about that next.",,loseit,https://reddit.com/r/loseit/comments/eanm9s/my_10yo_is_no_longer_obese_and_is_now_at_a/,2019-12-14T19:18:48,comment,https://reddit.com/r/loseit/comments/eanm9s/my_10yo_is_no_longer_obese_and_is_now_at_a/,t3_eanm9s,fauq6fp,neutral,0.3981547653675079,neutral,0.3981547653675079,-0.0609,negative,False
reddit_comment,whole milk school,"Thank you for going about it so delicately. My mother always tried to manage my weight - she’s said she put me on a diet *at the age of two*, and I attended two different weight watcher-type programs by the seventh grade, despite in retrospect really not being that overweight at all (I’d be absolutely fine with having my teenage body shape now - I’d be bangin’...). I often wonder if she had just let it be, if I’d have figured things out for myself earlier. At least I might not have such an emotional relationship with food... and a less complicated relationship with my mom.",,loseit,https://reddit.com/r/loseit/comments/eanm9s/my_10yo_is_no_longer_obese_and_is_now_at_a/,2019-12-14T20:08:08,comment,https://reddit.com/r/loseit/comments/eanm9s/my_10yo_is_no_longer_obese_and_is_now_at_a/,t3_eanm9s,fauyrgt,positive,0.6525170207023621,positive,0.6525170207023621,0.8368,positive,True
reddit_comment,whole milk school,"As someone who was a mostly healthy weight as a child and gained a lot of weight once I became an adult and left home, it is good to install healthy exercise habits now! I wish I liked exercise. It wasn’t something we did, and it still is really not a habit for me even though it is an appetite suppressant, mood enhancer, weight loss assister and illness preventer. ( I tell myself that to make myself do it)",,loseit,https://reddit.com/r/loseit/comments/eanm9s/my_10yo_is_no_longer_obese_and_is_now_at_a/,2019-12-14T19:39:06,comment,https://reddit.com/r/loseit/comments/eanm9s/my_10yo_is_no_longer_obese_and_is_now_at_a/,t3_eanm9s,faut0uh,positive,0.7686388492584229,positive,0.7686388492584229,0.8932,positive,True
reddit_comment,whole milk school,Kudos to you and your daughter’s Dr for addressing her weight without giving her a complex about it. Great job mom!,,loseit,https://reddit.com/r/loseit/comments/eanm9s/my_10yo_is_no_longer_obese_and_is_now_at_a/,2019-12-14T19:28:07,comment,https://reddit.com/r/loseit/comments/eanm9s/my_10yo_is_no_longer_obese_and_is_now_at_a/,t3_eanm9s,faur7t4,positive,0.9448596835136414,positive,0.9448596835136414,0.7688,positive,True
reddit_comment,whole milk school,A note about veggies is you can usually add to eggs somewhat omelette style. At least that’s been an way way for me to get my veggies in. That and any snacks of a healthier nature. But it sounds like you’ve gotten it handed. That’s fabulous news that you’re helping your kids be healthy.,,loseit,https://reddit.com/r/loseit/comments/eanm9s/my_10yo_is_no_longer_obese_and_is_now_at_a/,2019-12-14T19:40:16,comment,https://reddit.com/r/loseit/comments/eanm9s/my_10yo_is_no_longer_obese_and_is_now_at_a/,t3_eanm9s,fauth3m,positive,0.7503250241279602,positive,0.7503250241279602,0.9349,positive,True
reddit_comment,whole milk school,"This honestly made me tear up. You never put this on her, you put healthy steps in her path and she took to them like a fish to water. I'm so proud of you!",,loseit,https://reddit.com/r/loseit/comments/eanm9s/my_10yo_is_no_longer_obese_and_is_now_at_a/,2019-12-14T20:00:48,comment,https://reddit.com/r/loseit/comments/eanm9s/my_10yo_is_no_longer_obese_and_is_now_at_a/,t3_eanm9s,faux4bw,positive,0.965321719646454,positive,0.965321719646454,0.9097,positive,True
reddit_comment,whole milk school,"I found it so easy to keep my kids slim without being weird or obsessive, having obnoxious food rules, denying them treats, etc. It can be done without them ever really knowing if you’re just logical about it. Anyway, you did a great job, congrats!",,loseit,https://reddit.com/r/loseit/comments/eanm9s/my_10yo_is_no_longer_obese_and_is_now_at_a/,2019-12-14T19:06:11,comment,https://reddit.com/r/loseit/comments/eanm9s/my_10yo_is_no_longer_obese_and_is_now_at_a/,t3_eanm9s,fauolzf,positive,0.8451104164123535,positive,0.8451104164123535,0.7751,positive,True
reddit_comment,whole milk school,Take care of yourself as well because how they see you treat yourself will be just as big an influence as what you feed them while they are young. Keep up the good work.,,loseit,https://reddit.com/r/loseit/comments/eanm9s/my_10yo_is_no_longer_obese_and_is_now_at_a/,2019-12-14T21:30:06,comment,https://reddit.com/r/loseit/comments/eanm9s/my_10yo_is_no_longer_obese_and_is_now_at_a/,t3_eanm9s,favhxql,positive,0.8384005427360535,positive,0.8384005427360535,0.872,positive,True
reddit_comment,whole milk school,Thank you so much for being inconspicuous about it. I would have appreciated this as a kid. Kudos to the dr too.,,loseit,https://reddit.com/r/loseit/comments/eanm9s/my_10yo_is_no_longer_obese_and_is_now_at_a/,2019-12-14T20:35:59,comment,https://reddit.com/r/loseit/comments/eanm9s/my_10yo_is_no_longer_obese_and_is_now_at_a/,t3_eanm9s,fav5bho,positive,0.8284400105476379,positive,0.8284400105476379,0.8442,positive,True
reddit,whole milk school,"Sen. Justice co-sponsors bill to put whole milk back in school cafeterias. How is this going to make kids healthier? Whole milk could return as an option in school cafeterias, according to a bill supported by Sen. Jim Justice. The Republican Senator from West Virginia signed on as co-sponsor of the “Whole Milk for Healthy Kids Act of 2025.” “I am proud to be a co-sponsor of this bill \[and\] glad to see it pass out of committee! Whole milk is vital to children’s growth and bone strength. It is time to bring it back in schools!” Justice [posted]( Wednesday on X. [",Sen. Justice co-sponsors bill to put whole milk back in school cafeterias,WestVirginiaPolitics,https://reddit.com/r/WestVirginiaPolitics/comments/1l6ogxz/sen_justice_cosponsors_bill_to_put_whole_milk/,2025-06-08T22:15:46,post,,t3_1l6ogxz,,positive,0.7625962495803833,positive,0.7625962495803833,0.9816,positive,True
reddit_comment,whole milk school,There is plenty of things to judge Justice on but this ain't it. Bringing back nutritionally and caloric dense milk in a state where some kids this is their only meal is perfectly fine by me. If you care so much then tell your kids to not drink it. It's that easy.,,WestVirginiaPolitics,https://reddit.com/r/WestVirginiaPolitics/comments/1l6ogxz/sen_justice_cosponsors_bill_to_put_whole_milk/,2025-06-09T00:06:24,comment,https://reddit.com/r/WestVirginiaPolitics/comments/1l6ogxz/sen_justice_cosponsors_bill_to_put_whole_milk/,t3_1l6ogxz,mwqvewu,negative,0.0154220946133136,negative,0.0154220946133136,0.9604,positive,False
reddit_comment,whole milk school,Recent science suggests they may actually be right on this one: [ &gt;Observational research suggests that higher cow-milk fat intake is associated with lower childhood adiposity. International guidelines that recommend reduced-fat milk for children might not lower the risk of childhood obesity.,,WestVirginiaPolitics,https://reddit.com/r/WestVirginiaPolitics/comments/1l6ogxz/sen_justice_cosponsors_bill_to_put_whole_milk/,2025-06-08T22:25:10,comment,https://reddit.com/r/WestVirginiaPolitics/comments/1l6ogxz/sen_justice_cosponsors_bill_to_put_whole_milk/,t3_1l6ogxz,mwqdyog,neutral,0.0622408203780651,neutral,0.0622408203780651,0.4592,positive,False
reddit_comment,whole milk school,"But they don't get the lunches provided at no cost anymore, correct? I would be pushing for the impoverished children to get lunches at all awhile at school before I would this. At least with school lunch we knew they got a meal in daily. There are more food insecure in WV area than people know. Look for the lower wage working class families that make just above the wage limit to qualify for state assistance. These families are the ones that struggle a lot with food. With food banks funding cut, there isn't much left out there in terms of available resources.",,WestVirginiaPolitics,https://reddit.com/r/WestVirginiaPolitics/comments/1l6ogxz/sen_justice_cosponsors_bill_to_put_whole_milk/,2025-06-10T17:25:01,comment,https://reddit.com/r/WestVirginiaPolitics/comments/1l6ogxz/sen_justice_cosponsors_bill_to_put_whole_milk/,t3_1l6ogxz,mx1uvyl,negative,0.0241419319063425,negative,0.0241419319063425,-0.9362,negative,True
reddit_comment,whole milk school,I can't hate on him for this one. Wv kids are fucking nutrient starved. Sucking down takis and Mt dew ain't it,,WestVirginiaPolitics,https://reddit.com/r/WestVirginiaPolitics/comments/1l6ogxz/sen_justice_cosponsors_bill_to_put_whole_milk/,2025-06-09T11:03:21,comment,https://reddit.com/r/WestVirginiaPolitics/comments/1l6ogxz/sen_justice_cosponsors_bill_to_put_whole_milk/,t3_1l6ogxz,mwt72jo,negative,0.0111106280237436,negative,0.0111106280237436,-0.2217,negative,True
reddit_comment,whole milk school,Unless you're lactose intolerant (which was me) this isn't too bad.,,WestVirginiaPolitics,https://reddit.com/r/WestVirginiaPolitics/comments/1l6ogxz/sen_justice_cosponsors_bill_to_put_whole_milk/,2025-06-10T17:41:04,comment,https://reddit.com/r/WestVirginiaPolitics/comments/1l6ogxz/sen_justice_cosponsors_bill_to_put_whole_milk/,t3_1l6ogxz,mx1yesb,neutral,0.1337132751941681,neutral,0.1337132751941681,0.431,positive,False
reddit_comment,whole milk school,That should make West Virginia all better . Justice is an Idiot. But we West Virginians love to vote in Criminals and Idiots .,,WestVirginiaPolitics,https://reddit.com/r/WestVirginiaPolitics/comments/1l6ogxz/sen_justice_cosponsors_bill_to_put_whole_milk/,2025-06-08T22:42:32,comment,https://reddit.com/r/WestVirginiaPolitics/comments/1l6ogxz/sen_justice_cosponsors_bill_to_put_whole_milk/,t3_1l6ogxz,mwqgz0m,negative,0.0357860475778579,negative,0.0357860475778579,0.4118,positive,False
reddit_comment,whole milk school,"Not a Justice fan at all, but this ain't the one.",,WestVirginiaPolitics,https://reddit.com/r/WestVirginiaPolitics/comments/1l6ogxz/sen_justice_cosponsors_bill_to_put_whole_milk/,2025-06-09T01:08:09,comment,https://reddit.com/r/WestVirginiaPolitics/comments/1l6ogxz/sen_justice_cosponsors_bill_to_put_whole_milk/,t3_1l6ogxz,mwr5lhj,negative,0.013168710283935,negative,0.013168710283935,-0.3333,negative,True
reddit_comment,whole milk school,That fat mf shouldn’t be signing or co-signing anything health related.,,WestVirginiaPolitics,https://reddit.com/r/WestVirginiaPolitics/comments/1l6ogxz/sen_justice_cosponsors_bill_to_put_whole_milk/,2025-06-08T22:27:36,comment,https://reddit.com/r/WestVirginiaPolitics/comments/1l6ogxz/sen_justice_cosponsors_bill_to_put_whole_milk/,t3_1l6ogxz,mwqedsc,negative,0.0230194088071584,negative,0.0230194088071584,0.0,neutral,False
reddit,whole milk school,"Entitled Mother throws tantrum over whole milk. Disclaimer first time posting here and I’m on mobile. This happened back in 2016 when I was 18 and working at a grocery store. This was in a pretty small town so right away I could tell that these people had never come in before. Cast: M- Me EM- entitled mother H- embarrassed husband So it was a pretty chill day at work. I was a cashier so I was doing my thing, scanning shit and what not when in comes this tall skinny white Lady in workout gear and her husband who looks dead inside. Immediately I see she had WIC coupons so before I scan anything I ask to see them so I can check them and do what I gotta do. For those of you who aren’t familiar WIC is basically free food for mothers with babies. Unlike food stamps you have to get exactly what’s on the coupons. There is absolutely no exception to this. If it says vanilla yogurt then you have to get vanilla yogurt and it has to be the size stated. Anyways I see that her coupon says 2% milk and she has whole milk on the belt so I point out that she has the wrong milk. Immediately the attitude starts. M: this is the wrong milk you have to get 2% EM: rolls eyes and huffs “ it says milk, 2% so I can get any milk because it has a comma” M: ???????? Um no it has to be the milk specified. The comma doesn’t mean you can have whole milk EM: well I want whole milk 2% has too much sugar! M: then you have to pay for the milk the coupon won’t cover it EM: this is ridiculous! All the other stores let me get whole! M: well all the other stores are doing it wrong and I’m not going to get fired over this. H: I’ll just get the 2% it’s fine. So he leaves and brings back the milk only for the EM to throw another hissy fit and say she doesn’t want it so now I have 4 Gallons of milk on my register so the box boy (old school grocery store where dudes bag groceries and bring them to your car) goes and starts taking the milks back because they can’t be unrefrigerated that long. A this point the EM goes to the managers and starts screaming at th",Entitled Mother throws tantrum over whole milk,entitledparents,https://reddit.com/r/entitledparents/comments/cb8pi4/entitled_mother_throws_tantrum_over_whole_milk/,2019-07-09T23:31:26,post,,t3_cb8pi4,,negative,0.0469120368361473,negative,0.0469120368361473,-0.9526,negative,True
reddit_comment,whole milk school,"\&gt; 2% has too much sugar Okay, I know I'm wrong in trying to make sense of this, but ... what?!?",,entitledparents,https://reddit.com/r/entitledparents/comments/cb8pi4/entitled_mother_throws_tantrum_over_whole_milk/,2019-07-09T23:34:40,comment,https://reddit.com/r/entitledparents/comments/cb8pi4/entitled_mother_throws_tantrum_over_whole_milk/,t3_cb8pi4,etdu4ky,negative,0.007673944812268,negative,0.007673944812268,-0.3076,negative,True
reddit_comment,whole milk school,Dis boi needs sum milk,,entitledparents,https://reddit.com/r/entitledparents/comments/cb8pi4/entitled_mother_throws_tantrum_over_whole_milk/,2019-07-09T23:34:31,comment,https://reddit.com/r/entitledparents/comments/cb8pi4/entitled_mother_throws_tantrum_over_whole_milk/,t3_cb8pi4,etdu42w,neutral,0.0929428189992904,neutral,0.0929428189992904,0.0,neutral,True
reddit_comment,whole milk school,"WT....no, I read the title wrong, fuck my dirty brain",,entitledparents,https://reddit.com/r/entitledparents/comments/cb8pi4/entitled_mother_throws_tantrum_over_whole_milk/,2019-07-10T00:40:17,comment,https://reddit.com/r/entitledparents/comments/cb8pi4/entitled_mother_throws_tantrum_over_whole_milk/,t3_cb8pi4,etdzmk2,negative,0.0056296410039067,negative,0.0056296410039067,-0.8591,negative,True
reddit_comment,whole milk school,White trash. Sounds about right.,,entitledparents,https://reddit.com/r/entitledparents/comments/cb8pi4/entitled_mother_throws_tantrum_over_whole_milk/,2019-07-09T23:36:05,comment,https://reddit.com/r/entitledparents/comments/cb8pi4/entitled_mother_throws_tantrum_over_whole_milk/,t3_cb8pi4,etdu8u6,negative,0.0224702898412942,negative,0.0224702898412942,0.0,neutral,False
reddit_comment,whole milk school,clearly someone's never heard not to cry over spilled milk,,entitledparents,https://reddit.com/r/entitledparents/comments/cb8pi4/entitled_mother_throws_tantrum_over_whole_milk/,2019-07-10T01:33:12,comment,https://reddit.com/r/entitledparents/comments/cb8pi4/entitled_mother_throws_tantrum_over_whole_milk/,t3_cb8pi4,ete41wz,negative,0.0202299673110246,negative,0.0202299673110246,0.6433,positive,False
reddit_comment,whole milk school,"Ah WIC... The bane of every cashier. Happens all the time with people arguing about what they want to get versus what is plainly stated on the sheet. I had to call a CSM all the time to explain to them that we lose a lot of money and get in a lot of trouble if we don't follow it word for word. Also lots of complaints from customers because it takes a bit longer to run WIC, since you have to get the signature, run it through the printer, and it's just a whole mess of steps that have to be done in the right order.",,entitledparents,https://reddit.com/r/entitledparents/comments/cb8pi4/entitled_mother_throws_tantrum_over_whole_milk/,2019-07-10T02:12:54,comment,https://reddit.com/r/entitledparents/comments/cb8pi4/entitled_mother_throws_tantrum_over_whole_milk/,t3_cb8pi4,ete7bk3,negative,0.0097255799919366,negative,0.0097255799919366,-0.9062,negative,True
reddit_comment,whole milk school,"A couple stores that my wife and I would go to would usually allow us to switch out for some kind of equivalent, if they were either out of that particular item, or we just didn't want to get it. I guess it really depends on the area you're in.",,entitledparents,https://reddit.com/r/entitledparents/comments/cb8pi4/entitled_mother_throws_tantrum_over_whole_milk/,2019-07-10T03:37:22,comment,https://reddit.com/r/entitledparents/comments/cb8pi4/entitled_mother_throws_tantrum_over_whole_milk/,t3_cb8pi4,eteduxv,neutral,0.0500190444290638,neutral,0.0500190444290638,0.1724,positive,False
reddit_comment,whole milk school,&gt; old school grocery store where dudes bag groceries and bring them to your car This is old-fashioned? I don't think I've ever shopped at a grocery store where this wasn't the case.,,entitledparents,https://reddit.com/r/entitledparents/comments/cb8pi4/entitled_mother_throws_tantrum_over_whole_milk/,2019-07-10T06:38:45,comment,https://reddit.com/r/entitledparents/comments/cb8pi4/entitled_mother_throws_tantrum_over_whole_milk/,t3_cb8pi4,etep5cw,neutral,0.0754368603229522,neutral,0.0754368603229522,0.0,neutral,True
reddit_comment,whole milk school,"I don't really like 2% either, but that's no reason to be an entitled twatwaffle. Just buy the damn milk or suck it up and drink the 2%.",,entitledparents,https://reddit.com/r/entitledparents/comments/cb8pi4/entitled_mother_throws_tantrum_over_whole_milk/,2019-07-10T06:57:43,comment,https://reddit.com/r/entitledparents/comments/cb8pi4/entitled_mother_throws_tantrum_over_whole_milk/,t3_cb8pi4,eteq4q4,negative,0.0082116220146417,negative,0.0082116220146417,-0.8486,negative,True
reddit_comment,whole milk school,OP: excuse me miss- EM: GET YOUR MANAGER. YOUR GOING TO GET FIRED!!!!!!!,,entitledparents,https://reddit.com/r/entitledparents/comments/cb8pi4/entitled_mother_throws_tantrum_over_whole_milk/,2019-07-10T05:10:42,comment,https://reddit.com/r/entitledparents/comments/cb8pi4/entitled_mother_throws_tantrum_over_whole_milk/,t3_cb8pi4,etek4vd,negative,0.0101930629462003,negative,0.0101930629462003,-0.7783,negative,True
reddit,whole milk school,"Is whole milk really unhealthy? Why RFK Jr. promotes full-fat dairy.. The U.S. government soured on whole milk a half-century ago. Now the Trump administration wants Americans to drink it up. Health and Human Services Secretary Robert F. Kennedy Jr. has said for months that he wants the government to endorse full-fat dairy products, reversing its stance that Americans should consume low-fat milk and cheese to reduce their risk of heart disease, diabetes and obesity. Federal officials are preparing to allow children to get whole milk at school and through one of the biggest food assistance programs, according to a leaked draft of the White House’s “Make Our Children Healthy Again Strategy.” The embrace of whole milk fits into Kennedy’s movement to “Make America Healthy Again,” which challenges established nutritional thinking and promotes food with little processing. But unlike some of Kennedy’s challenges to established science — such as promoting raw milk and blasting the childhood immunization schedule — his push for whole milk has broad and mainstream appeal. It unites the secretary’s MAHA supporters, industry groups and many nutritionists, who describe the government’s stance on fat as out of sync with the latest science. New research offers mounting evidence that full-fat milk, cheese and yogurt offer their own health benefits and aren’t less healthy than low-fat versions. Some experts argue that more evidence is needed before abandoning decades of guidance promoting low-fat dairy options, but others say that time has come",Is whole milk really unhealthy? Why RFK Jr. promotes full-fat dairy.,WhatTrumpHasDone,https://reddit.com/r/WhatTrumpHasDone/comments/1n5abrl/is_whole_milk_really_unhealthy_why_rfk_jr/,2025-09-01T00:15:56,post,,t3_1n5abrl,,neutral,0.0269096009433269,neutral,0.0269096009433269,0.9356,positive,False
reddit,whole milk school,"My bf threw out all my make up and skincare... So I made a post explaining the whole situation earlier but basically my bf / father of my kids threw away my make up. I’m a sahm don’t have any income he only gives me money for bills and gas. He refuses to by me make up so I’ve been without an income for about 8months. Well he threw away my makeup because we got into this big fight and I threw away his bong (he’s been smoking in the garage where the kids play) well I’ve been saving up money from babysitting and collecting soda can to recycle to buy some make up and he threw everything away when he came home he was gone all day and I didn’t notice until later in the evening bc I was packing for my trip. And I realized that all my makeup &amp; skincare was gone pallets that I’ve had for years! When he got home from the fair (that he told me I couldn’t go with them). I confronted him I asked him why did he throw away my make up and he straight up denying it he told m he didn’t know what I was talking about. &amp; yea he just kept saying it wasn’t him. I might have believed him if it wasn’t for the fact that all my makeup up from 3 different locations were gone, my purse, the restroom, and our room. He has thrown it in the big dumpster in two separate bags (the restroom bag) and the kitchen where he poured what looked like chocolate milk on my brushes. I’m at a loss for words I don’t even know how to go on from this. I don’t want to be with him but I don’t have a job I’m finally getting to go back to school, we’re renting his dads house and he’s told me that I can leave but the kids and going anywhere that this is there home. I know he will fight for full custody if we split he’s literally told me that he’ll never leave me but he treats me like this",My bf threw out all my make up and skincare..,WhatShouldIDo,https://reddit.com/r/WhatShouldIDo/comments/1rrkobt/my_bf_threw_out_all_my_make_up_and_skincare/,2026-03-12T07:59:14,post,,t3_1rrkobt,,negative,0.0120370537042617,negative,0.0120370537042617,0.6012,positive,False
reddit_comment,whole milk school,"Listen, darling. You're being abused. You describe financial abuse, and where that is present, other types of abuse are usually not far off - he's obviously treating you like shit and has no respect for you so I'm gonna go out on a limb and guess there's emotional abuse present too, at least. Please contact the nearest women's shelter, for advice on how to get yourself out of this situation. He's using the kids as weapons. He will only fight for full custody as long as he knows you will fight back. He doesn't really want full custody. He doesn't want the work or responsibility that comes with taking care of kids. The women's shelter (or DV hotline) can advise you further. That is number one. Get yourself in touch with women in your area, that do this for a living. Getting yourself out of this situation is number one. Then you can start thinking of rebuilding your life, and making a life for yourself where you don't have to ever depend on a man again. Good luck.",,WhatShouldIDo,https://reddit.com/r/WhatShouldIDo/comments/1rrkobt/my_bf_threw_out_all_my_make_up_and_skincare/,2026-03-12T08:10:24,comment,https://reddit.com/r/WhatShouldIDo/comments/1rrkobt/my_bf_threw_out_all_my_make_up_and_skincare/,t3_1rrkobt,oa05i17,negative,0.008991771377623,negative,0.008991771377623,-0.9172,negative,True
reddit_comment,whole milk school,Get out now! Don’t stay with this loser!!,,WhatShouldIDo,https://reddit.com/r/WhatShouldIDo/comments/1rrkobt/my_bf_threw_out_all_my_make_up_and_skincare/,2026-03-12T08:08:29,comment,https://reddit.com/r/WhatShouldIDo/comments/1rrkobt/my_bf_threw_out_all_my_make_up_and_skincare/,t3_1rrkobt,oa05avn,negative,0.0111863510683178,negative,0.0111863510683178,-0.7074,negative,True
reddit_comment,whole milk school,"Well yes, he’s an abusive and controlling arsehole and you do need to leave. Speak with a women’s organisation near you who can advise and help you plan. There will be places you can go with the children in the first instance, and you take it one step at a time from there. It will be difficult but it can be done. Do you have family who could take you in? Never ever be in a position where you have no access to family finances again. Don’t get pregnant in the meantime.",,WhatShouldIDo,https://reddit.com/r/WhatShouldIDo/comments/1rrkobt/my_bf_threw_out_all_my_make_up_and_skincare/,2026-03-12T08:12:48,comment,https://reddit.com/r/WhatShouldIDo/comments/1rrkobt/my_bf_threw_out_all_my_make_up_and_skincare/,t3_1rrkobt,oa05qvk,negative,0.0220217797905206,negative,0.0220217797905206,-0.4588,negative,True
reddit_comment,whole milk school,Your problems are far more than him throwing away your makeup. Grab your kid and any pets and head to a shelter. He is abusive and will get worse,,WhatShouldIDo,https://reddit.com/r/WhatShouldIDo/comments/1rrkobt/my_bf_threw_out_all_my_make_up_and_skincare/,2026-03-12T08:18:39,comment,https://reddit.com/r/WhatShouldIDo/comments/1rrkobt/my_bf_threw_out_all_my_make_up_and_skincare/,t3_1rrkobt,oa06c1g,negative,0.0072618811391294,negative,0.0072618811391294,-0.875,negative,True
reddit_comment,whole milk school,"You have to make an escape plan for you and the kids. Get help from people where you study. I will say that makeup goes off, so if you had those things for years it’s probably best to get new stuff so you don’t get infections.",,WhatShouldIDo,https://reddit.com/r/WhatShouldIDo/comments/1rrkobt/my_bf_threw_out_all_my_make_up_and_skincare/,2026-03-12T08:13:54,comment,https://reddit.com/r/WhatShouldIDo/comments/1rrkobt/my_bf_threw_out_all_my_make_up_and_skincare/,t3_1rrkobt,oa05uu4,neutral,0.1226391717791557,neutral,0.1226391717791557,0.8225,positive,False
reddit_comment,whole milk school,"You’re in an abusive relationship and you’re unable to see it clearly because you’re in it. Start saving, start planning, start preparing. Get an escape plan. Round up any and all support you can get— people you trust. You need to leave this man and you need to take your children with you. You need to do it safely. How old are your kids? Has he ever hit you? Has he ever hit them? Why did you quit your job? Do either of you struggle with substance abuse? How many kids do you have total? If you are not on birth control you need to get on it asap, do not have any more children with this man.",,WhatShouldIDo,https://reddit.com/r/WhatShouldIDo/comments/1rrkobt/my_bf_threw_out_all_my_make_up_and_skincare/,2026-03-12T08:09:54,comment,https://reddit.com/r/WhatShouldIDo/comments/1rrkobt/my_bf_threw_out_all_my_make_up_and_skincare/,t3_1rrkobt,oa05g4n,negative,0.0213718805462121,negative,0.0213718805462121,0.3939,positive,False
reddit_comment,whole milk school,"This is emotional abuse, get out",,WhatShouldIDo,https://reddit.com/r/WhatShouldIDo/comments/1rrkobt/my_bf_threw_out_all_my_make_up_and_skincare/,2026-03-12T08:27:57,comment,https://reddit.com/r/WhatShouldIDo/comments/1rrkobt/my_bf_threw_out_all_my_make_up_and_skincare/,t3_1rrkobt,oa079pb,negative,0.0073879002593457,negative,0.0073879002593457,-0.5574,negative,True
reddit_comment,whole milk school,"Honey you’re in an abusive relationship. The financial aspect is financial abuse and the destruction of your property is a form of emotional abuse. I’m going to give you information on both; but first of all, you need help. Call an [abuse]( [hotline]( Talk to them. Talk to trusted family and friends. See a therapist trained in abuse if you can afford / access it. (No couple’s counselling - it’s [not recommended]( in these instances.) You need to make a [Safety]( [Plan]( this week. You need to learn more about emotional abuse, financial abuse and trauma bonding. Do some (safe) reading. Understand how the cycles of abuse work, the tactics he uses to control you (even the smaller ones you probably haven’t noticed), and the way the cycles of abuse trauma bond you to him and make it harder to leave. I know it can seem impossible to leave from a financial POV, but there are ways. It’s not always easy, but it is possible. Start by calling those hotlines and locating any community groups locally who you can get advice and support from. You’re not trapped because you lack money; you’re trapped because he has *designed* it that way, and the goal now is to quietly build options while minimising risk to your safety. Breaking free from an abusive relationship and the trauma bonds that bind you in that relationship requires acknowledging the relationship is unhealthy, prioritising self-care, building a support network, and seeking professional help to heal from the trauma. With time and support, it is possible to end the cycle of abuse and reclaim your life. I’m going to give you a checklist of moves you can make, but I want to be clear that, whatever you do, you need to prioritise SAFETY over speed. You’re going to need to make sneaky, quiet moves in order to be able to get away from him because leaving is a dangerous time. Assume that you might be under surveillance from him and act accordingly. Cover your tracks. Okay. So first of all: **You need to get clear on what has happe",,WhatShouldIDo,https://reddit.com/r/WhatShouldIDo/comments/1rrkobt/my_bf_threw_out_all_my_make_up_and_skincare/,2026-03-12T10:23:28,comment,https://reddit.com/r/WhatShouldIDo/comments/1rrkobt/my_bf_threw_out_all_my_make_up_and_skincare/,t3_1rrkobt,oa0jo1f,negative,0.0220021493732929,negative,0.0220021493732929,-0.9915,negative,True
reddit_comment,whole milk school,LEAVE Yesterday and please get a job mama or student loans even better in a GOOD field so you can take care of your kids!,,WhatShouldIDo,https://reddit.com/r/WhatShouldIDo/comments/1rrkobt/my_bf_threw_out_all_my_make_up_and_skincare/,2026-03-12T08:36:52,comment,https://reddit.com/r/WhatShouldIDo/comments/1rrkobt/my_bf_threw_out_all_my_make_up_and_skincare/,t3_1rrkobt,oa085x3,positive,0.6566407680511475,positive,0.6566407680511475,0.8858,positive,True
reddit_comment,whole milk school,It will only get worse and you’ll regret that you didn’t get out now.,,WhatShouldIDo,https://reddit.com/r/WhatShouldIDo/comments/1rrkobt/my_bf_threw_out_all_my_make_up_and_skincare/,2026-03-12T09:19:44,comment,https://reddit.com/r/WhatShouldIDo/comments/1rrkobt/my_bf_threw_out_all_my_make_up_and_skincare/,t3_1rrkobt,oa0ckmv,negative,0.0051630246452987,negative,0.0051630246452987,-0.7096,negative,True
reddit,whole milk school,"My kiddo drank spoiled chocolate milk. Do I send her to school or keep her home?. Hello Parents! My daughter told us this morning that she drank a whole thing of chocolate milk. I thought I cleaned up the whole counter last night, but I missed the at least 24 hours old room temperature chocolate milk. She probably had at least 4 oz of it. I don't know when symptoms will appear, so I don't know if I should send her to school or keep her home for a few days. Has anybody ever experienced this? Thank you for your time ❤️ Edit: Thank you all for your input! I guess she wouldn't drink it if it was really bad. She does love really sour things and has had some strange food combos, but I feel like sour milk is a different type of sour 🤢 Hopefully she won't be sick! Told her to drink a lot of water today",My kiddo drank spoiled chocolate milk. Do I send her to school or keep her home?,Parenting,https://reddit.com/r/Parenting/comments/1gzhpqf/my_kiddo_drank_spoiled_chocolate_milk_do_i_send/,2024-11-25T12:29:12,post,,t3_1gzhpqf,,negative,0.0223689991980791,negative,0.0223689991980791,0.9456,positive,False
reddit_comment,whole milk school,"Spoiled milk tastes and smells BAD. If she thought it tasted normal, it's probably fine.",,Parenting,https://reddit.com/r/Parenting/comments/1gzhpqf/my_kiddo_drank_spoiled_chocolate_milk_do_i_send/,2024-11-25T12:37:41,comment,https://reddit.com/r/Parenting/comments/1gzhpqf/my_kiddo_drank_spoiled_chocolate_milk_do_i_send/,t3_1gzhpqf,lywazb4,negative,0.0094631146639585,negative,0.0094631146639585,-0.5319,negative,True
reddit_comment,whole milk school,"Was it spoiled milk or just milk that had been sitting out? Either way- if it’s going to have any effect, it would happen in just a couple hours, not days.",,Parenting,https://reddit.com/r/Parenting/comments/1gzhpqf/my_kiddo_drank_spoiled_chocolate_milk_do_i_send/,2024-11-25T12:34:09,comment,https://reddit.com/r/Parenting/comments/1gzhpqf/my_kiddo_drank_spoiled_chocolate_milk_do_i_send/,t3_1gzhpqf,lywajc1,negative,0.0148229608312249,negative,0.0148229608312249,0.0,neutral,False
reddit_comment,whole milk school,"I meaaan, if it was just left out on the counter for a day, chances are it’s not totally spoiled. If it was, the texture and flavor would have been compromised and your daughter probably wouldn’t have drank it. Bacteria certainly starts to grow while left out that long, but to the degree of spoilage, unlikely. I’m sure she’ll be fine. Our stomachs are pretty resilient.",,Parenting,https://reddit.com/r/Parenting/comments/1gzhpqf/my_kiddo_drank_spoiled_chocolate_milk_do_i_send/,2024-11-25T12:39:24,comment,https://reddit.com/r/Parenting/comments/1gzhpqf/my_kiddo_drank_spoiled_chocolate_milk_do_i_send/,t3_1gzhpqf,lywb76d,neutral,0.1186962723731994,neutral,0.1186962723731994,0.8898,positive,False
reddit_comment,whole milk school,If it was just milk that sat out over night then she should be fine. Spoiled milk smells and tastes bad she would have noticed and probably started feeling yucky within an hour,,Parenting,https://reddit.com/r/Parenting/comments/1gzhpqf/my_kiddo_drank_spoiled_chocolate_milk_do_i_send/,2024-11-25T12:52:57,comment,https://reddit.com/r/Parenting/comments/1gzhpqf/my_kiddo_drank_spoiled_chocolate_milk_do_i_send/,t3_1gzhpqf,lywczgk,negative,0.0139525653794407,negative,0.0139525653794407,-0.6124,negative,True
reddit_comment,whole milk school,"Actually spoiled milk tastes sour and she would have spit it out immediately. It was probably just warmish. Either way, she would have just thrown it up by now from it upsetting her tummy.",,Parenting,https://reddit.com/r/Parenting/comments/1gzhpqf/my_kiddo_drank_spoiled_chocolate_milk_do_i_send/,2024-11-25T13:06:36,comment,https://reddit.com/r/Parenting/comments/1gzhpqf/my_kiddo_drank_spoiled_chocolate_milk_do_i_send/,t3_1gzhpqf,lywev72,negative,0.007679124828428,negative,0.007679124828428,-0.1779,negative,True
reddit_comment,whole milk school,She’ll be fine. If it was bad she wouldn’t have drank it,,Parenting,https://reddit.com/r/Parenting/comments/1gzhpqf/my_kiddo_drank_spoiled_chocolate_milk_do_i_send/,2024-11-25T13:02:03,comment,https://reddit.com/r/Parenting/comments/1gzhpqf/my_kiddo_drank_spoiled_chocolate_milk_do_i_send/,t3_1gzhpqf,lywe8ir,negative,0.0543307624757289,negative,0.0543307624757289,-0.4019,negative,True
reddit_comment,whole milk school,"Spoiled milk probably won’t make her sick. Cheese is kinda spoiled milk. Yogurt is purposefully spoiled milk. There are lots of recipes that use spoiled milk. If she drank it without noticing, I bet she’ll be fine.",,Parenting,https://reddit.com/r/Parenting/comments/1gzhpqf/my_kiddo_drank_spoiled_chocolate_milk_do_i_send/,2024-11-25T15:07:24,comment,https://reddit.com/r/Parenting/comments/1gzhpqf/my_kiddo_drank_spoiled_chocolate_milk_do_i_send/,t3_1gzhpqf,lywxzli,negative,0.0439824908971786,negative,0.0439824908971786,-0.3612,negative,True
reddit_comment,whole milk school,"Send her to school. Add an extra change of clothes if you’re worried. I can’t tell you how many times my kid drank milk that had been sitting out because he would take his cup with him on the way to school, and I’d totally forget it was back there after drop off.",,Parenting,https://reddit.com/r/Parenting/comments/1gzhpqf/my_kiddo_drank_spoiled_chocolate_milk_do_i_send/,2024-11-25T12:56:26,comment,https://reddit.com/r/Parenting/comments/1gzhpqf/my_kiddo_drank_spoiled_chocolate_milk_do_i_send/,t3_1gzhpqf,lywdgk9,negative,0.0447266362607479,negative,0.0447266362607479,-0.6697,negative,True
reddit_comment,whole milk school,She’s totally fine if she hasn’t vomited.,,Parenting,https://reddit.com/r/Parenting/comments/1gzhpqf/my_kiddo_drank_spoiled_chocolate_milk_do_i_send/,2024-11-25T13:23:56,comment,https://reddit.com/r/Parenting/comments/1gzhpqf/my_kiddo_drank_spoiled_chocolate_milk_do_i_send/,t3_1gzhpqf,lywhcez,neutral,0.2518334984779358,neutral,0.2518334984779358,0.2716,positive,False
reddit_comment,whole milk school,with milk there’s a clear difference between not properly refrigerated &amp; spoiled. if she drank it happily she’s going to be completely fine…if it had been spoiled you’d already know.,,Parenting,https://reddit.com/r/Parenting/comments/1gzhpqf/my_kiddo_drank_spoiled_chocolate_milk_do_i_send/,2024-11-25T13:34:36,comment,https://reddit.com/r/Parenting/comments/1gzhpqf/my_kiddo_drank_spoiled_chocolate_milk_do_i_send/,t3_1gzhpqf,lywixhd,neutral,0.1755957305431366,neutral,0.1755957305431366,0.7351,positive,False
reddit,whole milk school,"I am a little lactose intolerant who keep ordering whole milk mocha just because I enjoy it..is that what med school felt like. I mean despite knowing the alt milk or other drink, I keep coming back.. I guess I like pain? I just want to hit my head... sometimes.. (figurative speaking) knowing that fat metabolism kick my ass after I just normalized glycolysis.. I know for me, in the beginning I'll SUCK really bad. then get better over time.. then I get really good! I mean we always have to learn something, right.. I know I don't like to kiss ass but eventually I have to during training in order to get letter of recommendations... Not doing this for the money, but not trying to get poor either. It is truly once you get in, the journey basically start to cost some small amount of debt, small amount of time and opportunity cost. I love studying.. but hate reading. I am inattentive ADHD type and tend to over share. Mind is running at 700 km/ hr... making decisions all the time at work is great. but in personal life If I don't work, I just spend money and time thrifting.. so the question is .. that feeling of wanting to hit your head one day (figurative of course) is keep recurring... and then normalize it and then eventually be really good at it? I read reddit about ppl who failed the step 1 for DO .. and I felt it, I empathized.. I fear it. fear motivates me.. I guess. What analogy does the med school feels like to you.. (background: I am taking MCAT Aug 2025, healthcare background in psych. plan to be psych. I analyze myself a lot.. and I love clouds and weird stuff like crime show.)",I am a little lactose intolerant who keep ordering whole milk mocha just because I enjoy it..is that what med school felt like,medschool,https://reddit.com/r/medschool/comments/1k9ydsn/i_am_a_little_lactose_intolerant_who_keep/,2025-04-28T15:30:13,post,,t3_1k9ydsn,,negative,0.0393483936786651,negative,0.0393483936786651,0.6912,positive,False
reddit_comment,whole milk school,"Wow. Was gonna say, what the heck has med school done to you? Then realised you are premed thankfully! Don't worry about something like failing step 1 when you haven't even taken the MCAT. Good luck on it too",,medschool,https://reddit.com/r/medschool/comments/1k9ydsn/i_am_a_little_lactose_intolerant_who_keep/,2025-04-28T15:34:39,comment,https://reddit.com/r/medschool/comments/1k9ydsn/i_am_a_little_lactose_intolerant_who_keep/,t3_1k9ydsn,mphxx7u,positive,0.5948740839958191,positive,0.5948740839958191,0.9246,positive,True
reddit,whole milk school,"Dairy industry sponsored legislation wants an exemption to saturated fat guidelines so schools can offer whole milk in school lunches again. Decades of research show that saturated fat is linked with heart disease and cancer. This bill has already passed the US House, tell your Senators to vote no!","Dairy industry sponsored legislation wants an exemption to saturated fat guidelines so schools can offer whole milk in school lunches again. Decades of research show that saturated fat is linked with heart disease and cancer. This bill has already passed the US House, tell your Senators to vote no!",VeganActivism,https://reddit.com/r/VeganActivism/comments/1g8poj5/dairy_industry_sponsored_legislation_wants_an/,2024-10-21T13:28:00,post,,t3_1g8poj5,,negative,0.0316866785287857,negative,0.0316866785287857,-0.126,negative,True
reddit_comment,whole milk school,"Thanks for posting to r/VeganActivism! &amp;#128037; Be sure to check our sidebar for all of our rules :) &amp;#127793; Are you a **developer, designer, editor, researcher, or have other skills** to contribute to saving animal lives? Check out the 3 links below to help animals today! **1)** Check out [Vegan Hacktivists]( and [apply as a volunteer]( &amp;#128019; **2)** Join our huge Vegan volunteer community ""VH Playground"" [on Discord]( &amp;#128031; **3)** Find volunteer or paid opportunities to help farmed animals [by clicking here!]( &amp;#128074; Last but not least, get $1000 USD for your activism! Apply by [clicking here]( &amp;#127881; **Thanks!** *I am a bot, and this action was performed automatically. Please [contact the moderators of this subreddit](/message/compose/?to=/r/VeganActivism) if you have any questions or concerns.*",,VeganActivism,https://reddit.com/r/VeganActivism/comments/1g8poj5/dairy_industry_sponsored_legislation_wants_an/,2024-10-21T13:28:00,comment,https://reddit.com/r/VeganActivism/comments/1g8poj5/dairy_industry_sponsored_legislation_wants_an/,t3_1g8poj5,lt03jlt,positive,0.9195403456687928,positive,0.9195403456687928,0.9503,positive,True
reddit_comment,whole milk school,What is the bill called?,,VeganActivism,https://reddit.com/r/VeganActivism/comments/1g8poj5/dairy_industry_sponsored_legislation_wants_an/,2024-10-21T16:40:01,comment,https://reddit.com/r/VeganActivism/comments/1g8poj5/dairy_industry_sponsored_legislation_wants_an/,t3_1g8poj5,lt12kmy,neutral,0.030845133587718,neutral,0.030845133587718,0.0,neutral,True
reddit_comment,whole milk school,Just did it. Takes no time at all. Faster and easier than that impulsive purchase you're about to make on the third tab you have open ...,,VeganActivism,https://reddit.com/r/VeganActivism/comments/1g8poj5/dairy_industry_sponsored_legislation_wants_an/,2024-10-21T22:51:49,comment,https://reddit.com/r/VeganActivism/comments/1g8poj5/dairy_industry_sponsored_legislation_wants_an/,t3_1g8poj5,lt31z4b,positive,0.7778272032737732,positive,0.7778272032737732,0.1531,positive,True
reddit,whole milk school,WATCH: Senate hearing examines whether to allow schools to serve whole milk,WATCH: Senate hearing examines whether to allow schools to serve whole milk,PBS_NewsHour,https://reddit.com/r/PBS_NewsHour/comments/1jp6ykk/watch_senate_hearing_examines_whether_to_allow/,2025-04-01T21:09:21,post,,t3_1jp6ykk,,neutral,0.0287312567234039,neutral,0.0287312567234039,0.2263,positive,False
reddit_comment,whole milk school,"Due to political coverage generating more contrasting discussion, comments will only be available to users who have set a subreddit [user flair]( and must strictly comply with [subreddit rules]( Commenters who violate Reddiquette and civility rules will be summarily banned. [Election Central]( [Elections &amp; Civics]( [How to register to vote]( [Find Your Representative]( *I am a bot, and this action was performed automatically. Please [contact the moderators of this subreddit](/message/compose/?to=/r/PBS_NewsHour) if you have any questions or concerns.*",,PBS_NewsHour,https://reddit.com/r/PBS_NewsHour/comments/1jp6ykk/watch_senate_hearing_examines_whether_to_allow/,2025-04-01T21:09:22,comment,https://reddit.com/r/PBS_NewsHour/comments/1jp6ykk/watch_senate_hearing_examines_whether_to_allow/,t3_1jp6ykk,mkx62t3,neutral,0.0167707744985818,neutral,0.0167707744985818,-0.5994,negative,False
reddit,whole milk school,"Do you remember school milk in the 1970s?. I remember my mum talking about having school milk as a child in the 1970s. She said it came in glass bottles, and once she was forced to drink a whole bottle of off milk. I never got around to asking her more about it - so I'm asking you all. What are your memories of school milk in the 1970/80s? Did you have it at a certain time? Did it come in a glass bottle?",Do you remember school milk in the 1970s?,AskUK,https://reddit.com/r/AskUK/comments/jyec35/do_you_remember_school_milk_in_the_1970s/,2020-11-21T17:10:01,post,,t3_jyec35,,neutral,0.045431412756443,neutral,0.045431412756443,-0.4329,negative,False
reddit_comment,whole milk school,Ours used to be a very diddy 1/3 of a pint - a little glass bottle and a straw. It was a real honour to be milk monitor - you had to take them round to everyone in the class.,,AskUK,https://reddit.com/r/AskUK/comments/jyec35/do_you_remember_school_milk_in_the_1970s/,2020-11-21T17:13:18,comment,https://reddit.com/r/AskUK/comments/jyec35/do_you_remember_school_milk_in_the_1970s/,t3_jyec35,gd2unfg,positive,0.6688697934150696,positive,0.6688697934150696,0.5719,positive,True
reddit_comment,whole milk school,"Yes. It came in a glass bottle, which came in a crate. The really lucky kids would be chosen to be milk monitors for the day, which involved getting the crate from outside and bringing it in to the class, then returning the empties afterwards.",,AskUK,https://reddit.com/r/AskUK/comments/jyec35/do_you_remember_school_milk_in_the_1970s/,2020-11-21T17:13:38,comment,https://reddit.com/r/AskUK/comments/jyec35/do_you_remember_school_milk_in_the_1970s/,t3_jyec35,gd2uph0,positive,0.7469220757484436,positive,0.7469220757484436,0.624,positive,True
reddit_comment,whole milk school,I remember small glass bottles of milk straight from the dairy arriving at school every morning right up until 1998 when I left primary school.,,AskUK,https://reddit.com/r/AskUK/comments/jyec35/do_you_remember_school_milk_in_the_1970s/,2020-11-21T17:24:16,comment,https://reddit.com/r/AskUK/comments/jyec35/do_you_remember_school_milk_in_the_1970s/,t3_jyec35,gd2whil,neutral,0.0995659455657005,neutral,0.0995659455657005,0.2263,positive,False
reddit_comment,whole milk school,"I went to primary school in the 90’s and I still got milk in a glass bottle! They were tiny glass bottles, maybe a quarter pint if not less? They had a foil top and came with a thin blue straw similar to a Capri sun straw........then everything changed and we were presented with a blue carton of milk with a wider straw. I was furious and never drank school milk after that! Lol Edit: I should have added that I went to - very “old Skool” RC primary school in the north west so it was more than likely deprived as far as funding goes lol we still had the old wooden Victorian desks with a lid that lifted up to store your work books and ink wells at the top. I finished primary school in 1998/9",,AskUK,https://reddit.com/r/AskUK/comments/jyec35/do_you_remember_school_milk_in_the_1970s/,2020-11-21T17:14:53,comment,https://reddit.com/r/AskUK/comments/jyec35/do_you_remember_school_milk_in_the_1970s/,t3_jyec35,gd2uwxt,neutral,0.0663235262036323,neutral,0.0663235262036323,0.4059,positive,False
reddit_comment,whole milk school,"Glass bottle - plastic bottles or wax cartons were not around then, really - but small: maybe half or third of a pint, and with a straw IIRC. They arrived in a crate for mid-morning break, I think.",,AskUK,https://reddit.com/r/AskUK/comments/jyec35/do_you_remember_school_milk_in_the_1970s/,2020-11-21T17:14:05,comment,https://reddit.com/r/AskUK/comments/jyec35/do_you_remember_school_milk_in_the_1970s/,t3_jyec35,gd2us63,neutral,0.1184985414147377,neutral,0.1184985414147377,0.0,neutral,True
reddit_comment,whole milk school,"I was born in 77 so had the milk in infant school in maybe 82-84-ish (?). I loved it. Little miniature versions of the ones we got from milk man, even with the silver foil top. We also got a biscuit (malted milk I think). It was as we came back in from morning playtime, so probably 10:45am. I even remember my friend and I getting the top off without depressing the foul lid and then replacing it and squiskhing the edges back on to pretend ours was empty when we got it. Usually a straw just got stabbed through it. Funny how I remember those years so clearly yet last week is a fucking mystery to me Edit: loved them so much, I bought these to take my daily milk portion (calorie counting) into work with me",,AskUK,https://reddit.com/r/AskUK/comments/jyec35/do_you_remember_school_milk_in_the_1970s/,2020-11-21T17:19:30,comment,https://reddit.com/r/AskUK/comments/jyec35/do_you_remember_school_milk_in_the_1970s/,t3_jyec35,gd2vofv,positive,0.7935243248939514,positive,0.7935243248939514,0.9522,positive,True
reddit_comment,whole milk school,Yes and Margaret thatcher the milk snatcher,,AskUK,https://reddit.com/r/AskUK/comments/jyec35/do_you_remember_school_milk_in_the_1970s/,2020-11-21T17:28:55,comment,https://reddit.com/r/AskUK/comments/jyec35/do_you_remember_school_milk_in_the_1970s/,t3_jyec35,gd2x90a,neutral,0.0890849977731704,neutral,0.0890849977731704,0.4019,positive,False
reddit_comment,whole milk school,"I remember it from the 80s b little glass bottle with a blue straw, but it stopped in year 4",,AskUK,https://reddit.com/r/AskUK/comments/jyec35/do_you_remember_school_milk_in_the_1970s/,2020-11-21T17:13:33,comment,https://reddit.com/r/AskUK/comments/jyec35/do_you_remember_school_milk_in_the_1970s/,t3_jyec35,gd2uouc,neutral,0.0471627674996852,neutral,0.0471627674996852,-0.3291,negative,False
reddit_comment,whole milk school,"I just about remember it. It did come in a glass bottle, but I don't think it was a full pint, and it was usually handed out mid-morning.",,AskUK,https://reddit.com/r/AskUK/comments/jyec35/do_you_remember_school_milk_in_the_1970s/,2020-11-21T17:23:46,comment,https://reddit.com/r/AskUK/comments/jyec35/do_you_remember_school_milk_in_the_1970s/,t3_jyec35,gd2wek9,neutral,0.0576870553195476,neutral,0.0576870553195476,0.0,neutral,True
reddit,whole milk school,[Politics] - WATCH: Senate hearing examines whether to allow schools to serve whole milk,[Politics] - WATCH: Senate hearing examines whether to allow schools to serve whole milk,PBSauto,https://reddit.com/r/PBSauto/comments/1jp6zbe/politics_watch_senate_hearing_examines_whether_to/,2025-04-01T21:10:12,post,,t3_1jp6zbe,,neutral,0.0209052320569753,neutral,0.0209052320569753,0.2263,positive,False
reddit_comment,whole milk school,"Ag commissioner in Texas declared pizza a vegetable, so kids could get their recommended vegetables.",,PBSauto,https://reddit.com/r/PBSauto/comments/1jp6zbe/politics_watch_senate_hearing_examines_whether_to/,2025-04-01T22:20:03,comment,https://reddit.com/r/PBSauto/comments/1jp6zbe/politics_watch_senate_hearing_examines_whether_to/,t3_1jp6zbe,mkxisfy,neutral,0.1831728667020797,neutral,0.1831728667020797,0.2023,positive,False
reddit,whole milk school,Lawmakers Want School Meal Programs to Allow Whole Milk Again,Lawmakers Want School Meal Programs to Allow Whole Milk Again,IndustrialPharmacy,https://reddit.com/r/IndustrialPharmacy/comments/1jq4wyz/lawmakers_want_school_meal_programs_to_allow/,2025-04-03T00:49:21,post,,t3_1jq4wyz,,neutral,0.033907700330019,neutral,0.033907700330019,0.296,positive,False
reddit,whole milk school,[Education] - WATCH: Senate hearing examines whether to allow schools to serve whole milk,[Education] - WATCH: Senate hearing examines whether to allow schools to serve whole milk,PBSauto,https://reddit.com/r/PBSauto/comments/1jp72wj/education_watch_senate_hearing_examines_whether/,2025-04-01T21:14:28,post,,t3_1jp72wj,,neutral,0.0215471815317869,neutral,0.0215471815317869,0.2263,positive,False
reddit,whole milk school,"My boyfriend threw away my makeup and is saying that he didn’t. So I made a post explaining the whole situation earlier but basically you my bf / father of my kids threw away my make up. I’m a sahm don’t have any income he only gives me money for bills and gas. He refuses to by me make up so I’ve been without an income for about 8months. Well he threw away my makeup because we got into this big fight and I threw away his bong (he’s been smoking in the garage where the kids play) well I’ve been saving up money from babysitting and collecting soda can to recycle to buy some make up and he threw everything away when he came home he was gone all day and I didn’t notice until later in the evening bc I was packing for my trip. And I realized that all my makeup &amp; skincare was gone pallets that I’ve had for years! When he got home from the fair (that he told me I couldn’t go with them). I confronted him I asked him why did he throw away my make up and he straight up denying it he told m he didn’t know what I was talking about. &amp; yea he just kept saying it wasn’t him. I might have believed him if it wasn’t for the fact that all my makeup up from 3 different locations were gone, my purse, the restroom, and our room. He has thrown it in the big dumpster in two separate bags (the restroom bag) and the kitchen where he poured what looked like chocolate milk on my brushes. I’m at a loss for words I don’t even know how to go on from this. I don’t want to be with him but I don’t have a job I’m finally getting to go back to school, we’re renting his dads house and he’s told me that I can leave but the kids and going anywhere that this is there home. I know he will fight for full custody if we split",My boyfriend threw away my makeup and is saying that he didn’t,TwoHotTakes,https://reddit.com/r/TwoHotTakes/comments/1rrkcy7/my_boyfriend_threw_away_my_makeup_and_is_saying/,2026-03-12T07:38:38,post,,t3_1rrkcy7,,negative,0.014688977971673,negative,0.014688977971673,0.1134,positive,False
reddit_comment,whole milk school,"Thanks for submitting to the Two Hot Takes Podcast Subreddit! We'd like to remind you that all posts are subject to being featured in an episode of the Two Hot Takes Podcast. If your story is featured you'll get a nifty flair change to let you know and we'll drop a link so you can see our host's take on your story. *I am a bot, and this action was performed automatically. Please [contact the moderators of this subreddit](/message/compose/?to=/r/TwoHotTakes) if you have any questions or concerns.*",,TwoHotTakes,https://reddit.com/r/TwoHotTakes/comments/1rrkcy7/my_boyfriend_threw_away_my_makeup_and_is_saying/,2026-03-12T07:38:38,comment,https://reddit.com/r/TwoHotTakes/comments/1rrkcy7/my_boyfriend_threw_away_my_makeup_and_is_saying/,t3_1rrkcy7,oa028y4,positive,0.5473494529724121,positive,0.5473494529724121,0.8221,positive,True
reddit_comment,whole milk school,this is financial abuse. i highly highly suggest look into finding a job so you can leave this abusive relationship.,,TwoHotTakes,https://reddit.com/r/TwoHotTakes/comments/1rrkcy7/my_boyfriend_threw_away_my_makeup_and_is_saying/,2026-03-12T07:46:20,comment,https://reddit.com/r/TwoHotTakes/comments/1rrkcy7/my_boyfriend_threw_away_my_makeup_and_is_saying/,t3_1rrkcy7,oa030z2,negative,0.0075626722536981,negative,0.0075626722536981,-0.8925,negative,True
reddit_comment,whole milk school,&gt;I know he will fight for full custody if we split. He will not. A man who spends his time smoking weed in the garage cannot be bothered to care for his children. A man like this will get two weekends a month per court order and still dump them off at his parents the whole time.,,TwoHotTakes,https://reddit.com/r/TwoHotTakes/comments/1rrkcy7/my_boyfriend_threw_away_my_makeup_and_is_saying/,2026-03-12T08:00:04,comment,https://reddit.com/r/TwoHotTakes/comments/1rrkcy7/my_boyfriend_threw_away_my_makeup_and_is_saying/,t3_1rrkcy7,oa04fk4,negative,0.0107493754476308,negative,0.0107493754476308,0.3532,positive,False
reddit_comment,whole milk school,"You need to start making some quiet moves then. Bide your time. Get a job, get some power of your own. It wont happen overnight, but you can do it!",,TwoHotTakes,https://reddit.com/r/TwoHotTakes/comments/1rrkcy7/my_boyfriend_threw_away_my_makeup_and_is_saying/,2026-03-12T07:47:16,comment,https://reddit.com/r/TwoHotTakes/comments/1rrkcy7/my_boyfriend_threw_away_my_makeup_and_is_saying/,t3_1rrkcy7,oa034cj,positive,0.6078288555145264,positive,0.6078288555145264,0.0,neutral,False
reddit_comment,whole milk school,"You are being financially abused, Please reach out to your local domestic violence shelter, they will have resources to help get you out of this, And if your able to after getting out get a stable job and such which these shelters typically help with and also typically help you on your cases in some way, It is unlikely he would get full custody, most judges default 50/50 but defends in the situation",,TwoHotTakes,https://reddit.com/r/TwoHotTakes/comments/1rrkcy7/my_boyfriend_threw_away_my_makeup_and_is_saying/,2026-03-12T08:04:32,comment,https://reddit.com/r/TwoHotTakes/comments/1rrkcy7/my_boyfriend_threw_away_my_makeup_and_is_saying/,t3_1rrkcy7,oa04w7x,neutral,0.0530984327197074,neutral,0.0530984327197074,0.2846,positive,False
reddit_comment,whole milk school,"I’m really sorry you’re going through this. You are being abused and it’s unacceptable. When you do the food shopping can you buy gift cards or items to return for cash and start saving as much cash as possible. Just little bits so he won’t notice but you need an emergency fund. Do you have any family or friends who can support you if you do leave? Somebody might be able to give better advice in terms of keeping the children and what steps you should be taking to do that, I’m unsure. Maybe start a diary with dates and times of all the horrible stuff he does, save any pictures or messages you can or send them to a secure email that he doesn’t know about and don’t have access to. I wish you all the best and hope you and the children are safe.",,TwoHotTakes,https://reddit.com/r/TwoHotTakes/comments/1rrkcy7/my_boyfriend_threw_away_my_makeup_and_is_saying/,2026-03-12T07:48:16,comment,https://reddit.com/r/TwoHotTakes/comments/1rrkcy7/my_boyfriend_threw_away_my_makeup_and_is_saying/,t3_1rrkcy7,oa03860,negative,0.0275852642953395,negative,0.0275852642953395,0.9789,positive,False
reddit_comment,whole milk school,You need an exit plan. Tell your husband you’re taking kids to visit grandma for the day to give him a day off. Tell your parents everything. Or someone who can help you.,,TwoHotTakes,https://reddit.com/r/TwoHotTakes/comments/1rrkcy7/my_boyfriend_threw_away_my_makeup_and_is_saying/,2026-03-12T08:18:29,comment,https://reddit.com/r/TwoHotTakes/comments/1rrkcy7/my_boyfriend_threw_away_my_makeup_and_is_saying/,t3_1rrkcy7,oa06bg3,neutral,0.0730049014091491,neutral,0.0730049014091491,0.4019,positive,False
reddit_comment,whole milk school,"Also, start hiding all birth certificates, passports , and other important papers that you can think of. Your drivers license and make extra copies of the keys when you get a chance and some money. Both house and the car . I'll keep you in my prayers. ..",,TwoHotTakes,https://reddit.com/r/TwoHotTakes/comments/1rrkcy7/my_boyfriend_threw_away_my_makeup_and_is_saying/,2026-03-12T08:29:49,comment,https://reddit.com/r/TwoHotTakes/comments/1rrkcy7/my_boyfriend_threw_away_my_makeup_and_is_saying/,t3_1rrkcy7,oa07gmv,neutral,0.1077819988131523,neutral,0.1077819988131523,0.1531,positive,False
reddit_comment,whole milk school,"You’re not married and there is no custody agreement, so legally you can take your children when you leave.",,TwoHotTakes,https://reddit.com/r/TwoHotTakes/comments/1rrkcy7/my_boyfriend_threw_away_my_makeup_and_is_saying/,2026-03-12T09:11:42,comment,https://reddit.com/r/TwoHotTakes/comments/1rrkcy7/my_boyfriend_threw_away_my_makeup_and_is_saying/,t3_1rrkcy7,oa0bqbx,neutral,0.0369726382195949,neutral,0.0369726382195949,-0.4874,negative,False
reddit_comment,whole milk school,he poured chocolate milk on your brushes and threw away stuff you saved cans for?? 😭 that wasn't anger that was calculated cruelty. he knew exactly what he was doing and now he's gaslighting you about it. you deserve better than a man who destroys your things and controls your money,,TwoHotTakes,https://reddit.com/r/TwoHotTakes/comments/1rrkcy7/my_boyfriend_threw_away_my_makeup_and_is_saying/,2026-03-12T08:58:09,comment,https://reddit.com/r/TwoHotTakes/comments/1rrkcy7/my_boyfriend_threw_away_my_makeup_and_is_saying/,t3_1rrkcy7,oa0accu,negative,0.0041524735279381,negative,0.0041524735279381,-0.5043,negative,True
reddit,whole milk school,"Do I HAVE to give my 1 year old whole milk while breastfeeding?. My sons ped said to start giving him whole milk (he just turned 1) and that I can start to wean. I want to try and get to 2 years BFing, but he kind of dismissed me and said whole milk is fine. It even says in my after visit summary to give whole milk even if I’m breastfeeding for the healthy brain fats, but won’t my milk just change for what my baby needs? Baby gets dairy exposure through yogurt and cheese regularly. Edit: thank you everyone! I love our ped, but he is still pretty old school on certain things. I’m glad my milk will be perfect for baby as long as he still wants it :)",Do I HAVE to give my 1 year old whole milk while breastfeeding?,breastfeeding,https://reddit.com/r/breastfeeding/comments/zuhx9d/do_i_have_to_give_my_1_year_old_whole_milk_while/,2022-12-24T20:22:07,post,,t3_zuhx9d,,neutral,0.0842495560646057,neutral,0.0842495560646057,0.9901,positive,False
reddit_comment,whole milk school,It makes no sense that milk from another animal would be better for a child than milk from their own mother 🤷‍♀️,,breastfeeding,https://reddit.com/r/breastfeeding/comments/zuhx9d/do_i_have_to_give_my_1_year_old_whole_milk_while/,2022-12-24T22:17:13,comment,https://reddit.com/r/breastfeeding/comments/zuhx9d/do_i_have_to_give_my_1_year_old_whole_milk_while/,t3_zuhx9d,j1jorw9,negative,0.0087496573105454,negative,0.0087496573105454,0.1779,positive,False
reddit_comment,whole milk school,"Nah. Not at all. They grow just fine. Only reason our pediatrician said we may want to give other milks from one is just to expose to flavor in case you ever want or need them to take it for whatever reason. My kid can’t have dairy, his sole milk source was nursing. We did use plant milks for smoothies etc. but the amount he drinks plain is negligible. He’s growing just fine. And if the concern is calcium - that’s in many gods other than dairy, plus it’s in all other dairy (cheese, yogurt) too, not just whole milk. And for vit D, we just kept giving the vit D supplement he’d been getting all along (at the recommendation of our pediatrician. She said as he’s not getting the added vit D via cows milk to just giving the supplement). How would baby cow milk be better for a baby human than baby human milk? It may be a viable substitute if wanted or needed, but a necessity? Nah.",,breastfeeding,https://reddit.com/r/breastfeeding/comments/zuhx9d/do_i_have_to_give_my_1_year_old_whole_milk_while/,2022-12-24T21:23:30,comment,https://reddit.com/r/breastfeeding/comments/zuhx9d/do_i_have_to_give_my_1_year_old_whole_milk_while/,t3_zuhx9d,j1jho1g,neutral,0.4009978473186493,neutral,0.4009978473186493,0.9226,positive,False
reddit_comment,whole milk school,Those dairy lobbyists really did some damage huh? Wild that this stuff is still sticking around.,,breastfeeding,https://reddit.com/r/breastfeeding/comments/zuhx9d/do_i_have_to_give_my_1_year_old_whole_milk_while/,2022-12-25T00:39:56,comment,https://reddit.com/r/breastfeeding/comments/zuhx9d/do_i_have_to_give_my_1_year_old_whole_milk_while/,t3_zuhx9d,j1k684q,negative,0.0066678659059107,negative,0.0066678659059107,-0.5367,negative,True
reddit_comment,whole milk school,"You don't need to give whole milk if you are wanting to breastfeed until 2. Cows milk is better for baby cows. Human milk is better for baby humans. At the one year appointment, I was told I can start to make the transition if I felt like it. But I wasn't told I had to do it or had to supplement with cows milk in addition to breastfeeding.",,breastfeeding,https://reddit.com/r/breastfeeding/comments/zuhx9d/do_i_have_to_give_my_1_year_old_whole_milk_while/,2022-12-24T20:49:18,comment,https://reddit.com/r/breastfeeding/comments/zuhx9d/do_i_have_to_give_my_1_year_old_whole_milk_while/,t3_zuhx9d,j1jcuxy,neutral,0.3541114628314972,neutral,0.3541114628314972,0.5647,positive,False
reddit_comment,whole milk school,"Not necessary! But it's your preference. Ultimately I decided to stop pumping at work around 14 months and slowly mixed in little bits of cows milk with my milk until my freezer milk was gone and he had all cows milk while I was away. I still nurse 1 or 2 times a day, and he drinks 2 cups of cows milk daily at 22 months. Im 7 months pregnant and im trying to completely wean before baby is born, but im ok if we don't totally wean. I did this solely for my own preference and convenience. There is no one way to wean or introduce animal milk, it is up to you.",,breastfeeding,https://reddit.com/r/breastfeeding/comments/zuhx9d/do_i_have_to_give_my_1_year_old_whole_milk_while/,2022-12-24T23:36:10,comment,https://reddit.com/r/breastfeeding/comments/zuhx9d/do_i_have_to_give_my_1_year_old_whole_milk_while/,t3_zuhx9d,j1jykqs,neutral,0.097745344042778,neutral,0.097745344042778,-0.4753,negative,False
reddit_comment,whole milk school,"Nope, no one needs to eat cows milk ever. I love it, but it’s unnecessary.",,breastfeeding,https://reddit.com/r/breastfeeding/comments/zuhx9d/do_i_have_to_give_my_1_year_old_whole_milk_while/,2022-12-24T23:07:53,comment,https://reddit.com/r/breastfeeding/comments/zuhx9d/do_i_have_to_give_my_1_year_old_whole_milk_while/,t3_zuhx9d,j1jv3uu,negative,0.0213204063475132,negative,0.0213204063475132,0.4667,positive,False
reddit_comment,whole milk school,"No not really. Just make sure they are getting all that nutrition from other sources. Calcium, vitamin D, fats, etc. Whole milk is a great way to do that, but it's not required. Breast milk is great, but it's not gonna change to replace the things your baby needs from table foods/beverages.",,breastfeeding,https://reddit.com/r/breastfeeding/comments/zuhx9d/do_i_have_to_give_my_1_year_old_whole_milk_while/,2022-12-24T20:49:22,comment,https://reddit.com/r/breastfeeding/comments/zuhx9d/do_i_have_to_give_my_1_year_old_whole_milk_while/,t3_zuhx9d,j1jcvck,neutral,0.2097717821598053,neutral,0.2097717821598053,0.8745,positive,False
reddit_comment,whole milk school,I had the same question. Our ped expressed at our 6 mo appointment the importance of cows milk after one year and how my breast milk just won’t be enough. We don’t drink cows milk and don’t plan on giving it to her but we will give her full fat Greek yogurt and cheeses.,,breastfeeding,https://reddit.com/r/breastfeeding/comments/zuhx9d/do_i_have_to_give_my_1_year_old_whole_milk_while/,2022-12-25T01:44:46,comment,https://reddit.com/r/breastfeeding/comments/zuhx9d/do_i_have_to_give_my_1_year_old_whole_milk_while/,t3_zuhx9d,j1kd6ls,neutral,0.0701809972524643,neutral,0.0701809972524643,0.3506,positive,False
reddit_comment,whole milk school,"You don’t need to give cow’s milk. My daughter is allergic and we still breastfeed. I don’t even give her a non-dairy alternative often. As long as she is getting a balanced diet, it’s fine.",,breastfeeding,https://reddit.com/r/breastfeeding/comments/zuhx9d/do_i_have_to_give_my_1_year_old_whole_milk_while/,2022-12-24T22:07:36,comment,https://reddit.com/r/breastfeeding/comments/zuhx9d/do_i_have_to_give_my_1_year_old_whole_milk_while/,t3_zuhx9d,j1jnjqb,neutral,0.0979064851999282,neutral,0.0979064851999282,-0.1027,negative,False
reddit_comment,whole milk school,With our pediatricians blessing we’re EBF until 2 with just yogurt and cheese and milk in ingredients.,,breastfeeding,https://reddit.com/r/breastfeeding/comments/zuhx9d/do_i_have_to_give_my_1_year_old_whole_milk_while/,2022-12-24T23:05:21,comment,https://reddit.com/r/breastfeeding/comments/zuhx9d/do_i_have_to_give_my_1_year_old_whole_milk_while/,t3_zuhx9d,j1jusaw,positive,0.8345208764076233,positive,0.8345208764076233,0.4939,positive,True
reddit,whole milk school,"I grew up on whole milk, cocoa puffs, mac n cheese, hamburger helper, wonder bread and canned veggies. I'm not fat. Want to know how?. I played outside. And I played all day every day or all evening during the school year. I'm sick of people blaming food as the problem for obesity. We've always had the same junk to eat. While obviously it can contribute to it the real issue at hand is technology. Kids live inside off TV and video games and their parents enable it because then they don't have to worry about them getting kidnapped by a child molester they heard about on the news at 5. I rarely see a bunch of kids out in the neighborhood playing and being creative. It's sad","I grew up on whole milk, cocoa puffs, mac n cheese, hamburger helper, wonder bread and canned veggies. I'm not fat. Want to know how?",self,https://reddit.com/r/self/comments/cmuue/i_grew_up_on_whole_milk_cocoa_puffs_mac_n_cheese/,2010-07-07T12:53:41,post,,t3_cmuue,,neutral,0.2645891010761261,neutral,0.2645891010761261,-0.0813,negative,False
reddit_comment,whole milk school,I've been fat as long as I can remember. I played outside too. Perhaps my metabolism is different from yours.,,self,https://reddit.com/r/self/comments/cmuue/i_grew_up_on_whole_milk_cocoa_puffs_mac_n_cheese/,2010-07-07T14:40:17,comment,https://reddit.com/r/self/comments/cmuue/i_grew_up_on_whole_milk_cocoa_puffs_mac_n_cheese/,t3_cmuue,c0tpfaj,neutral,0.0673083961009979,neutral,0.0673083961009979,0.34,positive,False
reddit_comment,whole milk school,"I grew up on freshly bought and prepared fruit and vegetables (my mom makes some *mean* green beans), .5% milk, and delicious lean meat, mostly all prepared by my stay at home mom, who is an excellent cook. I played outside *so* -ing much. I've always been overweight :\ **Edit:** It didn't quite occur to me till semi-recently (ie, college) that a lot of American families eat out a lot. Or don't have dinner as a family 6+ days a week. Or mostly eat vegetables that have been frozen or canned (I saw canned carrots at the store the other day. Do people actually buy those?), or eat white bread, or buy frozen pre-made meals for their main course (I mean, yeah, something like spanakopita you would buy frozen, since it's a huge hassle to make, but other than that?), add lots of salt to food, add butter to vegetables, and so on and so forth. But I've also realized my portion control is complete and utter crap. Three bowls of your favorite home cooked food (my mother's red beans and rice nom nom nom) and two tall glasses of milk have more calories than a big mac. I'm pretty sure I ate more when I was 5' than I do now that I'm 6' tall.",,self,https://reddit.com/r/self/comments/cmuue/i_grew_up_on_whole_milk_cocoa_puffs_mac_n_cheese/,2010-07-07T13:42:47,comment,https://reddit.com/r/self/comments/cmuue/i_grew_up_on_whole_milk_cocoa_puffs_mac_n_cheese/,t3_cmuue,c0tpag0,neutral,0.2549404501914978,neutral,0.2549404501914978,0.94,positive,False
reddit_comment,whole milk school,"Well, ok so did I but in my early teens I got into video games. I still play them too. I bike around a little but nothing much and I weight less than I did when I graduated High school. So it's part genetics seems to me. signed a skinny guy",,self,https://reddit.com/r/self/comments/cmuue/i_grew_up_on_whole_milk_cocoa_puffs_mac_n_cheese/,2010-07-07T13:12:27,comment,https://reddit.com/r/self/comments/cmuue/i_grew_up_on_whole_milk_cocoa_puffs_mac_n_cheese/,t3_cmuue,c0tp8ba,positive,0.4953112304210663,positive,0.4953112304210663,0.6428,positive,True
reddit_comment,whole milk school,"I played outside as well. But kids today do eat many more calories than we did, overall, even if they do play outside (and many don't). Portion sizes are huge. I actually ate fairly well as a kid. No sugary cereals, no whole milk, no frozen or canned food. But yeah, I played outside. And during the school year, we actually ran around during recess.",,self,https://reddit.com/r/self/comments/cmuue/i_grew_up_on_whole_milk_cocoa_puffs_mac_n_cheese/,2010-07-07T13:27:36,comment,https://reddit.com/r/self/comments/cmuue/i_grew_up_on_whole_milk_cocoa_puffs_mac_n_cheese/,t3_cmuue,c0tp9at,positive,0.539715588092804,positive,0.539715588092804,0.8151,positive,True
reddit_comment,whole milk school,"Your exhaustively researched study has swayed me my good man. I have read hundreds of studies, using cumulative sample sizes of tens thousands of people. Results have been mixed. But you! With your sample size of 1, and ample knowledge of the history of your life and therefore a clear understanding of the causes and effects of everything, have shown me the light. Never mind the fact the when people burn more calories they eat more to compensate. Never mind the fact that an hour of exercise burns maybe 100 calories, the same as about 5 cheetos. Clearly, you understand every molecule of your body and know everything about everything.",,self,https://reddit.com/r/self/comments/cmuue/i_grew_up_on_whole_milk_cocoa_puffs_mac_n_cheese/,2010-07-07T14:49:18,comment,https://reddit.com/r/self/comments/cmuue/i_grew_up_on_whole_milk_cocoa_puffs_mac_n_cheese/,t3_cmuue,c0tpg44,neutral,0.220463216304779,neutral,0.220463216304779,0.8335,positive,False
reddit_comment,whole milk school,You must be nearly as old as I am... Played outside as well...,,self,https://reddit.com/r/self/comments/cmuue/i_grew_up_on_whole_milk_cocoa_puffs_mac_n_cheese/,2010-07-07T12:56:20,comment,https://reddit.com/r/self/comments/cmuue/i_grew_up_on_whole_milk_cocoa_puffs_mac_n_cheese/,t3_cmuue,c0tp7cj,neutral,0.3610068261623382,neutral,0.3610068261623382,0.5423,positive,False
reddit_comment,whole milk school,"Arrogant much? Yes, many kids need to exercise more, but don't tell everybody that you're slim just because of a personal virtue. Many people with the same diet and activity as yours are overweight.",,self,https://reddit.com/r/self/comments/cmuue/i_grew_up_on_whole_milk_cocoa_puffs_mac_n_cheese/,2010-07-07T16:19:52,comment,https://reddit.com/r/self/comments/cmuue/i_grew_up_on_whole_milk_cocoa_puffs_mac_n_cheese/,t3_cmuue,c0tppet,negative,0.038913007825613,negative,0.038913007825613,0.0516,positive,False
reddit_comment,whole milk school,"If you're not fat, then why do you want to ""loose"" 25 lbs? Seems strange a person would ask for help and then turn around and judge other people for their choices.",,self,https://reddit.com/r/self/comments/cmuue/i_grew_up_on_whole_milk_cocoa_puffs_mac_n_cheese/,2010-07-07T15:52:36,comment,https://reddit.com/r/self/comments/cmuue/i_grew_up_on_whole_milk_cocoa_puffs_mac_n_cheese/,t3_cmuue,c0tpmgt,negative,0.0106870122253894,negative,0.0106870122253894,-0.0258,neutral,False
reddit_comment,whole milk school,"&gt; We've always had the same junk to eat Bullshit. Cocoa puffs, mac n cheese, hamburger helper, and wonder bread were invented in the last century. In that century, our diets have changed DRAMATICALLY in the US. High fructose corn syrup wasn't used widely as a food additive until the 70s. Now it's in everything. If you think kids today are eating the same food your grandparents grew up on, you couldn't be more wrong. To your basic point -- yes, activity level plays a major role. But so do genetics and diet. They're all factors; you can't ignore any of them.",,self,https://reddit.com/r/self/comments/cmuue/i_grew_up_on_whole_milk_cocoa_puffs_mac_n_cheese/,2010-07-07T14:13:34,comment,https://reddit.com/r/self/comments/cmuue/i_grew_up_on_whole_milk_cocoa_puffs_mac_n_cheese/,t3_cmuue,c0tpcx1,negative,0.0200637429952621,negative,0.0200637429952621,0.637,positive,False
reddit,whole milk school,"Whole milk transition for baby who likes warm milk?. For those who previously fed their babies warm formula bottles, how did you work the transition to whole milk? We’ve been using a Brezza warm water dispenser for the past 12 months, and mixing up formula from powder on demand with the warm water. We do also own a bottle warmer, but found this way much faster and easier than the warmer (which I found hard to time right to get the milk to the exact right temperature). I generally find this process pretty convenient, especially now that baby is down to 3 bottles a day. Now we’re looking to transition to whole milk, and wondering how we should do this. I’ve heard two schools of thought on this. Some people do the transition to exclusively using cups at the same time, and follow the philosophy of formula goes in bottles, milk goes in a cup. Other people however I’ve heard of mixing formula and milk in the bottle at increasing ratios of milk over time, and then doing away with bottles as a separate transition. If we do this, though, should we also take this opportunity to get baby used to cold milk? Maybe do warm formula &gt; cold formula &gt; cold formula/milk mixture? Or should we warm the milk in the bottle warmer for now, and worry about getting her to drink it cold later? I really don’t want to have to deal with warming it for the long-term though. Alternately, maybe the idea of just putting it in a cup and treating it as a separate thing works better if we don’t want to warm it?",Whole milk transition for baby who likes warm milk?,FormulaFeeders,https://reddit.com/r/FormulaFeeders/comments/1h8i8xm/whole_milk_transition_for_baby_who_likes_warm_milk/,2024-12-07T02:17:51,post,,t3_1h8i8xm,,neutral,0.1938998997211456,neutral,0.1938998997211456,0.9832,positive,False
reddit_comment,whole milk school,"I can’t remember exactly, but I think we did cold turkey for both, and probably at the same time. I didn’t have patience for a gradual approach.",,FormulaFeeders,https://reddit.com/r/FormulaFeeders/comments/1h8i8xm/whole_milk_transition_for_baby_who_likes_warm_milk/,2024-12-07T02:56:14,comment,https://reddit.com/r/FormulaFeeders/comments/1h8i8xm/whole_milk_transition_for_baby_who_likes_warm_milk/,t3_1h8i8xm,m0t8tfc,negative,0.0174005851149559,negative,0.0174005851149559,0.0,neutral,False
reddit_comment,whole milk school,I did half and half for my oldest son he didn’t get temperature but my youngest son loves warm bottles so I’m in the same boat . But at this point I refuse to warm up his milk lol formula yes but milk he’s gonna have to learn to drink it cold,,FormulaFeeders,https://reddit.com/r/FormulaFeeders/comments/1h8i8xm/whole_milk_transition_for_baby_who_likes_warm_milk/,2024-12-07T05:32:06,comment,https://reddit.com/r/FormulaFeeders/comments/1h8i8xm/whole_milk_transition_for_baby_who_likes_warm_milk/,t3_1h8i8xm,m0ttcix,neutral,0.2595518231391907,neutral,0.2595518231391907,0.9349,positive,False
reddit_comment,whole milk school,Don't get bogged down trying to match the formula experience. Milk tastes different anyway. You can introduce it as a new food with different attributes.,,FormulaFeeders,https://reddit.com/r/FormulaFeeders/comments/1h8i8xm/whole_milk_transition_for_baby_who_likes_warm_milk/,2024-12-07T16:46:48,comment,https://reddit.com/r/FormulaFeeders/comments/1h8i8xm/whole_milk_transition_for_baby_who_likes_warm_milk/,t3_1h8i8xm,m0w3ml6,neutral,0.176528126001358,neutral,0.176528126001358,0.0,neutral,True
reddit,whole milk school,"What worked for my dyshidrosis eczema: Got rid of whole milk. I got very into matcha lattes over the pandemic. I started to drink them consistently. I actually cured my period cramps from drinking whole milk and found out this helps with how the muscles work in the abdominal area. It made sense since I stopped drinking milk around high school and that's when my cramps started. Therefore, I drank more to make sure my cramps were mild or gone. I started getting small bumps from my pinky finger a year to two years ago and it slowly spread to the second and now partially my third. It would flare up in cycles over the course of weeks. The skin would dry up and come off, then cycle again. Went to skin doctors and they prescribed steroids which helped but I stopped since it felt like a bandaid and I wanted to get to the root cause. I stopped drinking matcha lattes recently and within a month, my hand has completely cleared up. The swelling has gone away. Hope this is useful for anyone, good luck!",What worked for my dyshidrosis eczema: Got rid of whole milk,eczema,https://reddit.com/r/eczema/comments/1gy5ev0/what_worked_for_my_dyshidrosis_eczema_got_rid_of/,2024-11-23T17:51:39,post,,t3_1gy5ev0,,positive,0.6293306946754456,positive,0.6293306946754456,0.9752,positive,True
reddit_comment,whole milk school,"Trading cramps for eczema (and vice versa) is such a lose-lose situation, op. My condolences lol",,eczema,https://reddit.com/r/eczema/comments/1gy5ev0/what_worked_for_my_dyshidrosis_eczema_got_rid_of/,2024-11-23T19:11:13,comment,https://reddit.com/r/eczema/comments/1gy5ev0/what_worked_for_my_dyshidrosis_eczema_got_rid_of/,t3_1gy5ev0,lymdijh,negative,0.0138284508138895,negative,0.0138284508138895,0.4215,positive,False
reddit_comment,whole milk school,"I have the same on my fingers. I use aciclovir cream. It helps a ton. I usually cut a finger off the sterile glove, stretch and put it on my finger after I put a layer of cream. It prevents from smudging.",,eczema,https://reddit.com/r/eczema/comments/1gy5ev0/what_worked_for_my_dyshidrosis_eczema_got_rid_of/,2024-11-23T21:52:19,comment,https://reddit.com/r/eczema/comments/1gy5ev0/what_worked_for_my_dyshidrosis_eczema_got_rid_of/,t3_1gy5ev0,lyn6m3e,positive,0.6115466952323914,positive,0.6115466952323914,0.2023,positive,True
reddit,whole milk school,"How many calories do you think this Japanese school lunch is w/o rice and milk?. Hey everyone! First post here! I moved to Japan a while back, and, wow, I gained so much weight at first—heh...heh..., I think the school lunches played a part in that, especially with the mounds of rice. But I’ve been calorie counting lately, cutting back on my portions, and doing more active stuff, so I’ve been steadily losing weight. I actually really enjoy the school lunches, so I don’t want to stop having them—they’re tasty, and I’m open to eating pretty much anything, so they suit me well! \--Here’s a picture of one of my lunch along with the macros the school provides. \--And yes, I usually skip the milk and the rice (unless it’s curry and rice day because, honestly, rice is a must with curry! But I do cut back). While teacher portions tend to be slightly bigger than the students, I usually get about the same as the kids do. I typically estimate my whole lunch (No rice no milk) at around 500–600 calories, but I’d love to hear your guesses. Minus -137cal for Milk Minus -200 for the Rice (roughly 1 cup) Do you think just subtracting just the rice and milk is enough? If so, it’ll put this meal at around 460 (I round up to 500) think that’s enough? thank you. :)",How many calories do you think this Japanese school lunch is w/o rice and milk?,caloriecount,https://reddit.com/r/caloriecount/comments/1gm8t1a/how_many_calories_do_you_think_this_japanese/,2024-11-08T03:04:46,post,,t3_1gm8t1a,,neutral,0.4000924825668335,neutral,0.4000924825668335,0.9876,positive,False
reddit_comment,whole milk school,"200ml milk 137, a cup of rice around 220 So yeah probably log it as 460 to 480ish.",,caloriecount,https://reddit.com/r/caloriecount/comments/1gm8t1a/how_many_calories_do_you_think_this_japanese/,2024-11-08T08:16:33,comment,https://reddit.com/r/caloriecount/comments/1gm8t1a/how_many_calories_do_you_think_this_japanese/,t3_1gm8t1a,lw1qhmg,neutral,0.0393556579947471,neutral,0.0393556579947471,0.4341,positive,False
reddit_comment,whole milk school,What are all the other things? Understanding ingredients helps with an estimate,,caloriecount,https://reddit.com/r/caloriecount/comments/1gm8t1a/how_many_calories_do_you_think_this_japanese/,2024-11-08T03:42:54,comment,https://reddit.com/r/caloriecount/comments/1gm8t1a/how_many_calories_do_you_think_this_japanese/,t3_1gm8t1a,lw0sh2x,neutral,0.1515781283378601,neutral,0.1515781283378601,0.3818,positive,False
reddit,whole milk school,"A voice from the class of 2022. Hi there, I'm a senior in high school. I go to a tech school in Massachusetts and the reason I'm writing this is to tell people what it's really like in the classrooms right now. I like to do my own reading on psychology, history, and just anthropology in general, which eventually lead me to find this subreddit around the time of the start of the pandemic, and I just need to say that the way schools have been running and the schedules they've been using are so much worse than how they sound in articles found here, worse than the outlook of parents watching from afar, and even some of the horror stories you can hear from teachers. Our school system is broken. As a tech school, my teachers try to achieve to teach us the basics of most and the important of creativity. So much of our curriculum is based on hands on learning and group work. This pandemic had really made me realize just how poorly managed and planned mine, and many other schools are. Everyone is so tired. You can see it in their eyes. Both students and faculty are running on the little bit of gas they have left. Work is more difficult to complete than it should be, my teachers jump from one emergency meeting to another, college applications look more and more pointless everytime I go over them, and over 35% of my school is currently out with covid. I truly think the school system is on its last leg. We don't really talk about current events much in class anymore like we used to, I think it just makes everyone more depressed than they already are. A lot of kids have been trying to distract themselves from the horror that we all know is going on outside. I've seen plenty of kids do stupid things to try to distract themselves. School lunches have been getting smaller and smaller thanks to supply issues, it's rare for us to have milk for the whole week. It really is scary to be in class right now, but I don't want sympathy as I know of schools that are in even worse state right now. I want change. It's gettin",A voice from the class of 2022,collapse,https://reddit.com/r/collapse/comments/s2bn8y/a_voice_from_the_class_of_2022/,2022-01-12T17:23:06,post,,t3_s2bn8y,,neutral,0.0677443817257881,neutral,0.0677443817257881,-0.9587,negative,False
reddit_comment,whole milk school,"I quit my high school job recently for this same reason. It doesn’t benefit you financially or psychologically to work in education. The education system in America (which has been crumbling for decades) is now completely broken and I consider myself lucky to have survived it. Edit: I forgot to say good luck, kid. And I’m sorry you’re still stuck there.",,collapse,https://reddit.com/r/collapse/comments/s2bn8y/a_voice_from_the_class_of_2022/,2022-01-12T18:54:02,comment,https://reddit.com/r/collapse/comments/s2bn8y/a_voice_from_the_class_of_2022/,t3_s2bn8y,hsdsyrq,negative,0.0099657597020268,negative,0.0099657597020268,0.8522,positive,False
reddit_comment,whole milk school,High school was terrible when I did it fifteen years ago. I imagine that it is so much worse now. I believe what you are saying and I wish you the strength to get through it! You're so close! What kind of change would you like to see?,,collapse,https://reddit.com/r/collapse/comments/s2bn8y/a_voice_from_the_class_of_2022/,2022-01-12T18:40:42,comment,https://reddit.com/r/collapse/comments/s2bn8y/a_voice_from_the_class_of_2022/,t3_s2bn8y,hsdqt95,negative,0.1984414309263229,negative,0.1984414309263229,0.3623,positive,False
reddit_comment,whole milk school,"Obtain this book: [make it stick]( and start learning on your own. While teachers are important, you can develop your skills and curiosity in parallel and just rely on them for clarifications (ask questions and general guiding). When I was in high-school I used to read the course books ahead; which also helps in figuring out what you like. Try to figure out what they want you to learn. There's usually some structure behind all of it, a tree skeleton of knowledge, on which other knowledge is built. That's usually the index of a book/course/whatever, so learn that first. Slideshows and digital mediums are bad because they lack this ""3D"" shape of accessing stuff, unless you're on a Desktop and are intensely using the sidebar with the relevant index. I don't recommend deep specialization in something, keep learning and adding skills, any chaotic future will need people with multiple skills and wide ranging knowledge. When you find something, you can do what undergrads do, which is to start your own research by looking up stuff (such as in a library) and reading papers and books. Reading books is necessary to develop your vocabulary, it's a world-building exercise, and movies aren't. Once you get the hang of certain things and get good at them, start teaching others. You will learn a lot more by trying to explain stuff correctly to others. Don't wait for teachers to do it for you. Try to maintain some higher goals for these things, not just ""get grades and pass and make the parents happy"", that's one of the reasons most don't want to learn. It's not really something anyone can tell you to have, they can only inspire you. You have to imagine a worthy purpose for this. Also, learning is a nice treatment for depression. As the world gets more chaotic, the worldview people use to think about things and do things becomes old and expires, it gets less and less useful. So the good news is that there's going to be a lot more to discover, which is why it's essential to get a grip",,collapse,https://reddit.com/r/collapse/comments/s2bn8y/a_voice_from_the_class_of_2022/,2022-01-12T19:27:50,comment,https://reddit.com/r/collapse/comments/s2bn8y/a_voice_from_the_class_of_2022/,t3_s2bn8y,hsdycas,neutral,0.449047714471817,neutral,0.449047714471817,0.8755,positive,False
reddit_comment,whole milk school,"Reading this summary makes me glad that I graduated high school when I did. This was around several years ago now. My particular high school had an excellent budget and they had just finished expanding. Facilities such as woodshop, a school kitchen and even an automotive garage had been added. I actually felt like I was missing out on getting an education in the skilled trades before I could even graduate. The opportunities were definitely there for younger students. Things were looking really promising. And not to mention, while bullying and fighting did exist, they weren't very widespread. This was in a sharp contrast to my experiences at elementary and JR high school, which were rampant with these social conflicts. A couple years after I graduated, the school's social aspects had really gone to shit. My friends told me, via their younger siblings, that student pregnancies popped up while drug use among students at house parties intensified. Furthermore, the school was burglarized and a group of kids blew off firecrackers around the place. Police were called and this incident made the local news. I wouldn't want to be there with regards to how bad it likely is now, among the student body, along with the bureaucratic fuckshow surrounding the pandemic.",,collapse,https://reddit.com/r/collapse/comments/s2bn8y/a_voice_from_the_class_of_2022/,2022-01-12T18:52:38,comment,https://reddit.com/r/collapse/comments/s2bn8y/a_voice_from_the_class_of_2022/,t3_s2bn8y,hsdsqnj,positive,0.9590030908584596,positive,0.9590030908584596,0.5434,positive,True
reddit_comment,whole milk school,"I'm one shame-faced adult looking down at my feet with little to say except, I'm sorry. I'm sorry I failed you. I'm sorry I couldn't do more politically. I thought voting was enough but it wasn't. I'm sorry I couldn't do more environmentally, I had to commute to work. All that gas I used then has added to your future. I'm sorry I couldn't do more humanitarian-wise, I've spent my life caring more for homeless animals than I have for human beings. I'm sorry I can't motivate people to protest en mass. I've spent over a year on Reddit listening to folks who feel like I do, advocating revolution, action, something...but we just can't seem to act to save ourselves, let alone you kids. I don't have kids of my own, but I've worked with young people who deserve to have a future with at least the same amount of hope and dreams that we had growing up in the 80's. But, given the level of greed, corruption, hatred, and obliviousness in adults, hope is not what we're leaving you, and for that I am just so damned sorry.",,collapse,https://reddit.com/r/collapse/comments/s2bn8y/a_voice_from_the_class_of_2022/,2022-01-12T18:51:30,comment,https://reddit.com/r/collapse/comments/s2bn8y/a_voice_from_the_class_of_2022/,t3_s2bn8y,hsdsk3d,negative,0.0066862693056464,negative,0.0066862693056464,-0.1431,negative,True
reddit_comment,whole milk school,"My husband and I (38 and 40 respectively) we're just talking about this the other night. We both hated school and agreed that while it was one of the worst times in our lives, it had nothing on what kids have to deal with now. Covid has screwed you guys over extra hard, and that's not even taking into consideration social media haunting your every moment and climate change being an even more clear and present danger for you than it was for us at your age. I'm so sorry you're having a hard time, and I wish I could tell you that things would get better... I mean, you won't be in school forever, at least. Just hang in there, k?",,collapse,https://reddit.com/r/collapse/comments/s2bn8y/a_voice_from_the_class_of_2022/,2022-01-12T19:36:02,comment,https://reddit.com/r/collapse/comments/s2bn8y/a_voice_from_the_class_of_2022/,t3_s2bn8y,hsdziye,negative,0.0208615064620971,negative,0.0208615064620971,-0.82,negative,True
reddit_comment,whole milk school,The collapse of an education system typically forebodes the collapse of a society. America seems to be racing to see which sector and what part of society will collapse first.,,collapse,https://reddit.com/r/collapse/comments/s2bn8y/a_voice_from_the_class_of_2022/,2022-01-13T00:18:10,comment,https://reddit.com/r/collapse/comments/s2bn8y/a_voice_from_the_class_of_2022/,t3_s2bn8y,hsf7bcm,negative,0.0095984255895018,negative,0.0095984255895018,-0.8625,negative,True
reddit_comment,whole milk school,Can you expand on the riot? Why did they do that and what did they do?,,collapse,https://reddit.com/r/collapse/comments/s2bn8y/a_voice_from_the_class_of_2022/,2022-01-12T19:17:57,comment,https://reddit.com/r/collapse/comments/s2bn8y/a_voice_from_the_class_of_2022/,t3_s2bn8y,hsdwrvk,negative,0.0070801191031932,negative,0.0070801191031932,-0.3939,negative,True
reddit_comment,whole milk school,"US High School has been like that for a long, long time. In my school, 25 years ago, we had teachers just showing up drunk and yelling at the class for an hour. Only one of 8 of my high school teachers were even competent in the field they were supposed to teaching. The Spanish teacher was just reading one chapter ahead of the class. Our biology teacher didn't believe in evolution. The career counselor's only advice was to join the military, work in the mine, or (if you were really smart) apply to state college. If you were interested in going to Stanford or MIT, you were on your own. They didn't even know how to get the applications for out of state schools. The good news is that the studies have shown that the quality of your school has very little to do with how much you actually learn or how successful you will be in life. The most important thing is how motivated you are and second most important thing is how much support you have from your family. You seem like a bright kid, so you'll probably do fine.",,collapse,https://reddit.com/r/collapse/comments/s2bn8y/a_voice_from_the_class_of_2022/,2022-01-12T19:17:48,comment,https://reddit.com/r/collapse/comments/s2bn8y/a_voice_from_the_class_of_2022/,t3_s2bn8y,hsdwr2o,negative,0.0076750153675675,negative,0.0076750153675675,0.9835,positive,False
reddit,whole milk school,"After Nearly 20 Years, I Finally Found the Pizza Sticks From My Elementary School Lunches!. I’ve been longing for these pizza sticks since the 4th grade. You see, beginning when I entered the 5th grade, my school replaced these heavenly beauties with Bosco sticks. Pizza sticks were never served at my school again after this. Talk about a downgrade! Long story short, I’ve been searching for these specific pizza sticks for the last two decades. Welp, a few weeks ago, a simple Google search yielded the name of the pizza sticks I had so desperately sought all this time. They are called the Max Pizza Sticks by the brand Conagra. After years of searching, I finally ordered myself a case. Today, they were my lunch! I just had to throw in a chocolate milk and vegetable side to really complete the aesthetic. Not to mention, they simply wouldn’t have tasted as good as I remembered without a lunch tray! The delightful whole grain crust and the greasy, albeit slightly mushy (but perfectly mushy, if you catch my drift) mozzarella cheese took me all the way back to the 4th grade. Absolutely delicious! They were everything I wanted, and more! Talk about a nostalgia trip back to the early 2000s! I can finally die happy now!","After Nearly 20 Years, I Finally Found the Pizza Sticks From My Elementary School Lunches!",nostalgia,https://reddit.com/r/nostalgia/comments/1ohn5hc/after_nearly_20_years_i_finally_found_the_pizza/,2025-10-27T18:58:12,post,,t3_1ohn5hc,,positive,0.6428765654563904,positive,0.6428765654563904,0.9616,positive,True
reddit_comment,whole milk school,Damn! Im 36 and I used to destroy those in highschool! So glad to know a brand name!,,nostalgia,https://reddit.com/r/nostalgia/comments/1ohn5hc/after_nearly_20_years_i_finally_found_the_pizza/,2025-10-27T19:08:54,comment,https://reddit.com/r/nostalgia/comments/1ohn5hc/after_nearly_20_years_i_finally_found_the_pizza/,t3_1ohn5hc,nlp4vy1,positive,0.927512526512146,positive,0.927512526512146,-0.4956,negative,False
reddit_comment,whole milk school,My sister and I went halvsies on a case from the bulk distributor a few years ago. I need to do that again.,,nostalgia,https://reddit.com/r/nostalgia/comments/1ohn5hc/after_nearly_20_years_i_finally_found_the_pizza/,2025-10-27T19:29:57,comment,https://reddit.com/r/nostalgia/comments/1ohn5hc/after_nearly_20_years_i_finally_found_the_pizza/,t3_1ohn5hc,nlp907v,positive,0.6592720746994019,positive,0.6592720746994019,0.0,neutral,False
reddit_comment,whole milk school,God I really need to bite the bullet and order a case of these. We're getting a chest freezer soon and I'll finally have the space These were the only lunch I'd buy double of in school.,,nostalgia,https://reddit.com/r/nostalgia/comments/1ohn5hc/after_nearly_20_years_i_finally_found_the_pizza/,2025-10-27T20:14:34,comment,https://reddit.com/r/nostalgia/comments/1ohn5hc/after_nearly_20_years_i_finally_found_the_pizza/,t3_1ohn5hc,nlphsuh,positive,0.4745386838912964,positive,0.4745386838912964,0.2732,positive,True
reddit_comment,whole milk school,"Yeah I remember these, they had a very specific flavor that I'm sure would also transport me back to 2008. Looked online, apparently you can only buy these in bulk, which sucks, but hey...at least someone else got some enjoyment from these!",,nostalgia,https://reddit.com/r/nostalgia/comments/1ohn5hc/after_nearly_20_years_i_finally_found_the_pizza/,2025-10-27T19:31:04,comment,https://reddit.com/r/nostalgia/comments/1ohn5hc/after_nearly_20_years_i_finally_found_the_pizza/,t3_1ohn5hc,nlp98b6,negative,0.2181488871574401,negative,0.2181488871574401,0.7712,positive,False
reddit_comment,whole milk school,I’m a lunch lady in an elementary school and we are serving these on Friday!,,nostalgia,https://reddit.com/r/nostalgia/comments/1ohn5hc/after_nearly_20_years_i_finally_found_the_pizza/,2025-10-28T00:16:34,comment,https://reddit.com/r/nostalgia/comments/1ohn5hc/after_nearly_20_years_i_finally_found_the_pizza/,t3_1ohn5hc,nlqqg7u,positive,0.5807657837867737,positive,0.5807657837867737,0.0,neutral,False
reddit_comment,whole milk school,Italian dunkers is what we called them,,nostalgia,https://reddit.com/r/nostalgia/comments/1ohn5hc/after_nearly_20_years_i_finally_found_the_pizza/,2025-10-27T23:22:23,comment,https://reddit.com/r/nostalgia/comments/1ohn5hc/after_nearly_20_years_i_finally_found_the_pizza/,t3_1ohn5hc,nlqgusg,neutral,0.1248188242316246,neutral,0.1248188242316246,0.0,neutral,True
reddit_comment,whole milk school,"I was just explaining these to my wife, literally YESTERDAY! Were you able to find them in anything smaller than by the case?",,nostalgia,https://reddit.com/r/nostalgia/comments/1ohn5hc/after_nearly_20_years_i_finally_found_the_pizza/,2025-10-27T23:40:02,comment,https://reddit.com/r/nostalgia/comments/1ohn5hc/after_nearly_20_years_i_finally_found_the_pizza/,t3_1ohn5hc,nlqk10i,neutral,0.2503851056098938,neutral,0.2503851056098938,0.0,neutral,True
reddit_comment,whole milk school,Is the pizza stuff in the middle? What's the anatomy of that bad boy,,nostalgia,https://reddit.com/r/nostalgia/comments/1ohn5hc/after_nearly_20_years_i_finally_found_the_pizza/,2025-10-28T08:38:04,comment,https://reddit.com/r/nostalgia/comments/1ohn5hc/after_nearly_20_years_i_finally_found_the_pizza/,t3_1ohn5hc,nlso1v1,negative,0.0219484195113182,negative,0.0219484195113182,-0.5423,negative,True
reddit,whole milk school,"Skim/1%/2% Milk tastes better than Whole Milk. I've just always thought whole milk was just too much? In cooking, it's great, but if you just want a glass of milk or a bowl of cereal, the other options are just better. Not as overwhelmingly ""milkly"" and doesn't leave as much of the milk flavor in your mouth. Bonus: Regular milk is better than chocolate milk. You could have more of it since it's not as sweet and can go with more foods. Chocolate milk was always the superior choice for school lunches though",Skim/1%/2% Milk tastes better than Whole Milk,unpopularopinion,https://reddit.com/r/unpopularopinion/comments/13x0raf/skim12_milk_tastes_better_than_whole_milk/,2023-05-31T22:49:06,post,,t3_13x0raf,,positive,0.5340862274169922,positive,0.5340862274169922,0.967,positive,True
reddit_comment,whole milk school,"Please remember what subreddit you are in, this is unpopular opinion. We want civil and unpopular takes and discussion. Any uncivil and ToS violating comments will be removed and subject to a ban. Have a nice day! *I am a bot, and this action was performed automatically. Please [contact the moderators of this subreddit](/message/compose/?to=/r/unpopularopinion) if you have any questions or concerns.*",,unpopularopinion,https://reddit.com/r/unpopularopinion/comments/13x0raf/skim12_milk_tastes_better_than_whole_milk/,2023-05-31T22:49:07,comment,https://reddit.com/r/unpopularopinion/comments/13x0raf/skim12_milk_tastes_better_than_whole_milk/,t3_13x0raf,jmejatu,neutral,0.1759906560182571,neutral,0.1759906560182571,-0.1759,negative,False
reddit_comment,whole milk school,"1% and 2% are pretty good, skim milk is borderline water.",,unpopularopinion,https://reddit.com/r/unpopularopinion/comments/13x0raf/skim12_milk_tastes_better_than_whole_milk/,2023-05-31T23:10:53,comment,https://reddit.com/r/unpopularopinion/comments/13x0raf/skim12_milk_tastes_better_than_whole_milk/,t3_13x0raf,jmemcty,positive,0.8938467502593994,positive,0.8938467502593994,0.7269,positive,True
reddit_comment,whole milk school,It sounds like you just don't like milk. Anything less than whole milk tastes like straight water to me,,unpopularopinion,https://reddit.com/r/unpopularopinion/comments/13x0raf/skim12_milk_tastes_better_than_whole_milk/,2023-05-31T23:16:14,comment,https://reddit.com/r/unpopularopinion/comments/13x0raf/skim12_milk_tastes_better_than_whole_milk/,t3_13x0raf,jmen3bg,negative,0.0083055179566144,negative,0.0083055179566144,0.5845,positive,False
reddit_comment,whole milk school,"Skim looks blue and has a terrible taste. 1percent is borderline too thin. 2 percent is probably the best for chocolate milk or cereal. Whole is really thick and doesn't really get cold because of the fat content...it's good for making soup, hot chocolate, pudding, or baking.",,unpopularopinion,https://reddit.com/r/unpopularopinion/comments/13x0raf/skim12_milk_tastes_better_than_whole_milk/,2023-06-01T00:46:43,comment,https://reddit.com/r/unpopularopinion/comments/13x0raf/skim12_milk_tastes_better_than_whole_milk/,t3_13x0raf,jmezazf,negative,0.1117631644010543,negative,0.1117631644010543,0.6124,positive,False
reddit_comment,whole milk school,agree. I don't like whole milk,,unpopularopinion,https://reddit.com/r/unpopularopinion/comments/13x0raf/skim12_milk_tastes_better_than_whole_milk/,2023-05-31T23:20:11,comment,https://reddit.com/r/unpopularopinion/comments/13x0raf/skim12_milk_tastes_better_than_whole_milk/,t3_13x0raf,jmenmvw,negative,0.0211685914546251,negative,0.0211685914546251,0.1002,positive,False
reddit_comment,whole milk school,2%&gt;whole&gt;&gt;&gt;&gt;1%,,unpopularopinion,https://reddit.com/r/unpopularopinion/comments/13x0raf/skim12_milk_tastes_better_than_whole_milk/,2023-05-31T23:51:37,comment,https://reddit.com/r/unpopularopinion/comments/13x0raf/skim12_milk_tastes_better_than_whole_milk/,t3_13x0raf,jmery4t,neutral,0.1157690361142158,neutral,0.1157690361142158,0.0,neutral,True
reddit_comment,whole milk school,Different strokes for different folks. Enjoy your favorite.,,unpopularopinion,https://reddit.com/r/unpopularopinion/comments/13x0raf/skim12_milk_tastes_better_than_whole_milk/,2023-06-01T00:46:26,comment,https://reddit.com/r/unpopularopinion/comments/13x0raf/skim12_milk_tastes_better_than_whole_milk/,t3_13x0raf,jmez9p8,positive,0.844728946685791,positive,0.844728946685791,0.7351,positive,True
reddit_comment,whole milk school,"You lost me on skim, but 1% and 2% are the shizz...too much sugar tho",,unpopularopinion,https://reddit.com/r/unpopularopinion/comments/13x0raf/skim12_milk_tastes_better_than_whole_milk/,2023-06-01T05:44:55,comment,https://reddit.com/r/unpopularopinion/comments/13x0raf/skim12_milk_tastes_better_than_whole_milk/,t3_13x0raf,jmfxp8q,negative,0.0472840592265129,negative,0.0472840592265129,-0.1655,negative,True
reddit_comment,whole milk school,Taste like the same shit,,unpopularopinion,https://reddit.com/r/unpopularopinion/comments/13x0raf/skim12_milk_tastes_better_than_whole_milk/,2023-05-31T22:54:18,comment,https://reddit.com/r/unpopularopinion/comments/13x0raf/skim12_milk_tastes_better_than_whole_milk/,t3_13x0raf,jmek18e,negative,0.0110992779955267,negative,0.0110992779955267,-0.2732,negative,True
reddit,whole milk school,"TV Time Menu by Obisck. I decided to commission artist Obisck to draw my interpretation of the TV Slop, TV Dinner, Deluxe Dinner, &amp; Executive Buffet from Deltarune. Here's a link to their Vgen page to give proper credit - The TV Slop was one of the items that took the most creative liberties. Susie describing it as Cafeteria food inspired me to suggest it resembling a school cafeteria lunch. The milk carton, and dog food came from the cooking mini game in chapter 3. The Yogurt is a reference to the yogurt that can be thrown during TV Time, &amp; the Pizza was chosen to just fit the vibe of a school cafeteria lunch, but it also references Tenna's freak out, repeating “Mama Mia”. The white cone and melted look of the ice cream comes from in game flavor text describing the TV Slop. Obisck decided to add the pink and yellow to the ice cream which I thought was a great addition. The tray itself being a dirty green color is in reference to the S Rank room, the place where one can mostly get TV Slop. For the TV Dinner, it consists of a cone pointing up resembling Tenna's nose, paired with blue ice cream to represent Pipis. Obisck decided to add Star candies next to the ice cream which correlates to Tenna's star attacks. The TV Dinner also consists of a Vegan Steak which I suggested to have grill marks added to it which resemble a TV's Scanlines, and a cinnamon butterscotch pie crumb, which I somewhat reinterpreted as mini pies with crumbs layered on Top. - For the Executive Buffet the decision to go for a Bento Box was inspired by a few things. 1 being the contents of the executive Buffet itself are hinted to be Caviar, Bento Boxes are a bit fancier than a TV Dinner tray, and the Deluxe Dinner had flavor text alluding to detachable Antenna. I decided to reinterpret the Antenna as Chopsticks and carry it over to the Executive Buffet, and thus the Caviar was interpreted as Caviar Sushi. Obisck had the idea of adding a Rice ball/ Onigiri with Tenna's face on it, the cloud and sun patterns on the",TV Time Menu by Obisck,Tenna,https://reddit.com/r/Tenna/comments/1rngvhe/tv_time_menu_by_obisck/,2026-03-07T18:09:57,post,,t3_1rngvhe,,neutral,0.2260371595621109,neutral,0.2260371595621109,0.7805,positive,False
reddit_comment,whole milk school,damn now i'm hungry..,,Tenna,https://reddit.com/r/Tenna/comments/1rngvhe/tv_time_menu_by_obisck/,2026-03-07T18:40:37,comment,https://reddit.com/r/Tenna/comments/1rngvhe/tv_time_menu_by_obisck/,t3_1rngvhe,o96poib,negative,0.0346025936305522,negative,0.0346025936305522,-0.4019,negative,True
reddit_comment,whole milk school,"even the tv slop doesn't look that bad (to eat, i mean)",,Tenna,https://reddit.com/r/Tenna/comments/1rngvhe/tv_time_menu_by_obisck/,2026-03-07T19:16:53,comment,https://reddit.com/r/Tenna/comments/1rngvhe/tv_time_menu_by_obisck/,t3_1rngvhe,o96wq47,negative,0.1604482531547546,negative,0.1604482531547546,0.431,positive,False
reddit_comment,whole milk school,-∞/10!!! W0ULD;N EVER [Dine] AGAIN!!!,,Tenna,https://reddit.com/r/Tenna/comments/1rngvhe/tv_time_menu_by_obisck/,2026-03-07T20:14:29,comment,https://reddit.com/r/Tenna/comments/1rngvhe/tv_time_menu_by_obisck/,t3_1rngvhe,o977m9p,negative,0.0771482661366462,negative,0.0771482661366462,0.0,neutral,False
reddit_comment,whole milk school,"They’re all so cool!!! I love how every element of the designs are based off something from in game, I wish I could try the Executive Buffet irl",,Tenna,https://reddit.com/r/Tenna/comments/1rngvhe/tv_time_menu_by_obisck/,2026-03-07T21:49:41,comment,https://reddit.com/r/Tenna/comments/1rngvhe/tv_time_menu_by_obisck/,t3_1rngvhe,o97p84e,positive,0.981664538383484,positive,0.981664538383484,0.9007,positive,True
reddit_comment,whole milk school,"""tv slop"" and it genuinely looks so TASTY",,Tenna,https://reddit.com/r/Tenna/comments/1rngvhe/tv_time_menu_by_obisck/,2026-03-07T23:25:08,comment,https://reddit.com/r/Tenna/comments/1rngvhe/tv_time_menu_by_obisck/,t3_1rngvhe,o985ui9,positive,0.8720465302467346,positive,0.8720465302467346,0.0,neutral,False
reddit_comment,whole milk school,NEVER eat the tv world sushi bro 🙏,,Tenna,https://reddit.com/r/Tenna/comments/1rngvhe/tv_time_menu_by_obisck/,2026-03-08T03:38:11,comment,https://reddit.com/r/Tenna/comments/1rngvhe/tv_time_menu_by_obisck/,t3_1rngvhe,o99abmj,negative,0.0672048032283783,negative,0.0672048032283783,0.0,neutral,False
reddit_comment,whole milk school,got hungy and i forgor this is just my screen and not some tv slop ^tm,,Tenna,https://reddit.com/r/Tenna/comments/1rngvhe/tv_time_menu_by_obisck/,2026-03-07T19:28:22,comment,https://reddit.com/r/Tenna/comments/1rngvhe/tv_time_menu_by_obisck/,t3_1rngvhe,o96ywec,neutral,0.1153278648853302,neutral,0.1153278648853302,0.0,neutral,True
reddit_comment,whole milk school,Took me a minute to realize the ice cream cone was the nose. I kept wondering why ice cream as so necessary to be included in each meal. 😆,,Tenna,https://reddit.com/r/Tenna/comments/1rngvhe/tv_time_menu_by_obisck/,2026-03-08T01:10:56,comment,https://reddit.com/r/Tenna/comments/1rngvhe/tv_time_menu_by_obisck/,t3_1rngvhe,o98n8gg,neutral,0.3018313348293304,neutral,0.3018313348293304,0.3612,positive,False
reddit_comment,whole milk school,"Does anyone have the recipe for any of the TV meals? I'm really curious of how good, practical and tasty is any of them. And also, the food looks",,Tenna,https://reddit.com/r/Tenna/comments/1rngvhe/tv_time_menu_by_obisck/,2026-03-09T01:43:55,comment,https://reddit.com/r/Tenna/comments/1rngvhe/tv_time_menu_by_obisck/,t3_1rngvhe,o9f1bbf,positive,0.4668391346931457,positive,0.4668391346931457,0.6697,positive,True
reddit_comment,whole milk school,Why is Ghib-I mean Deltarune food so tasty looking,,Tenna,https://reddit.com/r/Tenna/comments/1rngvhe/tv_time_menu_by_obisck/,2026-03-07T20:25:20,comment,https://reddit.com/r/Tenna/comments/1rngvhe/tv_time_menu_by_obisck/,t3_1rngvhe,o979npp,positive,0.4506928026676178,positive,0.4506928026676178,0.0,neutral,False
reddit,whole milk school,"I’m lactose intolerant towards whole milk but still drink it. It’s pretty straightforward. I prefer whole milk with my coffee and lattes I just like it a lot more than the alternatives. Usually deal with the consequences at home or at work. I’m 21 now and since middle school I’ve always been fine with taking a dump anywhere outside of my home. I just think the alternative milk like almond, oat or skim milk doesn’t taste as good and it’s kind of for pussies imo",I’m lactose intolerant towards whole milk but still drink it,confessions,https://reddit.com/r/confessions/comments/1ebvqzb/im_lactose_intolerant_towards_whole_milk_but/,2024-07-25T14:05:43,post,,t3_1ebvqzb,,neutral,0.2669181823730469,neutral,0.2669181823730469,0.9253,positive,False
reddit_comment,whole milk school,You don't have lactose-free milks in your country? I mean here in Finland they are everywhere.,,confessions,https://reddit.com/r/confessions/comments/1ebvqzb/im_lactose_intolerant_towards_whole_milk_but/,2024-07-25T14:32:37,comment,https://reddit.com/r/confessions/comments/1ebvqzb/im_lactose_intolerant_towards_whole_milk_but/,t3_1ebvqzb,levkf3y,neutral,0.0635877177119255,neutral,0.0635877177119255,0.0,neutral,True
reddit_comment,whole milk school,"Are you diagnosed lactose intolerant? I know so many people who thought they were and spent years avoiding dairy products only to find out there had a different stomach related issue which dairy could trigger, but once they got medicated for the stomach issue they were fine eating dairy again.",,confessions,https://reddit.com/r/confessions/comments/1ebvqzb/im_lactose_intolerant_towards_whole_milk_but/,2024-07-25T14:34:58,comment,https://reddit.com/r/confessions/comments/1ebvqzb/im_lactose_intolerant_towards_whole_milk_but/,t3_1ebvqzb,levkuj7,negative,0.0321238227188587,negative,0.0321238227188587,0.128,positive,False
reddit,whole milk school,"My Pittsburgh Coffee rankings. My one year in Pittsburgh for school is quickly over and I'll miss this beautiful city. One of the things I did over the year was visit different coffee shops. I don't really drink, so this was my guilty pleasure lol. I tried exploring new coffee spots every chance I got but I was limited by the fact that I did not have a car. So, most of the coffee shops I visited were in the East End and Downtown area. Having said that, here are my PERSONAL rankings of the coffee spots I visited. The rubric was based on where I had the best coffee experience, which is more qualitative than quantitative. My coffee order remains the same - An iced latte with whole milk. Top 10 1 La Prima Espresso Co. (Strip) 2 Centred Coffee &amp; Wellness 3 Gasoline Street Coffee Company 4 Biddle's Escape 5 Redhawk Coffee Roasters (Oakland) 6 Delanie's Coffee (Southside) 7 Kaibur Coffee 8 Mechanic Coffee Company 9 Allegheny Coffee &amp; Tea Exchange 10 James Cafe Top 11-25 11 Parisi Cafe 12 Caffè d'Amore Coffeeshop 13 De Fer Coffee &amp; Tea (Strip) 14 Big Dog Coffee 15 Nicholas Coffee &amp; Tea Co. 16 Café 412 17 Ka-Fair coffee and cakery 18 Uptown Coffee 19 Commonplace Coffee (Squirrel Hill) 20 Ineffable Cà Phê 21 Sidecar Coffee and Bake Shop 22 Redstart Roasters 23 Prestogeorge Coffee &amp; Tea 24 Spigolo 25 Inkwell Coffee Shop 26 and Beyond 26 Orbis Caffe 27 Georgie's Corner Cafe 28 KLVN Coffee Lab 29 The Butterwood Bake Consortium 30 LV. Coffee Project 31 Hazelwood Cafe 32 The Coffee Tree Roasters 33 Bitty and Beau's Coffee 34 Ghost Coffee Collab 35 Convive Coffee Roastery (Lawrenceville) 36 Tazza D'Oro ( Highland Park) 37 Yinz Coffee ( Friendship) 38 Abolition Coffee 39 61C 40 Aspinwall Beans'n'cream 41 Margaux 42 Novaria Coffee Co. 43 Hilltop Coffee 44 Arriviste Coffee Roasters 45 Constellation Coffee 46 Espresso A Mano ( Lawrenceville) 47 Grim Wizard Coffee 48 The Cafe Carnegie 49 Rock 'n' Joe Coffee 50 61B Cafe 51 Everyday Cafe 52 Potomac Station Coffeehouse 53 Jitters 54 Café102",My Pittsburgh Coffee rankings,pittsburgh,https://reddit.com/r/pittsburgh/comments/1hhmvdc/my_pittsburgh_coffee_rankings/,2024-12-19T06:36:29,post,,t3_1hhmvdc,,positive,0.8352711200714111,positive,0.8352711200714111,0.9419,positive,True
reddit_comment,whole milk school,"This is a list, and while many will disagree with your rankings, it will open up some eyes about where they can find a new place to try. Nice work on compiling it and supporting local shops!",,pittsburgh,https://reddit.com/r/pittsburgh/comments/1hhmvdc/my_pittsburgh_coffee_rankings/,2024-12-19T12:29:11,comment,https://reddit.com/r/pittsburgh/comments/1hhmvdc/my_pittsburgh_coffee_rankings/,t3_1hhmvdc,m2tadby,positive,0.8982685208320618,positive,0.8982685208320618,0.5255,positive,True
reddit_comment,whole milk school,Thank you for supporting so many local small businesses!,,pittsburgh,https://reddit.com/r/pittsburgh/comments/1hhmvdc/my_pittsburgh_coffee_rankings/,2024-12-19T12:38:45,comment,https://reddit.com/r/pittsburgh/comments/1hhmvdc/my_pittsburgh_coffee_rankings/,t3_1hhmvdc,m2tbjid,positive,0.975257158279419,positive,0.975257158279419,0.69,positive,True
reddit_comment,whole milk school,"Holy smokes that’s a heck of a list. What do you usually drink? Fancy sweet coffee drinks, or straight up coffee.",,pittsburgh,https://reddit.com/r/pittsburgh/comments/1hhmvdc/my_pittsburgh_coffee_rankings/,2024-12-19T07:19:39,comment,https://reddit.com/r/pittsburgh/comments/1hhmvdc/my_pittsburgh_coffee_rankings/,t3_1hhmvdc,m2sh3ow,positive,0.5451411008834839,positive,0.5451411008834839,0.5994,positive,True
reddit_comment,whole milk school,"1. this is a fantastic list. 2. holy crap your tastes and mine do not line up, or adding ice to a latte radically changes things.",,pittsburgh,https://reddit.com/r/pittsburgh/comments/1hhmvdc/my_pittsburgh_coffee_rankings/,2024-12-19T18:43:31,comment,https://reddit.com/r/pittsburgh/comments/1hhmvdc/my_pittsburgh_coffee_rankings/,t3_1hhmvdc,m2v0h5o,positive,0.7099276185035706,positive,0.7099276185035706,0.25,positive,True
reddit_comment,whole milk school,Big dog at 14 is criminal,,pittsburgh,https://reddit.com/r/pittsburgh/comments/1hhmvdc/my_pittsburgh_coffee_rankings/,2024-12-19T12:23:16,comment,https://reddit.com/r/pittsburgh/comments/1hhmvdc/my_pittsburgh_coffee_rankings/,t3_1hhmvdc,m2t9nlz,negative,0.0176155436784029,negative,0.0176155436784029,-0.5267,negative,True
reddit_comment,whole milk school,"Constellation at 45 is very funny to me because I consider it singularly good in Pittsburgh. I'm not a coffee freak but it's the only coffee that really stands out to me while a cappuccino at most ""good"" coffee places taste totally the same.",,pittsburgh,https://reddit.com/r/pittsburgh/comments/1hhmvdc/my_pittsburgh_coffee_rankings/,2024-12-19T14:32:21,comment,https://reddit.com/r/pittsburgh/comments/1hhmvdc/my_pittsburgh_coffee_rankings/,t3_1hhmvdc,m2tsb49,positive,0.843379020690918,positive,0.843379020690918,0.8418,positive,True
reddit_comment,whole milk school,Impressive list for only being here one year!! Some of us never even get out of our house. Best wishes for more iced latte adventures wherever you end up!,,pittsburgh,https://reddit.com/r/pittsburgh/comments/1hhmvdc/my_pittsburgh_coffee_rankings/,2024-12-19T13:36:26,comment,https://reddit.com/r/pittsburgh/comments/1hhmvdc/my_pittsburgh_coffee_rankings/,t3_1hhmvdc,m2tjj2j,positive,0.9814545512199402,positive,0.9814545512199402,0.9125,positive,True
reddit_comment,whole milk school,"A whole list based solely upon iced lattes is a little too niche to be useful to most. Although your list has no relevance to me (a black coffee drinker), I hope it inspires another to do the same with either coffee, americanos or espressos. Good luck wherever you may roam.",,pittsburgh,https://reddit.com/r/pittsburgh/comments/1hhmvdc/my_pittsburgh_coffee_rankings/,2024-12-19T09:27:39,comment,https://reddit.com/r/pittsburgh/comments/1hhmvdc/my_pittsburgh_coffee_rankings/,t3_1hhmvdc,m2ssiyb,neutral,0.2536866962909698,neutral,0.2536866962909698,0.9081,positive,False
reddit_comment,whole milk school,I’m happy to see Cafe 412 mentioned. I’m definitely going to be adding some of these shops to my stops for next year. I went to 37 this year myself,,pittsburgh,https://reddit.com/r/pittsburgh/comments/1hhmvdc/my_pittsburgh_coffee_rankings/,2024-12-19T14:02:32,comment,https://reddit.com/r/pittsburgh/comments/1hhmvdc/my_pittsburgh_coffee_rankings/,t3_1hhmvdc,m2tnimr,positive,0.9790434837341307,positive,0.9790434837341307,0.7003,positive,True
reddit_comment,whole milk school,"Centred so high is criminal. They have terrible coffee, and they peddle medical/wellness quackery books.",,pittsburgh,https://reddit.com/r/pittsburgh/comments/1hhmvdc/my_pittsburgh_coffee_rankings/,2024-12-19T13:19:35,comment,https://reddit.com/r/pittsburgh/comments/1hhmvdc/my_pittsburgh_coffee_rankings/,t3_1hhmvdc,m2th204,negative,0.0058199753984808,negative,0.0058199753984808,-0.7759,negative,True
reddit,whole milk school,"What is with boomers and their food?!. FIL refuses to eat anything unless it contains mostly meat, every morning he eats 4 eggs and 6-8 slices of bacon. He refuses to each any vegetables unless they are covered in so much cheese sauce that its basically a soup. A pot roast is required every Sunday. He drinks exclusively whole milk instead of water. MIL Wont eat anything with any reasonable amount of seasonings in it. A whole clove of garlic?! nope, Fresh basil? too strong, Black pepper? Forget it. Only makes food with ridiculous amounts of fat. Like a simple bowl of vegetables and she requires bacon chunks and all the fat be mixed in to make it edible. She makes gravy with nearly everything except when she makes one of her 3 different cream of chicken soup casseroles (Half her pantry is expired cans of cream of chicken soup) Of course she is required to do all of the shopping and cooking and will only buy old school brand names, buys almost everything that is Kraft brand. Both over salt their food to the absolute extreme and prefer American cheese to actual cheese. They put mayonaise on so many things that mayonaise should not go on and in extreme excess. Both are unhealthy and overweight and have had to have their gallbladders removed and are having liver problems. One day I tried to explain that they should try to eat less calories, salt, and fat. They just laughed and said that salt and fat are good for you and that eating less will only make you fatter. they also refuse to eat anything but American food and think that they'll die without a gigantic breakfast. Why are boomers so brainwashed and tastewashed with their foods and nuitrition?",What is with boomers and their food?!,BoomersBeingFools,https://reddit.com/r/BoomersBeingFools/comments/18guhzi/what_is_with_boomers_and_their_food/,2023-12-12T19:44:48,post,,t3_18guhzi,,negative,0.0192014835774898,negative,0.0192014835774898,-0.8786,negative,True
reddit_comment,whole milk school,"Boomies can't stand ingesting anything that doesn't trigger a dopamine response. Whenever my mom gets sick she reads to ""drink plenty of water"" so she'll pour a glass of water, put like a 2"" layer of ice on the top, stink a straw in it and then barely be able to drink 1/3 of it before tapping out. Probably equal to about 2 shot glasses of water. Literally everything they consume must be infused with fake sugar flavors. They think anything else is what people had to eat in Soviet Russia. ""Every calories you consume is supposed to make you smile!"" is their mindset. Absolute buffoons.",,BoomersBeingFools,https://reddit.com/r/BoomersBeingFools/comments/18guhzi/what_is_with_boomers_and_their_food/,2023-12-12T20:11:57,comment,https://reddit.com/r/BoomersBeingFools/comments/18guhzi/what_is_with_boomers_and_their_food/,t3_18guhzi,kd2zcta,negative,0.025756724178791,negative,0.025756724178791,-0.5562,negative,True
reddit_comment,whole milk school,"My gripe is the food is never temperature hot enough for a few I know. My father-in-law, for example, wants everything hotter than the Chernobyl meltdown. Something can come right off the stove or out of the oven, be steaming hot, and he still puts it in the microwave to make sure it's hotter than the surface of the sun. I honestly don't know how he doesn't burn himself. ETA: the man will also use so much salt, I think he alone could keep Morton's in business. Like he will practically empty the salt shaker on his food before even tasting it.",,BoomersBeingFools,https://reddit.com/r/BoomersBeingFools/comments/18guhzi/what_is_with_boomers_and_their_food/,2023-12-12T20:30:26,comment,https://reddit.com/r/BoomersBeingFools/comments/18guhzi/what_is_with_boomers_and_their_food/,t3_18guhzi,kd32cj9,negative,0.0258908774703741,negative,0.0258908774703741,0.6124,positive,False
reddit_comment,whole milk school,"Yep, the cheese, mayo, fats, overly salted but actually unseasoned food all screams my MIL. She actually got mad at me for wanting to put garlic powder and onion powder on the turkey at thanksgiving, like actually got offended and catty and was like ""ive only been making turkey for 30 years"" and was like ""isnt the butter i stuff the skin with enough of a spice?"" And then wonders why restaurant/fast food food tastes so good...BECAUSE THERE ARE SPICES. Funny though. Her oldest son (my husband) will literally only eat veggies if I make them, and only likes my spagetthi. It's called seasoning your damn food! And no, mayonaise and butter arent seasonings ffs lmao",,BoomersBeingFools,https://reddit.com/r/BoomersBeingFools/comments/18guhzi/what_is_with_boomers_and_their_food/,2023-12-12T20:33:30,comment,https://reddit.com/r/BoomersBeingFools/comments/18guhzi/what_is_with_boomers_and_their_food/,t3_18guhzi,kd32ufj,negative,0.0406938381493091,negative,0.0406938381493091,0.7123,positive,False
reddit_comment,whole milk school,The boomers in my life are ridiculously spoiled and opinionated about food and eat like my toddlers.,,BoomersBeingFools,https://reddit.com/r/BoomersBeingFools/comments/18guhzi/what_is_with_boomers_and_their_food/,2023-12-12T20:50:21,comment,https://reddit.com/r/BoomersBeingFools/comments/18guhzi/what_is_with_boomers_and_their_food/,t3_18guhzi,kd35lu4,negative,0.0334738232195377,negative,0.0334738232195377,0.0258,neutral,False
reddit_comment,whole milk school,My dad ate garbage and died painfully. My wife has kept me on a fairly strict Mediterranean diet for at least the last decade. The physical difference between me and my dad at 55 is stunning.,,BoomersBeingFools,https://reddit.com/r/BoomersBeingFools/comments/18guhzi/what_is_with_boomers_and_their_food/,2023-12-12T21:25:34,comment,https://reddit.com/r/BoomersBeingFools/comments/18guhzi/what_is_with_boomers_and_their_food/,t3_18guhzi,kd3be3d,negative,0.0864938721060752,negative,0.0864938721060752,-0.6597,negative,True
reddit_comment,whole milk school,"OK, not defending Boomers, particularly the ones OP mentions, but one thing common to seniors of all generations is that they start to lose ""taste intensity"" as they get older, particularly with salt. A friend of mine who is in nursing home administration pointed this out to me, and it's why nursing homes won't put out salt and pepper shakers in the dining areas. It's because seniors will keep overseasoning food to get it back the flavor they remember when they were younger, but it will never happen. This doesn't explain the other crap OP mentions, but it might explain the extreme salting.",,BoomersBeingFools,https://reddit.com/r/BoomersBeingFools/comments/18guhzi/what_is_with_boomers_and_their_food/,2023-12-12T20:22:59,comment,https://reddit.com/r/BoomersBeingFools/comments/18guhzi/what_is_with_boomers_and_their_food/,t3_18guhzi,kd31549,negative,0.0169743634760379,negative,0.0169743634760379,-0.296,negative,True
reddit_comment,whole milk school,"As a millennial, I feel attacked. I cook at home, because it’s fun and thrifty. However, I cook like drunk French housewife",,BoomersBeingFools,https://reddit.com/r/BoomersBeingFools/comments/18guhzi/what_is_with_boomers_and_their_food/,2023-12-12T21:50:18,comment,https://reddit.com/r/BoomersBeingFools/comments/18guhzi/what_is_with_boomers_and_their_food/,t3_18guhzi,kd3fhay,negative,0.0938930958509445,negative,0.0938930958509445,0.1027,positive,False
reddit_comment,whole milk school,"You got it - brainwashing by those who'd make money from unhealthy eating. McDonald's would sell the HELL out of kale if we'd buy it, but we, generally, won't. For the record, a wedge salad is probably the biggest ripoff in the restaurant, but YKWIM. We even cram cheese into the crust of a pizza that can't be engineered to support more cheese on the slice.",,BoomersBeingFools,https://reddit.com/r/BoomersBeingFools/comments/18guhzi/what_is_with_boomers_and_their_food/,2023-12-12T21:33:18,comment,https://reddit.com/r/BoomersBeingFools/comments/18guhzi/what_is_with_boomers_and_their_food/,t3_18guhzi,kd3cny4,negative,0.018374590203166,negative,0.018374590203166,-0.375,negative,True
reddit_comment,whole milk school,"They were raised with prepackaged extremely processed foods that were loaded with salt, fat, and sugar, in a time when the understanding of nutrition was extremely limited.",,BoomersBeingFools,https://reddit.com/r/BoomersBeingFools/comments/18guhzi/what_is_with_boomers_and_their_food/,2023-12-12T22:54:06,comment,https://reddit.com/r/BoomersBeingFools/comments/18guhzi/what_is_with_boomers_and_their_food/,t3_18guhzi,kd3plyy,negative,0.0122285038232803,negative,0.0122285038232803,-0.2944,negative,True
reddit,whole milk school,"TV Menu by Obisck. I decided to commission artist Obisck to draw my interpretation of the TV Slop, TV Dinner, Deluxe Dinner, &amp; Executive Buffet from Deltarune. Here's a link to their Vgen page to give proper credit The TV Slop was one of the items that took the most creative liberties. Susie describing it as Cafeteria food inspired me to suggest it resembling a school cafeteria lunch. The milk carton, and dog food came from the cooking mini game in chapter 3. The Yogurt is a reference to the yogurt that can be thrown during TV Time, &amp; the Pizza was chosen to just fit the vibe of a school cafeteria lunch, but it also references Tenna's freak out, repeating “Mama Mia”. The white cone and melted look of the ice cream comes from in game flavor text describing the TV Slop. Obisck decided to add the pink and yellow to the ice cream which I thought was a great addition. The tray itself being a dirty green color is in reference to the S Rank room, the place where one can mostly get TV Slop. For the TV Dinner, it consists of a cone pointing up resembling Tenna's nose, paired with blue ice cream to represent Pipis. Obisck decided to add Star candies next to the ice cream which correlates to Tenna's star attacks. The TV Dinner also consists of a Vegan Steak which I suggested to have grill marks added to it which resemble a TV's Scanlines, and a cinnamon butterscotch pie crumb, which I somewhat reinterpreted as mini pies with crumbs layered on Top. For the Executive Buffet the decision to go for a Bento Box was inspired by a few things. 1 being the contents of the executive Buffet itself are hinted to be Caviar, Bento Boxes are a bit fancier than a TV Dinner tray, and the Deluxe Dinner had flavor text alluding to detachable Antenna. I decided to reinterpret the Antenna as Chopsticks and carry it over to the Executive Buffet, and thus the Caviar was interpreted as Caviar Sushi. Obisck had the idea of adding a Rice ball/ Onigiri with Tenna's face on it, the cloud and sun patterns on the cho",TV Menu by Obisck,Deltarune,https://reddit.com/r/Deltarune/comments/1rmzdqq/tv_menu_by_obisck/,2026-03-07T03:41:51,post,,t3_1rmzdqq,,neutral,0.2250630110502243,neutral,0.2250630110502243,0.7805,positive,False
reddit_comment,whole milk school,I thought I was the only one wondering what TV dinners would look like.,,Deltarune,https://reddit.com/r/Deltarune/comments/1rmzdqq/tv_menu_by_obisck/,2026-03-07T03:50:37,comment,https://reddit.com/r/Deltarune/comments/1rmzdqq/tv_menu_by_obisck/,t3_1rmzdqq,o936pol,neutral,0.0602236539125442,neutral,0.0602236539125442,0.3612,positive,False
reddit_comment,whole milk school,"I love these interpretations, the art style is so cute too",,Deltarune,https://reddit.com/r/Deltarune/comments/1rmzdqq/tv_menu_by_obisck/,2026-03-07T03:59:48,comment,https://reddit.com/r/Deltarune/comments/1rmzdqq/tv_menu_by_obisck/,t3_1rmzdqq,o9382r5,positive,0.9805914759635924,positive,0.9805914759635924,0.8429,positive,True
reddit_comment,whole milk school,These look delicious. I'm now coming straight to kris's house,,Deltarune,https://reddit.com/r/Deltarune/comments/1rmzdqq/tv_menu_by_obisck/,2026-03-07T05:16:39,comment,https://reddit.com/r/Deltarune/comments/1rmzdqq/tv_menu_by_obisck/,t3_1rmzdqq,o93iydy,positive,0.9665162563323976,positive,0.9665162563323976,0.6808,positive,True
reddit_comment,whole milk school,Ok this is cool and all but is ice cream actually served like that 😭.,,Deltarune,https://reddit.com/r/Deltarune/comments/1rmzdqq/tv_menu_by_obisck/,2026-03-07T05:02:39,comment,https://reddit.com/r/Deltarune/comments/1rmzdqq/tv_menu_by_obisck/,t3_1rmzdqq,o93h20j,neutral,0.2668777108192444,neutral,0.2668777108192444,0.09,positive,False
reddit_comment,whole milk school,All the pink and yellow…,,Deltarune,https://reddit.com/r/Deltarune/comments/1rmzdqq/tv_menu_by_obisck/,2026-03-07T04:51:24,comment,https://reddit.com/r/Deltarune/comments/1rmzdqq/tv_menu_by_obisck/,t3_1rmzdqq,o93fhb5,neutral,0.3320458233356476,neutral,0.3320458233356476,0.0,neutral,True
reddit_comment,whole milk school,"For being called Slop, it looks really tasty",,Deltarune,https://reddit.com/r/Deltarune/comments/1rmzdqq/tv_menu_by_obisck/,2026-03-07T11:41:52,comment,https://reddit.com/r/Deltarune/comments/1rmzdqq/tv_menu_by_obisck/,t3_1rmzdqq,o94piz2,positive,0.9260815978050232,positive,0.9260815978050232,0.0,neutral,False
reddit_comment,whole milk school,"I really like all of these designs, and the hidden jevil tail with the deluxe dinner",,Deltarune,https://reddit.com/r/Deltarune/comments/1rmzdqq/tv_menu_by_obisck/,2026-03-07T04:54:17,comment,https://reddit.com/r/Deltarune/comments/1rmzdqq/tv_menu_by_obisck/,t3_1rmzdqq,o93fvrg,positive,0.983135223388672,positive,0.983135223388672,0.4201,positive,True
reddit_comment,whole milk school,I always pictured TV Slop looking like gruel,,Deltarune,https://reddit.com/r/Deltarune/comments/1rmzdqq/tv_menu_by_obisck/,2026-03-07T05:29:45,comment,https://reddit.com/r/Deltarune/comments/1rmzdqq/tv_menu_by_obisck/,t3_1rmzdqq,o93kogz,neutral,0.0578295513987541,neutral,0.0578295513987541,0.3612,positive,False
reddit_comment,whole milk school,Its kinda like the alternate universe deluxe boxes at taco bell( these look amazing btw!!!!),,Deltarune,https://reddit.com/r/Deltarune/comments/1rmzdqq/tv_menu_by_obisck/,2026-03-07T06:51:54,comment,https://reddit.com/r/Deltarune/comments/1rmzdqq/tv_menu_by_obisck/,t3_1rmzdqq,o93uqgd,positive,0.9834363460540771,positive,0.9834363460540771,0.8006,positive,True
reddit,whole milk school,"11 mold old not interested in solids. When to switch to whole milk?. Hello! I want to preface this by saying that my family doctor is super old school and I don’t trust her. We are trying to get a new doctor and/or paediatrician but there is a wait list situation where I live. Hence why I am seeking info from fellow parents! My son is 11 months old. He is incredibly active (he was an early walker) and BUSY. He has really thinned out the last little while but he’s definitely not underweight. He pretty much refuses all solids. He has a very minor interest in yogurt, but barely. We offer him various food daily and he just doesn’t care for any of it. With the current formula shortages (and increased price!!! Wtf!!) I am wondering what your experience is with whole milk. Will it have enough nutrients without being complemented by solids? Also, if you had a stubborn eater, how did you handle it? Thanks in advance!",11 mold old not interested in solids. When to switch to whole milk?,beyondthebump,https://reddit.com/r/beyondthebump/comments/11y0iga/11_mold_old_not_interested_in_solids_when_to/,2023-03-22T00:25:46,post,,t3_11y0iga,,negative,0.0351193398237228,negative,0.0351193398237228,0.9381,positive,False
reddit_comment,whole milk school,"When he turns 1 you don't have to do a full bottle of whole milk each time like you would with formula. You transition slowly and keep it to the recommended amount. Since you have a picky eater, offer solids first. Give it maybe 30 mins or how you see fit before offering some whole milk. It tends to fill the kids up quickly. That being said (and in the nicest way possible), it is not a meal replacement. It doesn't have the nutrients to support a child if that's all they have. They will be at risk for anemia. Happened to my nephew and parents had a hard wake up call when he ended up hospitalized. Keep offering the foods and hang in there!",,beyondthebump,https://reddit.com/r/beyondthebump/comments/11y0iga/11_mold_old_not_interested_in_solids_when_to/,2023-03-22T06:55:18,comment,https://reddit.com/r/beyondthebump/comments/11y0iga/11_mold_old_not_interested_in_solids_when_to/,t3_11y0iga,jd6tju1,neutral,0.1449047774076461,neutral,0.1449047774076461,0.8588,positive,False
reddit_comment,whole milk school,"Check with your pediatrician. If your baby isn't tolerating solids well, they probably won't get enough nutrients from cows milk. Formula has a lot more nutrients and is designed to be a the sole source of food for a baby if necessary. Some babies don't tolerate cows milk until after 12 months. It can cause stomach bleeding. That's why multiple medical association guidance says wait till after the first birthday.",,beyondthebump,https://reddit.com/r/beyondthebump/comments/11y0iga/11_mold_old_not_interested_in_solids_when_to/,2023-03-22T01:35:20,comment,https://reddit.com/r/beyondthebump/comments/11y0iga/11_mold_old_not_interested_in_solids_when_to/,t3_11y0iga,jd5xa75,negative,0.0294318683445453,negative,0.0294318683445453,-0.2057,negative,True
reddit_comment,whole milk school,"Where I'm located they say formula fed babies can start being introduced to milk, in preparation for fully switching, at 9-12 months IF they're also consuming a variety of iron rich foods. My understanding is that if they are not getting in their iron through solids then you're supposed to hold off on whole milk even after a year. I know one tip for after baby hits 12 months is to offer solids before offering bottle/breast. Maybe that will help? I've also seen a lot of comments (on a blw group I follow) about babies having a switch flip around 11-13 months and they suddenly start eating all the solids when they refused before.",,beyondthebump,https://reddit.com/r/beyondthebump/comments/11y0iga/11_mold_old_not_interested_in_solids_when_to/,2023-03-22T00:35:00,comment,https://reddit.com/r/beyondthebump/comments/11y0iga/11_mold_old_not_interested_in_solids_when_to/,t3_11y0iga,jd5p374,neutral,0.0885112807154655,neutral,0.0885112807154655,0.6249,positive,False
reddit_comment,whole milk school,"My current baby really struggles with solids in a way that my older two didn't. What works for him now is baby cereal (with whole milk, pureed fruit, and peanut butter; he didn't like it plain for quite a while) food pouches (he eats it straight from the pouch) and whole wheat elbow noodles in cheese sauce. He is 12 months now and still doing whole milk bottles. I think we switched at 10 months when we couldn't find formula he was willing to eat. We did manage to sneak a bit he didn't like in baby cereal, but it wasn't much. We were really worried about him refusing formula since he wasn't eating much and is very small, but he is doing just fine and ahead of his milestones.",,beyondthebump,https://reddit.com/r/beyondthebump/comments/11y0iga/11_mold_old_not_interested_in_solids_when_to/,2023-03-22T00:36:19,comment,https://reddit.com/r/beyondthebump/comments/11y0iga/11_mold_old_not_interested_in_solids_when_to/,t3_11y0iga,jd5p9po,neutral,0.1270351409912109,neutral,0.1270351409912109,-0.799,negative,False
reddit,whole milk school,Senate Dems Block Bill To Allow Whole Milk In School Lunch Programs,Senate Dems Block Bill To Allow Whole Milk In School Lunch Programs,politics2,https://reddit.com/r/politics2/comments/18km2s6/senate_dems_block_bill_to_allow_whole_milk_in/,2023-12-17T17:16:57,post,,t3_18km2s6,,neutral,0.0178780127316713,neutral,0.0178780127316713,-0.25,negative,False
reddit_comment,whole milk school,"Why not just leave it up to individual schools? One can argue this many ways. Yes, the milk fat could mean fatter kids. But there are arguments that milk and the high calcium without the fat can promote ""leaching"" calcium out of a person's bones.",,politics2,https://reddit.com/r/politics2/comments/18km2s6/senate_dems_block_bill_to_allow_whole_milk_in/,2023-12-17T19:36:19,comment,https://reddit.com/r/politics2/comments/18km2s6/senate_dems_block_bill_to_allow_whole_milk_in/,t3_18km2s6,kdsikxn,neutral,0.0311824548989534,neutral,0.0311824548989534,0.0191,neutral,True
reddit_comment,whole milk school,"Ok and? This article is missing a lot of context… Per the article: *“But one thing that’s clear, and that is that school meal standards currently based on dietary science should continue to be based on dietary science, not based on which individual food products that we support.”*",,politics2,https://reddit.com/r/politics2/comments/18km2s6/senate_dems_block_bill_to_allow_whole_milk_in/,2023-12-17T19:16:04,comment,https://reddit.com/r/politics2/comments/18km2s6/senate_dems_block_bill_to_allow_whole_milk_in/,t3_18km2s6,kdsf99e,neutral,0.0148357916623353,neutral,0.0148357916623353,0.3818,positive,False
reddit_comment,whole milk school,"Milk is a terrible food for people. After the age of 2 or so, your body no longer makes the enzyme to break down lactose. So after that, there is no longer a need to drink human milk, nonetheless cow milk. The proteins in milk can cause all sorts of problem. It has been linked to asthma, ear infections, skin problems, etc. Kids should be eating a healthy diet with dark green leafy vegetables that more than provide what you think milk will give you.",,politics2,https://reddit.com/r/politics2/comments/18km2s6/senate_dems_block_bill_to_allow_whole_milk_in/,2023-12-18T00:32:33,comment,https://reddit.com/r/politics2/comments/18km2s6/senate_dems_block_bill_to_allow_whole_milk_in/,t3_18km2s6,kdtspqh,negative,0.0109742814674973,negative,0.0109742814674973,-0.8481,negative,True
reddit,whole milk school,"House of Reps blow. Whole Milk to return to schools?. The bill passed the house 330-99, so they had MANY democrats who’ve been bought by dairy. Imagine that",House of Reps blow. Whole Milk to return to schools?,vegan,https://reddit.com/r/vegan/comments/18id6df/house_of_reps_blow_whole_milk_to_return_to_schools/,2023-12-14T17:02:12,post,,t3_18id6df,,negative,0.0135354110971093,negative,0.0135354110971093,0.0,neutral,False
reddit_comment,whole milk school,"Thanks for posting to r/Vegan! &amp;#128037; **Please note:** Civil discussion is welcome, trolls and personal abuse [are not]( Please keep the discussions below respectful and remember the human! Please check out [our wiki]( first! **Interested in going Vegan?** &amp;#128074; Check out [Watch Dominion]( and watch a thought-provoking, life changing documentary for free! **Some other resources to help you go vegan:** &amp;#128019; Visit [NutritionFacts.org]( for health and nutrition support, [HappyCow.net]( to explore nearby vegan-friendly restaurants, and visit [VeganBootcamp.org]( for a free 30 day vegan challenge! **Become an activist and help save animal lives today:** &amp;#128031; * Find volunteer requests to support and help animal on [VH: Playground!]( * Developer, designer, or other skills? Volunteer at the [Vegan Hacktivists]( * Join our huge Vegan volunteer community [on Discord]( * Find local activist groups using the [Animal Rights Map]( * Get funding for your animal rights activism, [apply here]( *Last but not least, join the [r/Vegan Discord server]( **Thank you!** *I am a bot, and this action was performed automatically. Please [contact the moderators of this subreddit](/message/compose/?to=/r/vegan) if you have any questions or concerns.*",,vegan,https://reddit.com/r/vegan/comments/18id6df/house_of_reps_blow_whole_milk_to_return_to_schools/,2023-12-14T17:02:14,comment,https://reddit.com/r/vegan/comments/18id6df/house_of_reps_blow_whole_milk_to_return_to_schools/,t3_18id6df,kdcbx43,positive,0.8108243346214294,positive,0.8108243346214294,0.9704,positive,True
reddit,whole milk school,Wisconsin Watch: Does the federal government prohibit whole milk from being served in schools? (YES). [,Wisconsin Watch: Does the federal government prohibit whole milk from being served in schools? (YES),wisconsinpolitics,https://reddit.com/r/wisconsinpolitics/comments/18th8bg/wisconsin_watch_does_the_federal_government/,2023-12-29T07:16:11,post,,t3_18th8bg,,neutral,0.0181173253804445,neutral,0.0181173253804445,0.5319,positive,False
reddit_comment,whole milk school,I hope so! Milk is murder!,,wisconsinpolitics,https://reddit.com/r/wisconsinpolitics/comments/18th8bg/wisconsin_watch_does_the_federal_government/,2024-01-02T03:29:06,comment,https://reddit.com/r/wisconsinpolitics/comments/18th8bg/wisconsin_watch_does_the_federal_government/,t3_18th8bg,kfxgqr4,negative,0.0502262599766254,negative,0.0502262599766254,-0.5242,negative,True
reddit,whole milk school,Farmers to Congress: Allow schools to serve whole milk,Farmers to Congress: Allow schools to serve whole milk,politics,https://reddit.com/r/politics/comments/dvjefs/farmers_to_congress_allow_schools_to_serve_whole/,2019-11-13T00:28:06,post,,t3_dvjefs,,neutral,0.0540130250155925,neutral,0.0540130250155925,0.2263,positive,False
reddit,whole milk school,House passes bill allowing schools to serve whole milk,House passes bill allowing schools to serve whole milk,Politicalnewsandviews,https://reddit.com/r/Politicalnewsandviews/comments/18ijbof/house_passes_bill_allowing_schools_to_serve_whole/,2023-12-14T21:34:35,post,,t3_18ijbof,,neutral,0.134638100862503,neutral,0.134638100862503,0.0,neutral,True
reddit,whole milk school,Pennsylvania School Whole Milk Bill May Not Hold Water,Pennsylvania School Whole Milk Bill May Not Hold Water,Pennsylvania,https://reddit.com/r/Pennsylvania/comments/u2zudq/pennsylvania_school_whole_milk_bill_may_not_hold/,2022-04-13T20:42:04,post,,t3_u2zudq,,negative,0.0072187767364084,negative,0.0072187767364084,0.0,neutral,False
reddit,whole milk school,"Pediatrician Victory!. I’m a mom (in a bigger body) of a 9 year old boy in a bigger body. My son was of average weight until kindergarten, when he started gaining weight. His annual exam after kindergarten his pediatrician blamed me for his weight gain, citing the fact that I let him eat school lunch and drink whole milk. Inspired by Aubrey and Virginia Sole-Smith, I later wrote a letter to the doctor asking her not to talk about his weight in front of him. To my great relief, the doctor has been much better. This year she asked my kid about his movement and sleep habits, along with his favorite fruits and veg. Even though he is still in a bigger body, she praised him for his health-promoting habits and told him to keep it up. I was so worried she was going to suggest a diet. Phew! Just a note to all the parents of kids in bigger bodies—there is so much you can do to help them thrive. Celebrate health-promoting habits and make them fun, family-shared values. Always tell your kid their bodies are perfect the way they are. And most importantly, talk kindly about yourself and your body. Kids are listening!",Pediatrician Victory!,MaintenancePhase,https://reddit.com/r/MaintenancePhase/comments/1mbqlzm/pediatrician_victory/,2025-07-28T19:58:50,post,,t3_1mbqlzm,,positive,0.5225056409835815,positive,0.5225056409835815,0.9916,positive,True
reddit,school milk law,"Major Victory in Fight to Overturn the Cow's Milk Mandate in US Public School Cafeterias as Both Chambers of Congress Pass H.R. 649. The bill removes key restrictions and expands access to plant based milks, now expected to be signed into law","Major Victory in Fight to Overturn the Cow's Milk Mandate in US Public School Cafeterias as Both Chambers of Congress Pass H.R. 649. The bill removes key restrictions and expands access to plant based milks, now expected to be signed into law",vegan,https://reddit.com/r/vegan/comments/1pnm2qh/major_victory_in_fight_to_overturn_the_cows_milk/,2025-12-15T23:11:02,post,,t3_1pnm2qh,,positive,0.6732761859893799,positive,0.6732761859893799,-0.3535,negative,False
reddit_comment,school milk law,"Thanks for posting to r/Vegan! &amp;#128037; Civil discussion is welcome — personal attacks are not. Please read our wiki first. **New to veganism?** &amp;#127793; • Watch [Dominion]( — a powerful, free documentary that changes lives. • [NutritionFacts.org]( — evidence-based health info • [HappyCow.net]( — find vegan-friendly restaurants near you **Want to help animals?** &amp;#128187; • Browse volunteer opportunities on [Flockwork]( and use your skills to make a difference • Join the [Flockwork Discord]( to be notified of new opportunities that match your skills **Thank you!** *I am a bot, and this action was performed automatically. Please [contact the moderators of this subreddit](/message/compose/?to=/r/vegan) if you have any questions or concerns.*",,vegan,https://reddit.com/r/vegan/comments/1pnm2qh/major_victory_in_fight_to_overturn_the_cows_milk/,2025-12-15T23:11:02,comment,https://reddit.com/r/vegan/comments/1pnm2qh/major_victory_in_fight_to_overturn_the_cows_milk/,t3_1pnm2qh,nu8ojtm,positive,0.7398641109466553,positive,0.7398641109466553,0.9626,positive,True
reddit_comment,school milk law,"Quick Summary: HR 649: \* Removes requirement for doctor's note to receive plant based milk with school lunch. A note from a parent or guardian is now sufficient. \* Repeals policy that forbade cafeterias participating in NSLP from offering milk alternatives alongside milk in the lunch line. This creates the opportunity for schools and districts to make that choice themselves, and for parents to request plant milks to be offered in their child's school or district",,vegan,https://reddit.com/r/vegan/comments/1pnm2qh/major_victory_in_fight_to_overturn_the_cows_milk/,2025-12-15T23:19:00,comment,https://reddit.com/r/vegan/comments/1pnm2qh/major_victory_in_fight_to_overturn_the_cows_milk/,t3_1pnm2qh,nu8pxlm,neutral,0.1693125963211059,neutral,0.1693125963211059,0.634,positive,False
reddit_comment,school milk law,I wonder how much less sickness we would have if all kids weren’t straight up drinking mucus on the daily..,,vegan,https://reddit.com/r/vegan/comments/1pnm2qh/major_victory_in_fight_to_overturn_the_cows_milk/,2025-12-15T23:30:07,comment,https://reddit.com/r/vegan/comments/1pnm2qh/major_victory_in_fight_to_overturn_the_cows_milk/,t3_1pnm2qh,nu8ruev,negative,0.0215496513992548,negative,0.0215496513992548,0.2263,positive,False
reddit_comment,school milk law,"I am allergic to dairy. My after school program would give the kids milk and apple juice on alternating days. On milk days, there was always a single apple juice pouch just for me and ISTG so many kids were jealous. Veganism aside, at least give the kids a choice. Not everyone wants to scarf down milk.",,vegan,https://reddit.com/r/vegan/comments/1pnm2qh/major_victory_in_fight_to_overturn_the_cows_milk/,2025-12-16T00:39:27,comment,https://reddit.com/r/vegan/comments/1pnm2qh/major_victory_in_fight_to_overturn_the_cows_milk/,t3_1pnm2qh,nu93qqb,negative,0.02676248177886,negative,0.02676248177886,-0.6369,negative,True
reddit_comment,school milk law,We truly live in the stupidest country.,,vegan,https://reddit.com/r/vegan/comments/1pnm2qh/major_victory_in_fight_to_overturn_the_cows_milk/,2025-12-15T23:13:55,comment,https://reddit.com/r/vegan/comments/1pnm2qh/major_victory_in_fight_to_overturn_the_cows_milk/,t3_1pnm2qh,nu8p1th,negative,0.0175181031227111,negative,0.0175181031227111,-0.128,negative,True
reddit_comment,school milk law,Don't mess with the Milk Mafia. They're incredibly powerful.,,vegan,https://reddit.com/r/vegan/comments/1pnm2qh/major_victory_in_fight_to_overturn_the_cows_milk/,2025-12-15T23:29:16,comment,https://reddit.com/r/vegan/comments/1pnm2qh/major_victory_in_fight_to_overturn_the_cows_milk/,t3_1pnm2qh,nu8rp7y,neutral,0.2188531011343002,neutral,0.2188531011343002,0.6373,positive,False
reddit_comment,school milk law,"As a child, I was severely lactose intolerant. One day I had a substitute in my first grade class who said that I “had to finish a milk to go to recess”. I explained that I can’t because I’m lactose intolerant, but she insisted. I did it because wtf was I supposed to do. Then I shitted myself in class a couple hours later and got verbally abused by teachers, the nurse, and classmates😑The whole milk at school thing has always been stupid as fuck.",,vegan,https://reddit.com/r/vegan/comments/1pnm2qh/major_victory_in_fight_to_overturn_the_cows_milk/,2025-12-15T23:52:08,comment,https://reddit.com/r/vegan/comments/1pnm2qh/major_victory_in_fight_to_overturn_the_cows_milk/,t3_1pnm2qh,nu8vl02,negative,0.0155401518568396,negative,0.0155401518568396,-0.9789,negative,True
reddit_comment,school milk law,"Great news. Not only does this cause unnecessary animal suffering, it's SO wasteful. At my son's elementary school, each kid is expected to take a box of milk if they get the school lunch. Many of them just throw it straight in the trash. :-(",,vegan,https://reddit.com/r/vegan/comments/1pnm2qh/major_victory_in_fight_to_overturn_the_cows_milk/,2025-12-16T02:34:39,comment,https://reddit.com/r/vegan/comments/1pnm2qh/major_victory_in_fight_to_overturn_the_cows_milk/,t3_1pnm2qh,nu9n0we,negative,0.010297548957169,negative,0.010297548957169,0.1027,positive,False
reddit_comment,school milk law,Damn its about time! I used to grab a handful of quarters when leaving the house to go to school so I could buy juice at lunch. I'd give my milk away and just be happy i wasn't going to have an angry gut.,,vegan,https://reddit.com/r/vegan/comments/1pnm2qh/major_victory_in_fight_to_overturn_the_cows_milk/,2025-12-16T02:24:10,comment,https://reddit.com/r/vegan/comments/1pnm2qh/major_victory_in_fight_to_overturn_the_cows_milk/,t3_1pnm2qh,nu9l9am,negative,0.1352945119142532,negative,0.1352945119142532,-0.3802,negative,True
reddit_comment,school milk law,yogurt and cheese next,,vegan,https://reddit.com/r/vegan/comments/1pnm2qh/major_victory_in_fight_to_overturn_the_cows_milk/,2025-12-17T19:18:39,comment,https://reddit.com/r/vegan/comments/1pnm2qh/major_victory_in_fight_to_overturn_the_cows_milk/,t3_1pnm2qh,nuk7fu3,neutral,0.2167233079671859,neutral,0.2167233079671859,0.0,neutral,True
reddit,school milk law,Trump signs a law returning whole milk to school lunches,Trump signs a law returning whole milk to school lunches,NewsWorthPayingFor,https://reddit.com/r/NewsWorthPayingFor/comments/1qdpwyk/trump_signs_a_law_returning_whole_milk_to_school/,2026-01-15T17:31:30,post,,t3_1qdpwyk,,neutral,0.086543820798397,neutral,0.086543820798397,0.0,neutral,True
reddit_comment,school milk law,“And here’s why it’s a bad thing”,,NewsWorthPayingFor,https://reddit.com/r/NewsWorthPayingFor/comments/1qdpwyk/trump_signs_a_law_returning_whole_milk_to_school/,2026-01-15T23:39:02,comment,https://reddit.com/r/NewsWorthPayingFor/comments/1qdpwyk/trump_signs_a_law_returning_whole_milk_to_school/,t3_1qdpwyk,nztocds,negative,0.0130978859961032,negative,0.0130978859961032,-0.5423,negative,True
reddit_comment,school milk law,Good. Whole milk is more satiating than low fat milk.,,NewsWorthPayingFor,https://reddit.com/r/NewsWorthPayingFor/comments/1qdpwyk/trump_signs_a_law_returning_whole_milk_to_school/,2026-01-15T19:53:16,comment,https://reddit.com/r/NewsWorthPayingFor/comments/1qdpwyk/trump_signs_a_law_returning_whole_milk_to_school/,t3_1qdpwyk,nzsdghc,positive,0.7057595252990723,positive,0.7057595252990723,0.1372,positive,True
reddit_comment,school milk law,"I prefer my Vitamin K 'Malk', thank you very much.",,NewsWorthPayingFor,https://reddit.com/r/NewsWorthPayingFor/comments/1qdpwyk/trump_signs_a_law_returning_whole_milk_to_school/,2026-01-15T17:33:12,comment,https://reddit.com/r/NewsWorthPayingFor/comments/1qdpwyk/trump_signs_a_law_returning_whole_milk_to_school/,t3_1qdpwyk,nzri8dw,positive,0.9257402420043944,positive,0.9257402420043944,0.5719,positive,True
reddit_comment,school milk law,Democrats fuming kids are drinking real milk now instead of white water.,,NewsWorthPayingFor,https://reddit.com/r/NewsWorthPayingFor/comments/1qdpwyk/trump_signs_a_law_returning_whole_milk_to_school/,2026-01-15T20:25:45,comment,https://reddit.com/r/NewsWorthPayingFor/comments/1qdpwyk/trump_signs_a_law_returning_whole_milk_to_school/,t3_1qdpwyk,nzskgix,negative,0.0114216385409235,negative,0.0114216385409235,-0.5719,negative,True
reddit_comment,school milk law,Rare moment of competency.,,NewsWorthPayingFor,https://reddit.com/r/NewsWorthPayingFor/comments/1qdpwyk/trump_signs_a_law_returning_whole_milk_to_school/,2026-01-15T17:36:07,comment,https://reddit.com/r/NewsWorthPayingFor/comments/1qdpwyk/trump_signs_a_law_returning_whole_milk_to_school/,t3_1qdpwyk,nzrivnb,positive,0.7160596251487732,positive,0.7160596251487732,0.0,neutral,False
reddit_comment,school milk law,Reminds me when Michelle Obama changed the school lunch me I for the better,,NewsWorthPayingFor,https://reddit.com/r/NewsWorthPayingFor/comments/1qdpwyk/trump_signs_a_law_returning_whole_milk_to_school/,2026-01-15T17:49:49,comment,https://reddit.com/r/NewsWorthPayingFor/comments/1qdpwyk/trump_signs_a_law_returning_whole_milk_to_school/,t3_1qdpwyk,nzrlxsa,positive,0.8473176956176758,positive,0.8473176956176758,0.4404,positive,True
reddit_comment,school milk law,"Wow that’s great, now how about those Epstein files",,NewsWorthPayingFor,https://reddit.com/r/NewsWorthPayingFor/comments/1qdpwyk/trump_signs_a_law_returning_whole_milk_to_school/,2026-01-15T20:54:56,comment,https://reddit.com/r/NewsWorthPayingFor/comments/1qdpwyk/trump_signs_a_law_returning_whole_milk_to_school/,t3_1qdpwyk,nzsqq3m,positive,0.877143383026123,positive,0.877143383026123,0.836,positive,True
reddit_comment,school milk law,"as a non-republican, I can say I don’t mind the idea, but ultimately this is a publicity stunt that will just hurt public schools. i’ll say the same about when Michelle Obama did it. as a school district employee, i’ve seen what this actually does. Washington DC comes up with all these regulations on school lunches to “make kids healthier,” but then offers no financial compensation to make up for the total revamping of the cafeteria menu that was already created to fit EXTREME limitations. It’s impossible to meet these regulations on the current budget, so schools have to cut budget from other places (arts and SPED services mostly) to pay for the slightly healthier but still terrible lunches. School quality declines, kids meals taste worse, no one is actually better off.",,NewsWorthPayingFor,https://reddit.com/r/NewsWorthPayingFor/comments/1qdpwyk/trump_signs_a_law_returning_whole_milk_to_school/,2026-01-16T04:56:35,comment,https://reddit.com/r/NewsWorthPayingFor/comments/1qdpwyk/trump_signs_a_law_returning_whole_milk_to_school/,t3_1qdpwyk,nzv7snf,negative,0.0118162464350461,negative,0.0118162464350461,-0.9209,negative,True
reddit,school milk law,WATCH: Trump signs a law returning whole milk to school lunches,WATCH: Trump signs a law returning whole milk to school lunches,PBS_NewsHour,https://reddit.com/r/PBS_NewsHour/comments/1qd092a/watch_trump_signs_a_law_returning_whole_milk_to/,2026-01-14T21:37:21,post,,t3_1qd092a,,neutral,0.0987375676631927,neutral,0.0987375676631927,0.0,neutral,True
reddit_comment,school milk law,"We definitely need fatter kids. The sugar and junk food isn’t making them obese fast enough. So, this is great news. Since Donald likes McDonald’s so much maybe they should have kids lunches too.",,PBS_NewsHour,https://reddit.com/r/PBS_NewsHour/comments/1qd092a/watch_trump_signs_a_law_returning_whole_milk_to/,2026-01-15T00:49:24,comment,https://reddit.com/r/PBS_NewsHour/comments/1qd092a/watch_trump_signs_a_law_returning_whole_milk_to/,t3_1qd092a,nzn8m52,positive,0.7036047577857971,positive,0.7036047577857971,0.8625,positive,True
reddit_comment,school milk law,"Who wanted this? Literally no one but the diary industry cares about this. They have such odd priorities. Gotta get to 150 characters, so writing this pointless sentence so I can exceed it. Trump was friends with Epstein.",,PBS_NewsHour,https://reddit.com/r/PBS_NewsHour/comments/1qd092a/watch_trump_signs_a_law_returning_whole_milk_to/,2026-01-19T20:10:03,comment,https://reddit.com/r/PBS_NewsHour/comments/1qd092a/watch_trump_signs_a_law_returning_whole_milk_to/,t3_1qd092a,o0jdubf,negative,0.0080988239496946,negative,0.0080988239496946,0.7227,positive,False
reddit_comment,school milk law,"Kids should be drinking either no milk or, at most, 2% milk. Water is a far healthier lunch beverage. Whole milk is incredibly unhealthy and should not be something anyone drinks straight.",,PBS_NewsHour,https://reddit.com/r/PBS_NewsHour/comments/1qd092a/watch_trump_signs_a_law_returning_whole_milk_to/,2026-01-15T00:13:18,comment,https://reddit.com/r/PBS_NewsHour/comments/1qd092a/watch_trump_signs_a_law_returning_whole_milk_to/,t3_1qd092a,nzn1yfc,neutral,0.0823751464486122,neutral,0.0823751464486122,-0.6115,negative,False
reddit,school milk law,The President of The United States Of America returns whole milk to school lunches.. [ [ [ [ [ [ [ [ [**,The President of The United States Of America returns whole milk to school lunches.,Discussion,https://reddit.com/r/Discussion/comments/1qdab2m/the_president_of_the_united_states_of_america/,2026-01-15T04:52:08,post,,t3_1qdab2m,,neutral,0.0614412538707256,neutral,0.0614412538707256,0.4215,positive,False
reddit_comment,school milk law,Did he hand deliver the milk to neighboring schools and leave with a few of the kids in the back of Air Force One? Just a little treat for old Donnie Boy. Gotta keep him awake during those long press conferences.,,Discussion,https://reddit.com/r/Discussion/comments/1qdab2m/the_president_of_the_united_states_of_america/,2026-01-15T04:55:57,comment,https://reddit.com/r/Discussion/comments/1qdab2m/the_president_of_the_united_states_of_america/,t3_1qdab2m,nzod4s6,neutral,0.0758518576622009,neutral,0.0758518576622009,0.6605,positive,False
reddit_comment,school milk law,He’s just trying to fatten up the next crop.,,Discussion,https://reddit.com/r/Discussion/comments/1qdab2m/the_president_of_the_united_states_of_america/,2026-01-15T05:03:37,comment,https://reddit.com/r/Discussion/comments/1qdab2m/the_president_of_the_united_states_of_america/,t3_1qdab2m,nzoe7u5,neutral,0.210948184132576,neutral,0.210948184132576,0.0,neutral,True
reddit_comment,school milk law,I’m not going to argue against whole milk. What I AM saying is that the new nutrition guides focus a bit too heavily on animal fats.,,Discussion,https://reddit.com/r/Discussion/comments/1qdab2m/the_president_of_the_united_states_of_america/,2026-01-15T05:24:19,comment,https://reddit.com/r/Discussion/comments/1qdab2m/the_president_of_the_united_states_of_america/,t3_1qdab2m,nzoh1up,negative,0.0243570543825626,negative,0.0243570543825626,0.2584,positive,False
reddit_comment,school milk law,Iv never not seen whole milk as a choice in schools. I must be missing somthing? Release the unredacted epstein files.,,Discussion,https://reddit.com/r/Discussion/comments/1qdab2m/the_president_of_the_united_states_of_america/,2026-01-15T07:26:48,comment,https://reddit.com/r/Discussion/comments/1qdab2m/the_president_of_the_united_states_of_america/,t3_1qdab2m,nzovu2a,negative,0.0182403661310672,negative,0.0182403661310672,-0.296,negative,True
reddit_comment,school milk law,Didnt he cancel almost all of the school lunch programs though?? So the kids get no food.. but whole milk?,,Discussion,https://reddit.com/r/Discussion/comments/1qdab2m/the_president_of_the_united_states_of_america/,2026-01-15T14:43:51,comment,https://reddit.com/r/Discussion/comments/1qdab2m/the_president_of_the_united_states_of_america/,t3_1qdab2m,nzqhb1m,negative,0.0061096819117665,negative,0.0061096819117665,-0.195,negative,True
reddit,school milk law,"Vegans don't realize that research has shown positive effects of milk fats, and so they want to ban it by law for all school lunches","Vegans don't realize that research has shown positive effects of milk fats, and so they want to ban it by law for all school lunches.",exvegans,https://reddit.com/r/exvegans/comments/1g968n0/vegans_dont_realize_that_research_has_shown/,2024-10-22T01:14:18,post,,t3_1g968n0,,negative,0.0175047647207975,negative,0.0175047647207975,0.1477,positive,False
reddit_comment,school milk law,Reminder that vegans hate children.,,exvegans,https://reddit.com/r/exvegans/comments/1g968n0/vegans_dont_realize_that_research_has_shown/,2024-10-22T01:17:32,comment,https://reddit.com/r/exvegans/comments/1g968n0/vegans_dont_realize_that_research_has_shown/,t3_1g968n0,lt3pzg4,negative,0.0114257624372839,negative,0.0114257624372839,-0.5719,negative,True
reddit_comment,school milk law,"They're treating the fats in milk like it's comparable to deep fried doughnuts or something, wtf",,exvegans,https://reddit.com/r/exvegans/comments/1g968n0/vegans_dont_realize_that_research_has_shown/,2024-10-22T01:47:06,comment,https://reddit.com/r/exvegans/comments/1g968n0/vegans_dont_realize_that_research_has_shown/,t3_1g968n0,lt3uqxt,negative,0.0070720482617616,negative,0.0070720482617616,-0.3182,negative,True
reddit_comment,school milk law,Completely agree. Conjugated linoliec acid which is found in dairy and beef is been tied to reduced obesity and heart disease.,,exvegans,https://reddit.com/r/exvegans/comments/1g968n0/vegans_dont_realize_that_research_has_shown/,2024-10-22T01:19:26,comment,https://reddit.com/r/exvegans/comments/1g968n0/vegans_dont_realize_that_research_has_shown/,t3_1g968n0,lt3qak0,neutral,0.0858399420976638,neutral,0.0858399420976638,0.7902,positive,False
reddit_comment,school milk law,"Such garbage. I feed my kid whole milk at home, so he doesn’t drink the sugared up chocolate milk at school (because it’s 1% and tastes like ass). So he just gets water with his meal. Would be nice if he had to option to buy whole milk in the lunch line. He needs the fuel.",,exvegans,https://reddit.com/r/exvegans/comments/1g968n0/vegans_dont_realize_that_research_has_shown/,2024-10-22T01:19:52,comment,https://reddit.com/r/exvegans/comments/1g968n0/vegans_dont_realize_that_research_has_shown/,t3_1g968n0,lt3qd6m,negative,0.0131119014695286,negative,0.0131119014695286,0.2023,positive,False
reddit_comment,school milk law,The dairy fat is the part that contains Vitamin K2 for childhood bone growth and development and to prevent osteoporosis in adults.,,exvegans,https://reddit.com/r/exvegans/comments/1g968n0/vegans_dont_realize_that_research_has_shown/,2024-10-22T01:23:27,comment,https://reddit.com/r/exvegans/comments/1g968n0/vegans_dont_realize_that_research_has_shown/,t3_1g968n0,lt3qxxo,neutral,0.2540498971939087,neutral,0.2540498971939087,0.5994,positive,False
reddit_comment,school milk law,In school (2000s) we were told that children should be drinking whole milk for brain development because the brain is made of fatty tissue.,,exvegans,https://reddit.com/r/exvegans/comments/1g968n0/vegans_dont_realize_that_research_has_shown/,2024-10-22T01:19:40,comment,https://reddit.com/r/exvegans/comments/1g968n0/vegans_dont_realize_that_research_has_shown/,t3_1g968n0,lt3qbze,neutral,0.0330282188951969,neutral,0.0330282188951969,0.0,neutral,True
reddit_comment,school milk law,"Umm...brains need fats. I guess vegans can pour on the vegetable oil. Of course, schools need to offer whole milk. Gee whiz...",,exvegans,https://reddit.com/r/exvegans/comments/1g968n0/vegans_dont_realize_that_research_has_shown/,2024-10-22T02:31:33,comment,https://reddit.com/r/exvegans/comments/1g968n0/vegans_dont_realize_that_research_has_shown/,t3_1g968n0,lt41xhl,neutral,0.0886691436171531,neutral,0.0886691436171531,0.0,neutral,True
reddit_comment,school milk law,"With only around 1% of the population, vegans have too much voice. Disaster if this happens. Remove the only decent nutrition some of these kids probably get and replace with plant based sugar laden seed oil filled chemical slop.",,exvegans,https://reddit.com/r/exvegans/comments/1g968n0/vegans_dont_realize_that_research_has_shown/,2024-10-22T06:46:21,comment,https://reddit.com/r/exvegans/comments/1g968n0/vegans_dont_realize_that_research_has_shown/,t3_1g968n0,lt4w8lw,negative,0.0088113294914364,negative,0.0088113294914364,-0.6249,negative,True
reddit_comment,school milk law,lol I posted pointing out that none of their so called studies show causation of anything and promptly I can no longer see any comments in the post. Joke of a sub that just wants an echo chamber to circle jerk in.,,exvegans,https://reddit.com/r/exvegans/comments/1g968n0/vegans_dont_realize_that_research_has_shown/,2024-10-22T02:11:50,comment,https://reddit.com/r/exvegans/comments/1g968n0/vegans_dont_realize_that_research_has_shown/,t3_1g968n0,lt3yrqy,negative,0.0093350503593683,negative,0.0093350503593683,0.1027,positive,False
reddit,school milk law,Trump Signs Law to Bring 2% and Whole Milk Back to Schools,Trump Signs Law to Bring 2% and Whole Milk Back to Schools,ConservativeNewsWeb,https://reddit.com/r/ConservativeNewsWeb/comments/1qd8bd7/trump_signs_law_to_bring_2_and_whole_milk_back_to/,2026-01-15T03:15:40,post,,t3_1qd8bd7,,neutral,0.0680372044444084,neutral,0.0680372044444084,0.0,neutral,True
reddit_comment,school milk law,Great. More fat is in milk than the Epstein Files have been released.,,ConservativeNewsWeb,https://reddit.com/r/ConservativeNewsWeb/comments/1qd8bd7/trump_signs_law_to_bring_2_and_whole_milk_back_to/,2026-01-19T22:36:22,comment,https://reddit.com/r/ConservativeNewsWeb/comments/1qd8bd7/trump_signs_law_to_bring_2_and_whole_milk_back_to/,t3_1qd8bd7,o0k84i1,negative,0.1233197376132011,negative,0.1233197376132011,0.6249,positive,False
reddit_comment,school milk law,Sleepy Donny dozed off in the middle of the ceremonial signing too. Pretty soon they'll stage these signing ceremonies with a wax figure of Trump in the chair and the autopen machine sitting in the middle of the desk.,,ConservativeNewsWeb,https://reddit.com/r/ConservativeNewsWeb/comments/1qd8bd7/trump_signs_law_to_bring_2_and_whole_milk_back_to/,2026-01-15T18:15:13,comment,https://reddit.com/r/ConservativeNewsWeb/comments/1qd8bd7/trump_signs_law_to_bring_2_and_whole_milk_back_to/,t3_1qd8bd7,nzrrmgx,neutral,0.0301508922129869,neutral,0.0301508922129869,0.4939,positive,False
reddit_comment,school milk law,Release the Trump-Epstein Files!,,ConservativeNewsWeb,https://reddit.com/r/ConservativeNewsWeb/comments/1qd8bd7/trump_signs_law_to_bring_2_and_whole_milk_back_to/,2026-01-15T12:06:16,comment,https://reddit.com/r/ConservativeNewsWeb/comments/1qd8bd7/trump_signs_law_to_bring_2_and_whole_milk_back_to/,t3_1qd8bd7,nzpqiud,neutral,0.0898081958293914,neutral,0.0898081958293914,0.0,neutral,True
reddit_comment,school milk law,"Nazi Nero is fiddling again? What a surprise. Release the Trumpstein Files, pedo.",,ConservativeNewsWeb,https://reddit.com/r/ConservativeNewsWeb/comments/1qd8bd7/trump_signs_law_to_bring_2_and_whole_milk_back_to/,2026-01-15T12:06:16,comment,https://reddit.com/r/ConservativeNewsWeb/comments/1qd8bd7/trump_signs_law_to_bring_2_and_whole_milk_back_to/,t3_1qd8bd7,nzpqisa,negative,0.006930963601917,negative,0.006930963601917,0.2732,positive,False
reddit_comment,school milk law,"""Whole milk""????? Not good, but why should he care?",,ConservativeNewsWeb,https://reddit.com/r/ConservativeNewsWeb/comments/1qd8bd7/trump_signs_law_to_bring_2_and_whole_milk_back_to/,2026-01-15T10:32:24,comment,https://reddit.com/r/ConservativeNewsWeb/comments/1qd8bd7/trump_signs_law_to_bring_2_and_whole_milk_back_to/,t3_1qd8bd7,nzpfb4l,negative,0.0048459265381097,negative,0.0048459265381097,0.6764,positive,False
reddit_comment,school milk law,Literally was always available,,ConservativeNewsWeb,https://reddit.com/r/ConservativeNewsWeb/comments/1qd8bd7/trump_signs_law_to_bring_2_and_whole_milk_back_to/,2026-01-15T07:15:39,comment,https://reddit.com/r/ConservativeNewsWeb/comments/1qd8bd7/trump_signs_law_to_bring_2_and_whole_milk_back_to/,t3_1qd8bd7,nzoulfq,positive,0.6239624619483948,positive,0.6239624619483948,0.0,neutral,False
reddit_comment,school milk law,Cool. He's also a pedophile and is sending armed gangs door to door to abduct brown people,,ConservativeNewsWeb,https://reddit.com/r/ConservativeNewsWeb/comments/1qd8bd7/trump_signs_law_to_bring_2_and_whole_milk_back_to/,2026-01-15T06:52:01,comment,https://reddit.com/r/ConservativeNewsWeb/comments/1qd8bd7/trump_signs_law_to_bring_2_and_whole_milk_back_to/,t3_1qd8bd7,nzorw4u,negative,0.0085315834730863,negative,0.0085315834730863,0.3182,positive,False
reddit_comment,school milk law,Americans are dying while republican Nazis fiddle.,,ConservativeNewsWeb,https://reddit.com/r/ConservativeNewsWeb/comments/1qd8bd7/trump_signs_law_to_bring_2_and_whole_milk_back_to/,2026-01-15T05:37:08,comment,https://reddit.com/r/ConservativeNewsWeb/comments/1qd8bd7/trump_signs_law_to_bring_2_and_whole_milk_back_to/,t3_1qd8bd7,nzoiqeb,negative,0.0081816017627716,negative,0.0081816017627716,0.0,neutral,False
reddit_comment,school milk law,"Thank God, what were we gonna do without... The EPSTEIN FILES?!?!?!!??",,ConservativeNewsWeb,https://reddit.com/r/ConservativeNewsWeb/comments/1qd8bd7/trump_signs_law_to_bring_2_and_whole_milk_back_to/,2026-01-15T04:16:01,comment,https://reddit.com/r/ConservativeNewsWeb/comments/1qd8bd7/trump_signs_law_to_bring_2_and_whole_milk_back_to/,t3_1qd8bd7,nzo7d0r,positive,0.9060209393501282,positive,0.9060209393501282,0.7736,positive,True
reddit,school milk law,"Major Victory in Fight to Overturn the Cow's Milk Mandate in US Public School Cafeterias as Both Chambers of Congress Pass H.R. 649. The bill removes key restrictions and expands access to plant based milks, now expected to be signed into law","Major Victory in Fight to Overturn the Cow's Milk Mandate in US Public School Cafeterias as Both Chambers of Congress Pass H.R. 649. The bill removes key restrictions and expands access to plant based milks, now expected to be signed into law",VeganActivism,https://reddit.com/r/VeganActivism/comments/1pnmctx/major_victory_in_fight_to_overturn_the_cows_milk/,2025-12-15T23:22:52,post,,t3_1pnmctx,,positive,0.6732761859893799,positive,0.6732761859893799,-0.3535,negative,False
reddit_comment,school milk law,"**Thanks for posting to r/VeganActivism!** &amp;#9994; Don't forget to check the sidebar for our rules. **Have skills but not sure how to help animals?** If you're a dev, designer, writer, researcher, or have other professional skills, here are some ways to help: 1. Browse volunteer opportunities on [Flockwork]( – a platform by Vegan Hacktivists that matches animal advocacy organizations with skilled volunteers. Check it out [here]( 2. Get pinged for relevant volunteer opportunities &amp;#128038; Join the [VH Flockwork Discord server]( and don’t miss out on volunteer opportunities that match your skills. 3. Apply for activism funding &amp;#128154; Get up to $1000 for your animal advocacy projects. [Apply here]( **Thanks!** *I am a bot, and this action was performed automatically. Please [contact the moderators of this subreddit](/message/compose/?to=/r/VeganActivism) if you have any questions or concerns.*",,VeganActivism,https://reddit.com/r/VeganActivism/comments/1pnmctx/major_victory_in_fight_to_overturn_the_cows_milk/,2025-12-15T23:22:52,comment,https://reddit.com/r/VeganActivism/comments/1pnmctx/major_victory_in_fight_to_overturn_the_cows_milk/,t3_1pnmctx,nu8qlj5,positive,0.6430827379226685,positive,0.6430827379226685,0.9727,positive,True
reddit,school milk law,Trump Signs Law to Bring 2% and Whole Milk Back to Schools,Trump Signs Law to Bring 2% and Whole Milk Back to Schools,NewsWhatever,https://reddit.com/r/NewsWhatever/comments/1qdohr1/trump_signs_law_to_bring_2_and_whole_milk_back_to/,2026-01-15T16:40:33,post,,t3_1qdohr1,,neutral,0.0680372044444084,neutral,0.0680372044444084,0.0,neutral,True
reddit,school milk law,[Health] - Whole milk headed back to school cafeterias after Trump signs law as experts tout benefits,[Health] - Whole milk headed back to school cafeterias after Trump signs law as experts tout benefits,FOXauto,https://reddit.com/r/FOXauto/comments/1qdhxda/health_whole_milk_headed_back_to_school/,2026-01-15T12:14:19,post,,t3_1qdhxda,,neutral,0.069467008113861,neutral,0.069467008113861,0.2732,positive,False
reddit,school milk law,WATCH: Trump signs a law returning whole milk to school lunches - PBS,WATCH: Trump signs a law returning whole milk to school lunches - PBS,tomorrowsworld,https://reddit.com/r/tomorrowsworld/comments/1qdgeer/watch_trump_signs_a_law_returning_whole_milk_to/,2026-01-15T10:48:45,post,,t3_1qdgeer,,neutral,0.1274369060993194,neutral,0.1274369060993194,0.0,neutral,True
reddit,school milk law,Trump Signs Law to Bring 2% and Whole Milk Back to Schools,Trump Signs Law to Bring 2% and Whole Milk Back to Schools,NewsWhatever,https://reddit.com/r/NewsWhatever/comments/1qd7j85/trump_signs_law_to_bring_2_and_whole_milk_back_to/,2026-01-15T02:40:20,post,,t3_1qd7j85,,neutral,0.0680372044444084,neutral,0.0680372044444084,0.0,neutral,True
reddit,school milk law,WATCH: Trump signs a law returning whole milk to school lunches - PBS,WATCH: Trump signs a law returning whole milk to school lunches - PBS,tomorrowsworld,https://reddit.com/r/tomorrowsworld/comments/1qd23el/watch_trump_signs_a_law_returning_whole_milk_to/,2026-01-14T22:48:49,post,,t3_1qd23el,,neutral,0.1274369060993194,neutral,0.1274369060993194,0.0,neutral,True
reddit,school milk law,"Trump signs a law returning whole milk to school lunches. Whole milk is heading back to [school cafeterias]( across the country after President Donald Trump signed a bill Wednesday overturning Obama-era limits on higher-fat milk options. Nondairy drinks such as fortified soy milk may also be on the menu in the coming months following adoption of the [Whole Milk for Healthy Kids Act]( which cleared Congress in the fall. The action allows schools participating in the National School Lunch Program to serve whole and 2% fat milk along with the skim and low-fat products required since 2012. “Whether you’re a Democrat or a Republican, whole milk is a great thing,” Trump said at a White House signing ceremony that featured lawmakers, dairy farmers and their children. The law also permits schools to serve nondairy milk that meets the nutritional standards of milk and requires schools to offer a nondairy milk alternative if kids provide a note from their parents, not just from doctors, saying they have a dietary restriction",Trump signs a law returning whole milk to school lunches,UsaNewsLive,https://reddit.com/r/UsaNewsLive/comments/1qd1cnt/trump_signs_a_law_returning_whole_milk_to_school/,2026-01-14T22:19:49,post,,t3_1qd1cnt,,neutral,0.3167562782764435,neutral,0.3167562782764435,0.7269,positive,False
reddit,school milk law,[Politics] - WATCH: Trump signs a law returning whole milk to school lunches,[Politics] - WATCH: Trump signs a law returning whole milk to school lunches,PBSauto,https://reddit.com/r/PBSauto/comments/1qd0bvf/politics_watch_trump_signs_a_law_returning_whole/,2026-01-14T21:40:23,post,,t3_1qd0bvf,,neutral,0.0431607328355312,neutral,0.0431607328355312,0.0,neutral,True
reddit,school milk law,"Major Victory in Fight to Overturn the Cow's Milk Mandate in US Public School Cafeterias as Both Chambers of Congress Pass H.R. 649. The bill removes key restrictions and expands access to plant based milks, now expected to be signed into law","Major Victory in Fight to Overturn the Cow's Milk Mandate in US Public School Cafeterias as Both Chambers of Congress Pass H.R. 649. The bill removes key restrictions and expands access to plant based milks, now expected to be signed into law",lactoseintolerant,https://reddit.com/r/lactoseintolerant/comments/1pnn16e/major_victory_in_fight_to_overturn_the_cows_milk/,2025-12-15T23:52:17,post,,t3_1pnn16e,,positive,0.6732761859893799,positive,0.6732761859893799,-0.3535,negative,False
reddit_comment,school milk law,Would be great if it means the price of soymilk will go down. It's a huge staple in eastern Asia and nutritionally similar to cow's milk. The US produces so much soybeans that soymilk really *should* be a cheaper alternative to cow's milk.,,lactoseintolerant,https://reddit.com/r/lactoseintolerant/comments/1pnn16e/major_victory_in_fight_to_overturn_the_cows_milk/,2025-12-16T08:36:02,comment,https://reddit.com/r/lactoseintolerant/comments/1pnn16e/major_victory_in_fight_to_overturn_the_cows_milk/,t3_1pnn16e,nuaxaox,positive,0.6440135836601257,positive,0.6440135836601257,0.7506,positive,True
reddit,school milk law,"Congress Advances Provisions Expanding Nondairy Milk Access in Schools. Congress just passed a new law that makes it easier for students to access non-dairy milk in schools across the nation! This law allows all schools to offer soy milk alongside cow’s milk in the lunch and breakfast lines. It also requires schools to provide a non-dairy milk to any student whose parent submits a note citing a disability, including lactose intolerance. This eliminates the need for parents to submit a doctor’s note, making it much easier to request a plant-based milk. This change comes after years of advocacy from the Plant Powered School Meals Coalition, parents, and students, who recognize the importance of expanding access to meals and beverages that fit the needs of ALL students",Congress Advances Provisions Expanding Nondairy Milk Access in Schools,publichealth,https://reddit.com/r/publichealth/comments/1pprjgs/congress_advances_provisions_expanding_nondairy/,2025-12-18T14:01:31,post,,t3_1pprjgs,,positive,0.6537461280822754,positive,0.6537461280822754,0.8718,positive,True
reddit,school milk law,"Congress just passed a new law that makes it easier for students to access non-dairy milk in schools across the nation!. This law allows all schools to offer soy milk alongside cow’s milk in the lunch and breakfast lines. It also requires schools to provide a non-dairy milk to any student whose parent submits a note citing a disability, including lactose intolerance. This eliminates the need for parents to submit a doctor’s note, making it much easier to request a plant-based milk. This change comes after years of advocacy from the Plant Powered School Meals Coalition, parents, and students, who recognize the importance of expanding access to meals and beverages that fit the needs of ALL students. Read more here:",Congress just passed a new law that makes it easier for students to access non-dairy milk in schools across the nation!,PublicPolicy,https://reddit.com/r/PublicPolicy/comments/1ppribb/congress_just_passed_a_new_law_that_makes_it/,2025-12-18T14:00:21,post,,t3_1ppribb,,positive,0.5488380789756775,positive,0.5488380789756775,0.8718,positive,True
reddit,school milk law,"People who make it a huge deal when you don't know something. Not common sense things like right vs left or chocolate milk comes from a chocolate cow. I'm talking about situations like this: I thought Harvard was \*just\* a law school. I said this to my roommate and she corrected me that Harvard has a law school \*in addition\* to other colleges. I said ""Oh, okay, neat."" But my roommate was still laughing. ""Wait, you really thought Harvard was only a law school?!"" She took her phone out and started filming me, laughing and telling me to say again what I thought about Harvard because she wants our friends to know about my misconception. ""You thought Harvard was just a law school!"" Filming me is an extreme example but she's not the only person who flips out and makes it a whole thing when you don't have the same knowledge base as they do. You didn't know Salem is the capital of Oregon?! You don't know the Spice Girls' names?! You never heard of Steven Universe?! HOW OMG THAT'S INSANE DO YOU LIVE UNDER A ROCK ARE YOU STUPID BLAH BLAH BLAH Bro, not everyone has the same life experiences as you. Why would I know the capital of Oregon when I'm from Georgia? Why would I know the Spice Girls' names? Why should I have watched Steven Universe? It's fine to have a little laugh, but the acting out is what pmo",People who make it a huge deal when you don't know something,PetPeeves,https://reddit.com/r/PetPeeves/comments/1s9x1jr/people_who_make_it_a_huge_deal_when_you_dont_know/,2026-04-01T20:51:55,post,,t3_1s9x1jr,,neutral,0.0386124029755592,neutral,0.0386124029755592,0.8655,positive,False
reddit_comment,school milk law,Admitting what you don’t know is a sign of true intelligence,,PetPeeves,https://reddit.com/r/PetPeeves/comments/1s9x1jr/people_who_make_it_a_huge_deal_when_you_dont_know/,2026-04-01T21:18:49,comment,https://reddit.com/r/PetPeeves/comments/1s9x1jr/people_who_make_it_a_huge_deal_when_you_dont_know/,t3_1s9x1jr,odrqf1d,neutral,0.1750327497720718,neutral,0.1750327497720718,0.7096,positive,False
reddit_comment,school milk law,"I used to be guilty of this a lot. I was a smug know-it-all and I was a dick about knowing stuff others didn't. I've gone from ""wait, you don't know this?!"" to ""oh, could I tell you about this?"" It's a better way of getting people to listen to what you want to share, and it's just generally not a dick move.",,PetPeeves,https://reddit.com/r/PetPeeves/comments/1s9x1jr/people_who_make_it_a_huge_deal_when_you_dont_know/,2026-04-01T20:58:01,comment,https://reddit.com/r/PetPeeves/comments/1s9x1jr/people_who_make_it_a_huge_deal_when_you_dont_know/,t3_1s9x1jr,odrm2g4,negative,0.0666282400488853,negative,0.0666282400488853,0.5352,positive,False
reddit_comment,school milk law,"Sometimes people bring the ridicule upon themselves, like when they strut their overconfidence right next to their ignorance. A while back there was an online discussion about nations that share a border with Russia and someone mentioned Georgia. Mr. Know-it-all wrote, ""Ummm, I don't think Georgia is anywhere near Russia. Maybe you should go back to school and retake geography."" ""No, not Georgia the US state, Georgia the country. Maybe YOU should go back to school."" And hilarity ensued.",,PetPeeves,https://reddit.com/r/PetPeeves/comments/1s9x1jr/people_who_make_it_a_huge_deal_when_you_dont_know/,2026-04-01T21:40:52,comment,https://reddit.com/r/PetPeeves/comments/1s9x1jr/people_who_make_it_a_huge_deal_when_you_dont_know/,t3_1s9x1jr,odruue8,negative,0.0209028050303459,negative,0.0209028050303459,-0.2023,negative,True
reddit_comment,school milk law,My friend teased me about being stupid because I didn't know what a random word meant. I had never heard it before. I'm not stupid for not knowing the meaning of one word. I've simply never heard it before.,,PetPeeves,https://reddit.com/r/PetPeeves/comments/1s9x1jr/people_who_make_it_a_huge_deal_when_you_dont_know/,2026-04-01T21:57:50,comment,https://reddit.com/r/PetPeeves/comments/1s9x1jr/people_who_make_it_a_huge_deal_when_you_dont_know/,t3_1s9x1jr,odry6m7,negative,0.0378685630857944,negative,0.0378685630857944,0.0966,positive,False
reddit_comment,school milk law,"Yeah... Not okay. I'm Canadian, and we mostly hear of ""Harvard Law"" or ""Harvard Medical"", because those are the ones pricks brag aboot. 😅 I did assume Harvard also had most other university programs, seeing as how they promote themselves as being the end-all-be-all of hot shiny shit, but I can't imagine it's the main focus of someone applying to different schools. That said - your ""friend"" is a dumbass, so that whole tantrum was probably the last time she had the chance to feel smart. 😅",,PetPeeves,https://reddit.com/r/PetPeeves/comments/1s9x1jr/people_who_make_it_a_huge_deal_when_you_dont_know/,2026-04-01T21:16:56,comment,https://reddit.com/r/PetPeeves/comments/1s9x1jr/people_who_make_it_a_huge_deal_when_you_dont_know/,t3_1s9x1jr,odrq15y,negative,0.0160653255879879,negative,0.0160653255879879,0.5678,positive,False
reddit_comment,school milk law,I didn’t know what chickpeas looked like because I don’t like hummus or eat them. People on Reddit kept downvoting me and called me stupid.,,PetPeeves,https://reddit.com/r/PetPeeves/comments/1s9x1jr/people_who_make_it_a_huge_deal_when_you_dont_know/,2026-04-01T21:52:45,comment,https://reddit.com/r/PetPeeves/comments/1s9x1jr/people_who_make_it_a_huge_deal_when_you_dont_know/,t3_1s9x1jr,odrx6yp,negative,0.0085192481055855,negative,0.0085192481055855,0.1531,positive,False
reddit_comment,school milk law,"growing up i didn’t really watch TV or movies or obsess over celebrities… i just always preferred to play with toys and use my imagination or play games lol. so now im in my mid 20s, haven’t seen most shows people my age have seen, and dont even ask me about celebrities. people are genuinely floored and act personally victimized when i tell them i don’t know the difference between chris evans vs hemsworth. or the fact i haven’t (and don’t plan) to watch the goofy movie or stranger things. i will never understand how my disinterest with certain types of media affects them..",,PetPeeves,https://reddit.com/r/PetPeeves/comments/1s9x1jr/people_who_make_it_a_huge_deal_when_you_dont_know/,2026-04-01T23:40:45,comment,https://reddit.com/r/PetPeeves/comments/1s9x1jr/people_who_make_it_a_huge_deal_when_you_dont_know/,t3_1s9x1jr,odsgune,negative,0.0403462871909141,negative,0.0403462871909141,0.6808,positive,False
reddit_comment,school milk law,"How about ""You didn't know Salem was the capital of Oregon!? How cool! You just learned something neat!"" (",,PetPeeves,https://reddit.com/r/PetPeeves/comments/1s9x1jr/people_who_make_it_a_huge_deal_when_you_dont_know/,2026-04-01T23:54:33,comment,https://reddit.com/r/PetPeeves/comments/1s9x1jr/people_who_make_it_a_huge_deal_when_you_dont_know/,t3_1s9x1jr,odsjaj9,positive,0.9674997329711914,positive,0.9674997329711914,0.7332,positive,True
reddit_comment,school milk law,Chocolate milk comes from chocolate cows?,,PetPeeves,https://reddit.com/r/PetPeeves/comments/1s9x1jr/people_who_make_it_a_huge_deal_when_you_dont_know/,2026-04-01T21:21:40,comment,https://reddit.com/r/PetPeeves/comments/1s9x1jr/people_who_make_it_a_huge_deal_when_you_dont_know/,t3_1s9x1jr,odrqzrl,neutral,0.0367746986448764,neutral,0.0367746986448764,0.0,neutral,True
reddit_comment,school milk law,This is especially annoying when you know it’s something they themselves only learned recently,,PetPeeves,https://reddit.com/r/PetPeeves/comments/1s9x1jr/people_who_make_it_a_huge_deal_when_you_dont_know/,2026-04-02T02:11:01,comment,https://reddit.com/r/PetPeeves/comments/1s9x1jr/people_who_make_it_a_huge_deal_when_you_dont_know/,t3_1s9x1jr,odt6x4t,negative,0.0046284850686788,negative,0.0046284850686788,-0.4576,negative,True
reddit,school milk law,"My daughter (6) is now a picky eater, and I blame free school lunches.. First off, I want to acknowledge the incredible amount of entitlement in the title of my post. Free school lunches are an incredible good for kids, and there should be no shame in accepting them. BUT! I'm venting here, so deal with it. My daughter so far has been willing to eat pretty much anything I put in front of her. Did she have a preference for specific meals? Yes. Would she still eat what I made? Yes. Her first solid food was a massour dal I made. (Our family is vegetarian, but not a ""Mom from Foxtrot"" style vegetarian) I've fed her Indian, Chinese, Thai, Japanese, Korean, Italian, and many other styles of food. We have veggie burgers with fries about once every two weeks. The food I make is nutritionally balanced, tasty, and low in sugars and simple carbohydrates. Desserts and treats were rare (generally 1-2 a week) but I didn't skimp on the ""bad stuff"" in them - we made chocolate chip cookies, cakes, she would get ice cream occasionally, etc. Then the pandemic ended and she went to school for the first time in her life. Now, this wasn't in and of itself something bad. I packed her a lunch, and she would eat it, at least for the first week and a half. (Side note: Our school system only gives 20 minutes for lunch. This is nowhere near enough time for kids to sit down and eat. She'd sometimes come home with her lunch partially eaten and say that they told her that her time to eat was up.) Then she discovered that the free school lunch had chocolate milk. Bam, every day her lunch would come home uneaten, untouched, and unloved. I'd ask her what she got for lunch, and she'd talk about what they had on the menu. She was still starving when she got home, and I'd ask her what she actually ate out of the free lunch. ""Oh, I drank the chocolate milk."" Sometimes she'd eat a piece of fruit or something sweet, but the protein? The starch? Nope, wouldn't touch it. She'd ask for a snack, and I'd put out her uneaten lunch. (She has a refrigerated bag, so it would still be g","My daughter (6) is now a picky eater, and I blame free school lunches.",Parenting,https://reddit.com/r/Parenting/comments/wu1tue/my_daughter_6_is_now_a_picky_eater_and_i_blame/,2022-08-21T15:08:14,post,,t3_wu1tue,,neutral,0.2011483907699585,neutral,0.2011483907699585,0.9346,positive,False
reddit_comment,school milk law,"I hate to break it to you, it’s not the free lunches. It’s the other kids. One little remark from another kid “oh that looks gross” and then they never eat it again. I went through this with my kids when they started school. I volunteered at the preschool my kids attended and saw it first hand. They would eat anything. Then someone said “that tuna is gross and smelly” and they never ate tuna again. No egg salad. No sushi. Just boring old sandwiches and the same gross drinkable yogurt everyone else has. Basically they only want to eat what everyone else is eating and they bring the “that’s gross” attitude home. It dies down a bit as they get older but I found age 5-10 is the most difficult.",,Parenting,https://reddit.com/r/Parenting/comments/wu1tue/my_daughter_6_is_now_a_picky_eater_and_i_blame/,2022-08-21T17:33:12,comment,https://reddit.com/r/Parenting/comments/wu1tue/my_daughter_6_is_now_a_picky_eater_and_i_blame/,t3_wu1tue,il7t01c,negative,0.0096364477649331,negative,0.0096364477649331,-0.8907,negative,True
reddit_comment,school milk law,"Eh, it sounds like she is going through a phase. 6 is tough! If she was eating a cheeseburger every day and expecting that at home, I’d agree it was the school lunch. But she isn’t eating the school lunch…? She’s just not eating.",,Parenting,https://reddit.com/r/Parenting/comments/wu1tue/my_daughter_6_is_now_a_picky_eater_and_i_blame/,2022-08-21T15:43:11,comment,https://reddit.com/r/Parenting/comments/wu1tue/my_daughter_6_is_now_a_picky_eater_and_i_blame/,t3_wu1tue,il7cs2b,negative,0.0478793680667877,negative,0.0478793680667877,0.3699,positive,False
reddit_comment,school milk law,"It’s not the lunches being free that’s the problem, it’s the short amount of time to eat, according to your post and follow up. Lay blame where blame is due.",,Parenting,https://reddit.com/r/Parenting/comments/wu1tue/my_daughter_6_is_now_a_picky_eater_and_i_blame/,2022-08-21T16:34:02,comment,https://reddit.com/r/Parenting/comments/wu1tue/my_daughter_6_is_now_a_picky_eater_and_i_blame/,t3_wu1tue,il7k8r1,negative,0.0076793455518782,negative,0.0076793455518782,-0.4939,negative,True
reddit_comment,school milk law,"It’s probably a phase. It could also be a social thing in that she wants what everyone else is having. I think that you have done a pretty good job of introducing her to a lot of different types of foods but I remember being around that age and starting to compare what other people were bringing and wanting what they have instead. Like for example there were certain things that were hot ticket items in the lunch room, lunchables, fruit snacks, fruit by the foot etc. Kids would trade things in their lunch or even outright pay other kids to get those items. I remember I begged my parents pretty bad for those sorts of things because a lot of what I brought was different then what other kids brought.",,Parenting,https://reddit.com/r/Parenting/comments/wu1tue/my_daughter_6_is_now_a_picky_eater_and_i_blame/,2022-08-21T16:13:11,comment,https://reddit.com/r/Parenting/comments/wu1tue/my_daughter_6_is_now_a_picky_eater_and_i_blame/,t3_wu1tue,il7h6dm,neutral,0.2283743917942047,neutral,0.2283743917942047,0.7003,positive,False
reddit_comment,school milk law,"This is a length of school lunch problem, not a quality of school lunch problem. One way to combat this is to work with her on eating a bit faster at home. Sometimes we’ll set a timer for the length of school lunch time and work on pacing the meal. Lunch is also one of the only times that children have to freely socialize during the school day, which cuts into the already short eating time.",,Parenting,https://reddit.com/r/Parenting/comments/wu1tue/my_daughter_6_is_now_a_picky_eater_and_i_blame/,2022-08-21T16:50:32,comment,https://reddit.com/r/Parenting/comments/wu1tue/my_daughter_6_is_now_a_picky_eater_and_i_blame/,t3_wu1tue,il7mp60,neutral,0.0627729594707489,neutral,0.0627729594707489,-0.7269,negative,False
reddit_comment,school milk law,"I used to stuff the luches my mom made in my locker. That stopped one day when we came back from gym and the janitor was opening up my locker and a bunch of smelly weeks old food came tumbling out. Kids can be picky. I used to love apple sauce and a lot of the stuff my mom made, until I didn’t and it was gross to me. Also, nothing wrong with pasta cheese and fruit. Sometimes kids just want simple/ fun",,Parenting,https://reddit.com/r/Parenting/comments/wu1tue/my_daughter_6_is_now_a_picky_eater_and_i_blame/,2022-08-21T16:41:18,comment,https://reddit.com/r/Parenting/comments/wu1tue/my_daughter_6_is_now_a_picky_eater_and_i_blame/,t3_wu1tue,il7lb6f,negative,0.0585649721324443,negative,0.0585649721324443,0.7472,positive,False
reddit_comment,school milk law,"Maybe it’s a phase, but I want to also point something out to keep an eye on because I battled with it my whole life. I was the kid who would eat super slow. My dad would scream at me at the dinner table because I couldn’t eat the portions he would shovel onto my plate. Most of my childhood I felt guilty I couldn’t clean my plate. I liked a variety of food, but started avoiding more over time. If I ate fast, I’d feel sick the rest of the day. Certain foods started really hurting my stomach like tomatoes, broccoli, and high fiber raw vegetables. School lunch got compressed into 20 minutes and I’d go for the easiest stuff to eat first - milk, pasta, etc. I’d be hungry later and I wanted snacks throughout the day between meals. I was told it would spoil my appetite. I’d finally get to the dinner table and couldn’t eat more than a few bites before I felt full. I was so frustrated. As I got older, my symptoms escalated and if I was forced to eat a meal super fast I’d usually get sick and vomit sometime afterwards. School started thinking I had an eating disorder. Parents and school kept putting pressure on me to eat my whole plate in one sitting. I kept getting sick. It finally landed me in the hospital with a bezoar that couldn’t pass out of my stomach. Turned out some of the “healthy” foods I was being told to eat to feel better were making me worse. After several tests, it turned out I had gastroparesis my whole life. Basically, gastroparesis means my stomach empties slowly, so I felt full fast. High fiber foods were causing me lots of stomach pain as I couldn’t digest them normally. My whole life I’d been battling this condition and if I’d been given the accommodation to eat how my body could handle it better, I would have never been so sick for so many years. Decades later, I eat small meals and eat frequently throughout the day. I don’t eat certain high fiber foods, but replace them with alternatives that help me get the nutrients I need. I don’t want to alarm you ",,Parenting,https://reddit.com/r/Parenting/comments/wu1tue/my_daughter_6_is_now_a_picky_eater_and_i_blame/,2022-08-21T17:41:26,comment,https://reddit.com/r/Parenting/comments/wu1tue/my_daughter_6_is_now_a_picky_eater_and_i_blame/,t3_wu1tue,il7u7yf,negative,0.023704208433628,negative,0.023704208433628,-0.9814,negative,True
reddit_comment,school milk law,"I think your daughter is opportunistic and smart… and 6! Its completely natural for her to have opinions and try to make choices for herself (even if they aren’t always in her best interest…) It’s not the school lunches fault that she’s suddenly developed an opinion on the food that she eats, that’s part of growing up and how amazing that she is speaking her mind and trying to exert some form of control over the choices she wants to make. At school, daddy isn’t there to tell her she can’t have chocolate milk because it’s got too much sugar in; your clever daughter figured out that she can exert a little more control in that environment and is taking advantage of it. Take advantage of that smartness and teach her about healthy choices and portions (I.e how much veg she should have vs. protein, carbs and sweets.) How about a compromise since she’s so big and clever now? She can have the school lunch but she has to agree to eat the food at school (not just drink the chocolate milk!) AND go back to eating at home too. Help her choose the weeks dinner menu using her brand new healthy skills. No more second lunch when she gets home from school either, she can have a piece of fruit for her snack and her dinner a little earlier. She may still not eat the school meal, but control the environment that you can (I.e home) and make sure she has at least one good meal a day there! Please don’t put down the school lunches, especially infront of your daughter! As she will believe they are negative and kids who have them are therefore negative too. Some kids need them and might not have another opportunity to eat that day. If your daughter repeats your negative words, she may shame them out of eating that lunch.",,Parenting,https://reddit.com/r/Parenting/comments/wu1tue/my_daughter_6_is_now_a_picky_eater_and_i_blame/,2022-08-21T17:38:24,comment,https://reddit.com/r/Parenting/comments/wu1tue/my_daughter_6_is_now_a_picky_eater_and_i_blame/,t3_wu1tue,il7trw3,neutral,0.3535968959331512,neutral,0.3535968959331512,0.8224,positive,False
reddit_comment,school milk law,"It isn’t the school lunch, it’s development/slash influences from other kids. And honestly, who cares? She’ll come back to familiar. She’s getting a different world view and figuring out who she is without your influence.",,Parenting,https://reddit.com/r/Parenting/comments/wu1tue/my_daughter_6_is_now_a_picky_eater_and_i_blame/,2022-08-21T18:46:07,comment,https://reddit.com/r/Parenting/comments/wu1tue/my_daughter_6_is_now_a_picky_eater_and_i_blame/,t3_wu1tue,il83ke1,neutral,0.0495861768722534,neutral,0.0495861768722534,0.7184,positive,False
reddit_comment,school milk law,"Try getting her chocolate milk boxes for her packed lunch, that seems to be the main draw to the free lunch. And maybe she will eat more if she doesn’t have to stand in line waiting for lunch.",,Parenting,https://reddit.com/r/Parenting/comments/wu1tue/my_daughter_6_is_now_a_picky_eater_and_i_blame/,2022-08-21T18:30:42,comment,https://reddit.com/r/Parenting/comments/wu1tue/my_daughter_6_is_now_a_picky_eater_and_i_blame/,t3_wu1tue,il81ch8,positive,0.6305798888206482,positive,0.6305798888206482,0.5106,positive,True
reddit,school milk law,More fun black panther facts... The open carry law was changed when they exercises their legal right to carry into the state house..... They started the before and after school meal program that the state adopted.... They started wic so mother's could get milk for the babies which the state adopted,More fun black panther facts... The open carry law was changed when they exercises their legal right to carry into the state house..... They started the before and after school meal program that the state adopted.... They started wic so mother's could get milk for the babies which the state adopted.,thestraightdopesub,https://reddit.com/r/thestraightdopesub/comments/jatmwr/more_fun_black_panther_facts_the_open_carry_law/,2020-10-14T04:11:18,post,,t3_jatmwr,,neutral,0.141961932182312,neutral,0.141961932182312,0.624,positive,False
reddit,school milk law,"British atheists: My friend's kid goes to a state run primary school. He came home today and said they were made to pray before lunch and that the teacher said something about Jesus being the son of God. Are they breaking any laws?. The lad is about 6 years old. He also has two younger sisters in the school with him. His parents have told the school they don't want their children to be involved in any religious practises at all. After the prayer he told all his friends that ""it's just a story"", but I can't help feeling he wouldn't have mentioned it when he got home if he wasn't upset by it on some level. I'm all for thanking the people who made the meal before eating it. Kids should be made more aware of the farmer who makes a loss on every litre of milk he produces and the minimum wage kitchen staff who prepare the food they eat. But instructing children of 4, 5 and 6 years old to thank a magic man in the sky is just flat wrong. One of the kids in his class just lost his mummy to cancer. No child should have to lose a parent at that age. Why God couldn't leave the production of school meals to someone else and concentrate more on not inventing breast cancer should strike even kids of that age as somewhat obvious. What is less clear is what my friends can do about this issue next. What is the legal position of the school if they have already been asked not to involve my friend's kids in prayer? What UK laws exist to protect children from religious indoctrination in school? Why don't the school also teach the myths of other religions at meal times, so the children can place Christian folklore in its appropriate context?",British atheists: My friend's kid goes to a state run primary school. He came home today and said they were made to pray before lunch and that the teacher said something about Jesus being the son of God. Are they breaking any laws?,atheism,https://reddit.com/r/atheism/comments/fv6mw/british_atheists_my_friends_kid_goes_to_a_state/,2011-03-01T17:58:37,post,,t3_fv6mw,,negative,0.0226324275135993,negative,0.0226324275135993,0.3269,positive,False
reddit_comment,school milk law,Nope most British primary schools are sponsored by a church. You can write to the school and tell them your child is to be excluded from religious teachings and they have to follow it though.,,atheism,https://reddit.com/r/atheism/comments/fv6mw/british_atheists_my_friends_kid_goes_to_a_state/,2011-03-01T18:08:34,comment,https://reddit.com/r/atheism/comments/fv6mw/british_atheists_my_friends_kid_goes_to_a_state/,t3_fv6mw,c1iuugk,neutral,0.0232835542410612,neutral,0.0232835542410612,-0.34,negative,False
reddit_comment,school milk law,"Nope. The establishment clause is the exception, not the rule. That's part of what makes the american constitution so remarkable.",,atheism,https://reddit.com/r/atheism/comments/fv6mw/british_atheists_my_friends_kid_goes_to_a_state/,2011-03-01T18:14:32,comment,https://reddit.com/r/atheism/comments/fv6mw/british_atheists_my_friends_kid_goes_to_a_state/,t3_fv6mw,c1iuvmb,neutral,0.2971782386302948,neutral,0.2971782386302948,0.6825,positive,False
reddit,school milk law,"The news in easy French: Le lait entier de retour dans les écoles américaines. Le président Donald Trump a signé une nouvelle **loi** mercredi. Les écoles aux États-Unis peuvent maintenant **servir** du **lait entier** aux **élèves**. Pendant les dix **dernières** années, les écoles pouvaient **seulement** servir du **lait allégé**. Les experts du gouvernement disent que le lait entier est bon pour la **santé**. Mais certains **cardiologues** **ne sont pas d’accord** avec cette décision. Le lait sera **disponible** dans les **cantines** dans **quelques** semaines. *Vocabulaire: loi (f) = law / servir = to serve / lait entier (m) = whole milk / élèves (m pl) = students / dernières = last / seulement = only / lait allégé (m) = low-fat milk / santé (f) = health / cardiologues (m pl) = cardiologists / ne pas être d’accord = to disagree / disponible = available / cantines (f pl) = cafeterias / quelques = a few* **English translation** Whole milk returns to American schools President Donald Trump signed a new law on Wednesday. Schools in the United States can now serve whole milk to students. During the last ten years, they could only serve low-fat milk. Government experts say that whole milk is good for health. However, some cardiologists disagree with this decision. The milk will be available in cafeterias in a few weeks. More news stories in A2-level French here: [",The news in easy French: Le lait entier de retour dans les écoles américaines,learnfrench,https://reddit.com/r/learnfrench/comments/1qhw0xe/the_news_in_easy_french_le_lait_entier_de_retour/,2026-01-20T08:54:35,post,,t3_1qhw0xe,,neutral,0.0507146753370761,neutral,0.0507146753370761,0.5267,positive,False
reddit_comment,school milk law,C'est vraiment utile. Mbc,,learnfrench,https://reddit.com/r/learnfrench/comments/1qhw0xe/the_news_in_easy_french_le_lait_entier_de_retour/,2026-01-20T10:51:06,comment,https://reddit.com/r/learnfrench/comments/1qhw0xe/the_news_in_easy_french_le_lait_entier_de_retour/,t3_1qhw0xe,o0n9wjp,neutral,0.0798875764012336,neutral,0.0798875764012336,0.0,neutral,True
reddit_comment,school milk law,merci d'avoir partagé!,,learnfrench,https://reddit.com/r/learnfrench/comments/1qhw0xe/the_news_in_easy_french_le_lait_entier_de_retour/,2026-01-20T21:55:41,comment,https://reddit.com/r/learnfrench/comments/1qhw0xe/the_news_in_easy_french_le_lait_entier_de_retour/,t3_1qhw0xe,o0qusbl,neutral,0.3559470474720001,neutral,0.3559470474720001,0.0,neutral,True
reddit_comment,school milk law,Merci beaucoup. Quelle niveau c’est?,,learnfrench,https://reddit.com/r/learnfrench/comments/1qhw0xe/the_news_in_easy_french_le_lait_entier_de_retour/,2026-01-20T22:24:22,comment,https://reddit.com/r/learnfrench/comments/1qhw0xe/the_news_in_easy_french_le_lait_entier_de_retour/,t3_1qhw0xe,o0r0p1x,neutral,0.0887530744075775,neutral,0.0887530744075775,0.0,neutral,True
reddit_comment,school milk law,"Thanks so much for creating these, whoever you are. They are great for helping with learning.",,learnfrench,https://reddit.com/r/learnfrench/comments/1qhw0xe/the_news_in_easy_french_le_lait_entier_de_retour/,2026-01-22T22:44:16,comment,https://reddit.com/r/learnfrench/comments/1qhw0xe/the_news_in_easy_french_le_lait_entier_de_retour/,t3_1qhw0xe,o14tilt,positive,0.983644962310791,positive,0.983644962310791,0.8925,positive,True
reddit_comment,school milk law,Je plains les gens qui doivent aujourd'hui trouver des titres d'articles pour les enfants.,,learnfrench,https://reddit.com/r/learnfrench/comments/1qhw0xe/the_news_in_easy_french_le_lait_entier_de_retour/,2026-01-21T08:05:16,comment,https://reddit.com/r/learnfrench/comments/1qhw0xe/the_news_in_easy_french_le_lait_entier_de_retour/,t3_1qhw0xe,o0tjuwz,neutral,0.0828404352068901,neutral,0.0828404352068901,0.0,neutral,True
reddit,school milk law,"More Milk In School Cafeterias? Lobbyists, Lawmakers Want Students To Consume More Dairy Under Proposed Nutrition Standards Law","More Milk In School Cafeterias? Lobbyists, Lawmakers Want Students To Consume More Dairy Under Proposed Nutrition Standards Law",betternews,https://reddit.com/r/betternews/comments/36mznq/more_milk_in_school_cafeterias_lobbyists/,2015-05-20T15:57:03,post,,t3_36mznq,,neutral,0.0211347993463277,neutral,0.0211347993463277,0.0772,positive,False
reddit,school milk law,"Swedish school food. The first one is from a high school I used to attend. It’s a big, popular school in the city, so their food was good! They had spaghetti with meat sauce that day, my favorite school lunch (neither of the HS i went to have made me dissapointed with this one, fortunately.) The second one is from a preschool (förskola) where I did an internship. Preschools here tend to have kids between the ages of 1 and 5 (sometimes up to 7), so it's abit different but they do have laws they need t follow. Oatmeal is a very popular breakfast that kids love. And no matter your age or the type of school you go to, there will always be cold tap water, milk, and rye bread (both soft and crisp) available, along with butter and cheese (sometimes with turkey slices, boiled egg etc)",Swedish school food,schoollunches,https://reddit.com/r/schoollunches/comments/1sad9k2/swedish_school_food/,2026-04-02T10:07:54,post,,t3_1sad9k2,,positive,0.941686987876892,positive,0.941686987876892,0.943,positive,True
reddit_comment,school milk law,"These both look delicious! I definitely thought the second pic was Cream of Wheat, my fave😋",,schoollunches,https://reddit.com/r/schoollunches/comments/1sad9k2/swedish_school_food/,2026-04-02T13:44:28,comment,https://reddit.com/r/schoollunches/comments/1sad9k2/swedish_school_food/,t3_1sad9k2,odvsacp,positive,0.9867228865623474,positive,0.9867228865623474,0.8622,positive,True
reddit_comment,school milk law,Both of these meals look delicious.,,schoollunches,https://reddit.com/r/schoollunches/comments/1sad9k2/swedish_school_food/,2026-04-02T10:53:54,comment,https://reddit.com/r/schoollunches/comments/1sad9k2/swedish_school_food/,t3_1sad9k2,odv0266,positive,0.9815781116485596,positive,0.9815781116485596,0.5719,positive,True
reddit_comment,school milk law,This takes me back to the 90s when I was in school. I used to live for that super thick overcooked spaghetti! It never missed.,,schoollunches,https://reddit.com/r/schoollunches/comments/1sad9k2/swedish_school_food/,2026-04-02T17:23:39,comment,https://reddit.com/r/schoollunches/comments/1sad9k2/swedish_school_food/,t3_1sad9k2,odx3cv7,positive,0.9162229299545288,positive,0.9162229299545288,0.7253,positive,True
reddit,school milk law,"Why the Trump Administration Is Obsessed With Whole Milk. Milk is mundane in most contexts, but you can’t help noticing when it is smeared across the upper lips of America’s government officials. An image of Donald Trump sporting a milk mustache and glowering over a glass of milk was just one of many dairy-themed posts shared by government accounts on X during the past week, all of which made clear that the milk was whole. In one video, a seemingly AI-generated Robert F. Kennedy Jr. takes a sip and is transported to a nightclub, suddenly milk-mustachioed; in another, former Housing Secretary Ben Carson raises a glass of full-fat and sports a white ’stache. The upper lips of the former collegiate swimmer Riley Gaines and the former NBA player Enes Kantor Freedom, among other personalities embraced by the right, also got the whole-milk treatment. The posts were shared to celebrate a big month for whole milk. On January 7, the Department of Agriculture released its updated Dietary Guidelines for Americans, which newly recommend whole dairy over low-fat products, and placed a carton of whole milk near the top of a revamped, upside-down food pyramid. Then, on Wednesday, President Trump signed into law a bill allowing schools to serve whole milk after more than a decade of being restricted to low-fat. Medical professionals, who have long advised people to avoid full-fat dairy because it contains high levels of saturated fat, were generally critical of the new dietary guidelines for milk. But Kennedy and Trump, along with other government officials, have framed it as a major win for health. Kennedy recently argued that America’s children have been missing out on key nutrients such as calcium and vitamin D because they don’t want to drink the low-fat milk served in schools. The new law, he said at its signing, embodies the new dietary guidelines’ directive to “eat real food.”",Why the Trump Administration Is Obsessed With Whole Milk,atlanticdiscussions,https://reddit.com/r/atlanticdiscussions/comments/1qh9osw/why_the_trump_administration_is_obsessed_with/,2026-01-19T16:57:58,post,,t3_1qh9osw,,neutral,0.0316950120031833,neutral,0.0316950120031833,0.9771,positive,False
reddit_comment,school milk law,"Short answer: Like everything this administration does, pushing whole milk is a fascist dog whistle. Which sounds completely insane on the face of it, but it's the truth.",,atlanticdiscussions,https://reddit.com/r/atlanticdiscussions/comments/1qh9osw/why_the_trump_administration_is_obsessed_with/,2026-01-19T20:18:26,comment,https://reddit.com/r/atlanticdiscussions/comments/1qh9osw/why_the_trump_administration_is_obsessed_with/,t3_1qh9osw,o0jfmi0,negative,0.0070391143672168,negative,0.0070391143672168,0.1036,positive,False
reddit_comment,school milk law,"Fuck it, do away with pasteurization too. It's woke ""science."" Scrofula for everyone!!!",,atlanticdiscussions,https://reddit.com/r/atlanticdiscussions/comments/1qh9osw/why_the_trump_administration_is_obsessed_with/,2026-01-19T19:01:46,comment,https://reddit.com/r/atlanticdiscussions/comments/1qh9osw/why_the_trump_administration_is_obsessed_with/,t3_1qh9osw,o0iyyyv,negative,0.0137979462742805,negative,0.0137979462742805,-0.6571,negative,True
reddit_comment,school milk law,"This article touches on this, but really the whole milk thing is another push for ""purity."" RFK Jr doesn't just want us consuming whole milk, but doesn't want to put additives in it, like Vitamin A and Vitamin D. After a while, trying to make everything ""pure"" comes back around to [race science]( Again.",,atlanticdiscussions,https://reddit.com/r/atlanticdiscussions/comments/1qh9osw/why_the_trump_administration_is_obsessed_with/,2026-01-19T18:22:33,comment,https://reddit.com/r/atlanticdiscussions/comments/1qh9osw/why_the_trump_administration_is_obsessed_with/,t3_1qh9osw,o0iq0ne,neutral,0.0221584029495716,neutral,0.0221584029495716,0.8011,positive,False
reddit_comment,school milk law,"I always assumed that this was a reference to Homelander from “The Boys” tv show, which started out as a parody of Trump and has since more or less become a template for Trump.",,atlanticdiscussions,https://reddit.com/r/atlanticdiscussions/comments/1qh9osw/why_the_trump_administration_is_obsessed_with/,2026-01-19T18:15:11,comment,https://reddit.com/r/atlanticdiscussions/comments/1qh9osw/why_the_trump_administration_is_obsessed_with/,t3_1qh9osw,o0iobwo,neutral,0.0285687893629074,neutral,0.0285687893629074,0.0,neutral,True
reddit_comment,school milk law,Also I thought the dairy lobby liked skim milk because they can then sell more cheese.,,atlanticdiscussions,https://reddit.com/r/atlanticdiscussions/comments/1qh9osw/why_the_trump_administration_is_obsessed_with/,2026-01-19T17:52:25,comment,https://reddit.com/r/atlanticdiscussions/comments/1qh9osw/why_the_trump_administration_is_obsessed_with/,t3_1qh9osw,o0ij7nk,neutral,0.0934863984584808,neutral,0.0934863984584808,0.4404,positive,False
reddit_comment,school milk law,"This whole business has unfortunate echoes of the groypers' performative videos of themselves chugging milk a few years ago because they found out that many non-white people have varying degrees of lactose intolerance. I have also see reporting (sorry, don't have a link) yesterday that this started as a RFK Jr appeal to promote drinking RAW milk, that the lawyers successfully explained as a Very Bad Idea, so at the last minute the administration switched it to promoting whole milk instead. Both of these things seem plausible right now.",,atlanticdiscussions,https://reddit.com/r/atlanticdiscussions/comments/1qh9osw/why_the_trump_administration_is_obsessed_with/,2026-01-19T17:35:53,comment,https://reddit.com/r/atlanticdiscussions/comments/1qh9osw/why_the_trump_administration_is_obsessed_with/,t3_1qh9osw,o0ifj6v,negative,0.0086686732247471,negative,0.0086686732247471,0.0534,positive,False
reddit,school milk law,"What's the goal of H.R. 610 in general and what changes does it propose on a local level?. Here's the summary: Choices in Education Act of 2017 This bill repeals the Elementary and Secondary Education Act of 1965 and limits the authority of the Department of Education (ED) such that ED is authorized only to award block grants to qualified states. The bill establishes an education voucher program, through which each state shall distribute block grant funds among local educational agencies (LEAs) based on the number of eligible children within each LEA's geographical area. From these amounts, each LEA shall: (1) distribute a portion of funds to parents who elect to enroll their child in a private school or to home-school their child, and (2) do so in a manner that ensures that such payments will be used for appropriate educational expenses. To be eligible to receive a block grant, a state must: (1) comply with education voucher program requirements, and (2) make it lawful for parents of an eligible child to elect to enroll their child in any public or private elementary or secondary school in the state or to home-school their child. No Hungry Kids Act The bill repeals a specified rule that established certain nutrition standards for the national school lunch and breakfast programs. (In general, the rule requires schools to increase the availability of fruits, vegetables, whole grains, and low-fat or fat free milk in school meals; reduce the levels of sodium, saturated fat, and trans fat in school meals; and meet children's nutritional needs within their caloric requirements.) How does this change the current public education setup in regards to national standards and is there any historical bills or programs similar to this one?",What's the goal of H.R. 610 in general and what changes does it propose on a local level?,NeutralPolitics,https://reddit.com/r/NeutralPolitics/comments/621bos/whats_the_goal_of_hr_610_in_general_and_what/,2017-03-28T18:46:52,post,,t3_621bos,,neutral,0.0292500089854002,neutral,0.0292500089854002,0.7998,positive,False
reddit_comment,school milk law,"&gt;No Hungry Kids Act &gt;The bill repeals a specified rule that established certain nutrition standards for the national school lunch and breakfast programs. (In general, the rule requires schools to increase the availability of fruits, vegetables, whole grains, and low-fat or fat free milk in school meals; reduce the levels of sodium, saturated fat, and trans fat in school meals; and meet children's nutritional needs within their caloric requirements.) What was the reasoning behind this particular provision?",,NeutralPolitics,https://reddit.com/r/NeutralPolitics/comments/621bos/whats_the_goal_of_hr_610_in_general_and_what/,2017-03-28T18:54:51,comment,https://reddit.com/r/NeutralPolitics/comments/621bos/whats_the_goal_of_hr_610_in_general_and_what/,t3_621bos,dfiwv00,neutral,0.021195063367486,neutral,0.021195063367486,0.7717,positive,False
reddit_comment,school milk law,This voucher system essentially enables public funding for [private religious schooling.](,,NeutralPolitics,https://reddit.com/r/NeutralPolitics/comments/621bos/whats_the_goal_of_hr_610_in_general_and_what/,2017-03-29T00:00:35,comment,https://reddit.com/r/NeutralPolitics/comments/621bos/whats_the_goal_of_hr_610_in_general_and_what/,t3_621bos,dfjcn1x,neutral,0.0889521315693855,neutral,0.0889521315693855,0.0,neutral,True
reddit_comment,school milk law,"This changes the current setup in that it would reimburse parents for the costs of sending their children to a private school or homeschooling ([sec. 105, par. 2]( This changes the current educational system by helping offset the costs for parents who choose to send their child to a private school or homeschool, where those costs have recently been solely borne by those parents. It also changes things in that it requires the local education authority to distribute these funds to parents who opt out and makes them (local school district) responsible for ensuring that they are used for qualified expenses (above citation, paragraph 5.) Finally, one key way it does not change the current setup in a worrying way is that it does not set any curriculum standards for those receiving these federal funds (but ensuring that a child receives a decent education is implicitly the responsibility of the local school district, per paragraph 5.) There have been bills like this introduced in the past ([wikipedia]( but this issue is experiencing wider support than it often enjoys. A big issue is that it would likely exacerbate inequality: those most likely and able to exercise choice are those that are already doing well and have the resources and temporal flexibility to research schools, get their kids to other schools, and live in areas that have markedly different opportunities (cities and suburban areas have more options) ([op-ed expressing this]( The inequity is perhaps best shown by New York City: there are many levels of schools, many specialized schools, and huge choice - a kid in NYC can attend any high school they choose if they just apply and are accepted (a minority require entrance exams, most use a placement algorithm similar to that used to place doctors in residency) but most do not make the optimal choice ([A 2013 Research Alliance Report, for example, found that 53 percent of what it defined as low-achieving students were placed in their first choice school between 20",,NeutralPolitics,https://reddit.com/r/NeutralPolitics/comments/621bos/whats_the_goal_of_hr_610_in_general_and_what/,2017-03-29T00:51:48,comment,https://reddit.com/r/NeutralPolitics/comments/621bos/whats_the_goal_of_hr_610_in_general_and_what/,t3_621bos,dfjf2s1,neutral,0.1357912421226501,neutral,0.1357912421226501,0.9873,positive,False
reddit_comment,school milk law,"**/r/NeutralPolitics is a curated space.** In order not to get your comment removed, please familiarize yourself with our [rules on commenting]( before you participate: 1. Be courteous to other users. 1. Source your facts. 1. Put thought into it. 1. Address the arguments, not the person. If you see a comment that violates any of these essential rules, click the associated *report* link so mods can attend to it. However, please note that the mods will not remove comments reported for lack of neutrality or poor sources. There is [no neutrality requirement for comments]( in this subreddit — it's only the *space* that's neutral — and a poor source should be countered with evidence from a better one.",,NeutralPolitics,https://reddit.com/r/NeutralPolitics/comments/621bos/whats_the_goal_of_hr_610_in_general_and_what/,2017-03-28T18:49:20,comment,https://reddit.com/r/NeutralPolitics/comments/621bos/whats_the_goal_of_hr_610_in_general_and_what/,t3_621bos,dfiwk2r,neutral,0.0746264308691024,neutral,0.0746264308691024,-0.5719,negative,False
reddit_comment,school milk law,"Sounds like the goals are very obvious. Reduce federal regulation of state school systems and encourage school choice. A shame it will never pass and isn't intended to. I'd bet there's a similar bill put up almost every congress that never goes anywhere, a right wing version of the [medicare for all bill]( that gets proposed every 2 years.",,NeutralPolitics,https://reddit.com/r/NeutralPolitics/comments/621bos/whats_the_goal_of_hr_610_in_general_and_what/,2017-03-28T20:52:28,comment,https://reddit.com/r/NeutralPolitics/comments/621bos/whats_the_goal_of_hr_610_in_general_and_what/,t3_621bos,dfj3ean,negative,0.035282302647829,negative,0.035282302647829,0.4019,positive,False
reddit_comment,school milk law,"The goal is clearly to establish school choice, and to allow each state to establish it however they see fit. By my read, it would be a big hit to states where the teachers unions are strong, and are resisting students leaving the one-size-fits-all public education system, but by my read it wouldn't necessarily hurt those systems financially as long as they permitted the federal funds to go to non-PS sources. I have not yet found any projected data on its impact. One of the main flaws with the left's arguments on this issue is they claim it would ""defund public schools."" Mathematically this simply isn't the case. If it costs $15k/yr to teach a student in a public school, and that student leaves the school for other educational options, the school loses the federal portion of the grant (let's say $5k, I don't know the real number) but they also have one less student they have to provide for. So the net budget of the school on a *per student basis* goes up, not down. That's just math. reason.com does a lot of reporting on this issue, here's one link from 2015.",,NeutralPolitics,https://reddit.com/r/NeutralPolitics/comments/621bos/whats_the_goal_of_hr_610_in_general_and_what/,2017-03-28T22:41:24,comment,https://reddit.com/r/NeutralPolitics/comments/621bos/whats_the_goal_of_hr_610_in_general_and_what/,t3_621bos,dfj8w8m,neutral,0.0485015101730823,neutral,0.0485015101730823,0.7239,positive,False
reddit,school milk law,"CMV: Rhode Island should be absorbed into Connecticut and Massachusetts so that Puerto Rico can become a state.. Aside from historical concerns, there is no longer a good reason for Rhode Island to be its own state. Instead, Little Rhody should be split up, with the western mainland area being annexed by Connecticut and everything east of Narragansett Bay becoming part of Massachusetts. While this is a good idea all on its own (I'll get into why below), the added benefit would be the slot it would open up for Puerto Rico to become the new 50th state and have proper representation in Congress. **Why Rhode Island Shouldn't Be a State** First, it's absurdly small, with a [total land area about half the size]( of the next smallest state, Delaware, and 1/5th the size of the third smallest, Connecticut. A little over 1,000 square miles of land is not enough to constitute a state. In contrast, San Bernardino county in California is over 20,000 square miles alone. There's also barely a million people in Rhode Island, approximately the same population as the city of Indianapolis. Second, Rhode Island's borders, especially considering the location of current highways and other major roads, don't make good geographic sense. There is no natural boundary between Connecticut and Rhode Island on its western border, yet when you hit [Narragansett Bay]( - that large body of water that divides the state - Rhode Island inexplicably continues until another random border is drawn on the eastern edge with Massachusetts. In fact, because of this, in certain parts of Rhode Island you have to leave the state (and enter Massachusetts) to get to other parts of Rhode Island. Third, Rhode Island is the Arkansas of New England. Between serving ""coffee milk"" (literally coffee-flavored milk) to children in schools, the exploits of [former Providence mayor Buddy Cianci]( and the [jacked up olde timey laws]( they refuse to get rid of, it's clear the state needs to be under new management. Finally, because of the aforementioned giant body of water that runs through the middle of the state, Rhode Island would be",CMV: Rhode Island should be absorbed into Connecticut and Massachusetts so that Puerto Rico can become a state.,changemyview,https://reddit.com/r/changemyview/comments/q4cjw6/cmv_rhode_island_should_be_absorbed_into/,2021-10-09T02:39:02,post,,t3_q4cjw6,,neutral,0.0266866516321897,neutral,0.0266866516321897,0.2462,positive,False
reddit_comment,school milk law,"If Puerto Rico wanted to be a state, why can't they just be the 51st state?",,changemyview,https://reddit.com/r/changemyview/comments/q4cjw6/cmv_rhode_island_should_be_absorbed_into/,2021-10-09T02:45:09,comment,https://reddit.com/r/changemyview/comments/q4cjw6/cmv_rhode_island_should_be_absorbed_into/,t3_q4cjw6,hfxodl9,neutral,0.0351180918514728,neutral,0.0351180918514728,0.0,neutral,True
reddit_comment,school milk law,Serious question. Is it possible for PR to just become its own nation? Does it even want to be a US state?,,changemyview,https://reddit.com/r/changemyview/comments/q4cjw6/cmv_rhode_island_should_be_absorbed_into/,2021-10-09T03:03:05,comment,https://reddit.com/r/changemyview/comments/q4cjw6/cmv_rhode_island_should_be_absorbed_into/,t3_q4cjw6,hfxqi7u,negative,0.0123126087710261,negative,0.0123126087710261,0.0,neutral,False
reddit_comment,school milk law,"&gt;A little over 1,000 square miles of land is not enough to constitute a state. In contrast, San Bernardino county in California is over 20,000 square miles alone. There are fully 8 other states smaller than San Bernardino county, including the two you want to give Rhode Island to. If this is a reason not to be a state then we ought to consolidate to 41 states, but of course that's silly because it's not a good reason. &gt;There's also barely a million people in Rhode Island, approximately the same population as the city of Indianapolis. There are 5 states with smaller populations than Rhodr Island, including the largest state by size, Alaska. Same argument as above and we'd be down to 37 states (Delaware is on both lists). &gt;Second, Rhode Island's borders, especially considering the location of current highways and other major roads, don't make good geographic sense. There is no natural boundary between Connecticut and Rhode Island on its western border Every single state has some man-made/unnatural borders. In fact, some western states' borders are 100% arbitrary and don't follow natural geography anywhere. &gt;Third, Rhode Island is the Arkansas of New England. Would you then also argue for the dissolution of Arkansas? Or perhaps Florida as the perennial source of Florida Man stories? All states have super weird idiosyncrasies, shitty politicians, and bizarre laws. &gt;Finally, because of the aforementioned giant body of water that runs through the middle of the state, Rhode Island would be easy to divide. Something being easy does not mean it is a good idea. It's also easy to burn my house down, but no one would say that means I should do it. &gt;While the US could just add a 51st state, it hasn't yet. So an easy solution is to split up the tiny abomination that is Rhode Island, and replace it with beautiful Puerto Rico. While I think it makes sense to make Puerto Rico a state, nothing about your plan makes the process easier. If anything, pegging Puerto Ric",,changemyview,https://reddit.com/r/changemyview/comments/q4cjw6/cmv_rhode_island_should_be_absorbed_into/,2021-10-09T05:40:12,comment,https://reddit.com/r/changemyview/comments/q4cjw6/cmv_rhode_island_should_be_absorbed_into/,t3_q4cjw6,hfy6tn5,negative,0.0271038357168436,negative,0.0271038357168436,0.8995,positive,False
reddit_comment,school milk law,"South Dakota has a smaller population and very evidently worse management, why not start there instead of Rhode Island which is one of the original 13 colonies and has a long history and culture.",,changemyview,https://reddit.com/r/changemyview/comments/q4cjw6/cmv_rhode_island_should_be_absorbed_into/,2021-10-09T02:47:03,comment,https://reddit.com/r/changemyview/comments/q4cjw6/cmv_rhode_island_should_be_absorbed_into/,t3_q4cjw6,hfxolw5,negative,0.0101553443819284,negative,0.0101553443819284,-0.2682,negative,True
reddit_comment,school milk law,"There is no reason for any state to be a state other than historical boundaries. There is nothing specific about your argument to the state of RI. Agreed that politically, RI is a mess. However, having lived there and in several other states I can attest to the fact that its messiness is not unique. Look at New York State right now. Also, fuck Connecticut. I’m against any arrangement that gives them anything. If PR wants in let’s do 51 states.",,changemyview,https://reddit.com/r/changemyview/comments/q4cjw6/cmv_rhode_island_should_be_absorbed_into/,2021-10-09T04:26:30,comment,https://reddit.com/r/changemyview/comments/q4cjw6/cmv_rhode_island_should_be_absorbed_into/,t3_q4cjw6,hfxzv8r,negative,0.0138031616806983,negative,0.0138031616806983,-0.8225,negative,True
reddit_comment,school milk law,"I agree that PR should be a state, but none of your RI are valid. 1. There is no requirement for size of a state. It is absurd to have such requirement. 2. Absorbing RI to another state will force its residents into another states politics, legal system etc. It is needless and harmful unless done voluntarily. 3. Statehood is not determined by highways. Highways are actually built 150 years after the state was founded. If Virginia and any other state have existed without highways for centuries, there is no problem for RI. If highways are the problem, we should rebuild the highways with the 3.5 Trillion. 4. Natural borders are not a requirement either. Colorado does not have a natural border with any of its neighboring states. Just four imaginary lines for min a rectangle. If natural borders are required we need to completely redraw all state borders west of the Mississippi and half of those east of it. 5. There is no requirement to have 50 states. We can have 51 or 52 just like we had 13, 14, 15, 26, 42, and 49.",,changemyview,https://reddit.com/r/changemyview/comments/q4cjw6/cmv_rhode_island_should_be_absorbed_into/,2021-10-09T13:29:05,comment,https://reddit.com/r/changemyview/comments/q4cjw6/cmv_rhode_island_should_be_absorbed_into/,t3_q4cjw6,hfz9xh9,negative,0.0149935148656368,negative,0.0149935148656368,0.1945,positive,False
reddit_comment,school milk law,"Why do there have to be 50 states other than a bunch of childrens' songs/books where 50's used to rhyme with a thing (if it's for some sort of math reason why not stop at 60 because it's a multiple of 12 and 5)? Remember in the Last Week Tonight episode on potential statehood for Washington DC (a whole nother kettle of fish) John Oliver said at the end that to those who thought a 51-star flag would look weird, every time he showed an American flag in that part of the screen where he brings up images in that episode he used a 51-star flag and no one noticed",,changemyview,https://reddit.com/r/changemyview/comments/q4cjw6/cmv_rhode_island_should_be_absorbed_into/,2022-01-24T10:14:05,comment,https://reddit.com/r/changemyview/comments/q4cjw6/cmv_rhode_island_should_be_absorbed_into/,t3_q4cjw6,hu0411d,neutral,0.0357372909784317,neutral,0.0357372909784317,-0.2528,negative,False
reddit_comment,school milk law,&gt;the added benefit would be the slot it would open up for Puerto Rico What slot? You realize there's no max capacity of states the US can have right? Why do you believe we need to get rid of one state in order to create another one?,,changemyview,https://reddit.com/r/changemyview/comments/q4cjw6/cmv_rhode_island_should_be_absorbed_into/,2021-10-13T14:51:22,comment,https://reddit.com/r/changemyview/comments/q4cjw6/cmv_rhode_island_should_be_absorbed_into/,t3_q4cjw6,hghmi86,neutral,0.0458464659750461,neutral,0.0458464659750461,0.533,positive,False
reddit,school milk law,"every American school switches their lunches to 5 lunchables per child for 50 years, can america survive?. every single school switches their lunches to feeding every kid a carton of regular or chocolate milk, an orange and 5 lunchables of their choice. they can all afford this because of the government cheese caves. private, boarding and charter schools also make the switch, although homeschooled kids don't, if it is an education educational facility for children, that's what they serve. the kids can choose any lunchable available at the time. they have carved out a constitutional amendment just for this law, ignore any legal or constitutional restrictions on allergies or religious restrictions or anything like that, all kids will eat 5 lunchables at school. R1: starts January 1, 2026. R2: Starts January 1, 2001. R3: starts January 20th, 1993. R4: starts in 1987, the day lunchables debut","every American school switches their lunches to 5 lunchables per child for 50 years, can america survive?",whowouldwin,https://reddit.com/r/whowouldwin/comments/1pzhf8e/every_american_school_switches_their_lunches_to_5/,2025-12-30T12:55:33,post,,t3_1pzhf8e,,neutral,0.1640046238899231,neutral,0.1640046238899231,0.128,positive,False
reddit_comment,school milk law,Was this post made by my mom? America will survive,,whowouldwin,https://reddit.com/r/whowouldwin/comments/1pzhf8e/every_american_school_switches_their_lunches_to_5/,2025-12-30T13:12:13,comment,https://reddit.com/r/whowouldwin/comments/1pzhf8e/every_american_school_switches_their_lunches_to_5/,t3_1pzhf8e,nwq3u9x,neutral,0.2995391190052032,neutral,0.2995391190052032,0.0,neutral,True
reddit_comment,school milk law,"It sounds like the kids can eat as much as they want. Like you can lead a horse to water, but you can't make them drink. You can sit 5 Lunchables in front of a kid, but they aren't going to eat them all, no way. We'll be fine.",,whowouldwin,https://reddit.com/r/whowouldwin/comments/1pzhf8e/every_american_school_switches_their_lunches_to_5/,2025-12-30T15:00:14,comment,https://reddit.com/r/whowouldwin/comments/1pzhf8e/every_american_school_switches_their_lunches_to_5/,t3_1pzhf8e,nwqmpj9,neutral,0.1132130175828933,neutral,0.1132130175828933,0.2617,positive,False
reddit_comment,school milk law,"""all kids will eat 5 lunchables at school."" Most Lunchables are around 250-350 calories. Giving a first grader ~1,500 calories of Lunchables and 100 calories for milk every day.... would lead to massive childhood obeisity. Would we survive? Of course. We would just have a generation of poor health.",,whowouldwin,https://reddit.com/r/whowouldwin/comments/1pzhf8e/every_american_school_switches_their_lunches_to_5/,2025-12-30T14:30:01,comment,https://reddit.com/r/whowouldwin/comments/1pzhf8e/every_american_school_switches_their_lunches_to_5/,t3_1pzhf8e,nwqh3gp,negative,0.0410220995545387,negative,0.0410220995545387,-0.1779,negative,True
reddit_comment,school milk law,"Example Nutrition (Turkey &amp; Cheddar Cracker Stackers, approx. 3.2 oz) Calories: 250-260 Total Fat: 14g (18% DV) Saturated Fat: 7g (35% DV) Sodium: 750-770mg (33% DV) Total Carbohydrates: 21g (8% DV) Total Sugars: 4g (includes 3g Added Sugars) Protein: 12-13g Calcium: ~172-180mg (15% DV) Iron: ~1mg (6% DV) Eating this way for let’s call it 12 years would be problematic if they had to eat all five. But if they all started eating breakfast and dinner at home and limited sodium. I think it’s wouldn’t be a huge problem. Lunch would just be a filler snack. Edit: Typical Nutritional Breakdown (USDA Standards) for lunches in the US Calories: Ranges from 550–650 kcal (K-5) to 750–850 kcal (grades 9-12). Sodium: Limits are set below 1,110 mg for K-5 and 1,280 mg for 9-12. New standards by 2027 will reduce these to below 435 mg (K-5) and 520 mg (9-12). Fat: Saturated fat is restricted to &lt;10% of total calories. Components: Must include fruit (½–1 cup), vegetables (¾–1 cup), whole grains, and protein.",,whowouldwin,https://reddit.com/r/whowouldwin/comments/1pzhf8e/every_american_school_switches_their_lunches_to_5/,2025-12-30T13:13:38,comment,https://reddit.com/r/whowouldwin/comments/1pzhf8e/every_american_school_switches_their_lunches_to_5/,t3_1pzhf8e,nwq428l,neutral,0.0948598310351371,neutral,0.0948598310351371,-0.8074,negative,False
reddit_comment,school milk law,"Some lunchables have (had?) high levels of lead. They didn’t exceed federal limits, but they were roughly 3/4 of California limits. Eating five though would put you well above Californias strict limit. Guessing there would be some effect to having that every school day…",,whowouldwin,https://reddit.com/r/whowouldwin/comments/1pzhf8e/every_american_school_switches_their_lunches_to_5/,2025-12-30T20:10:02,comment,https://reddit.com/r/whowouldwin/comments/1pzhf8e/every_american_school_switches_their_lunches_to_5/,t3_1pzhf8e,nwsgb1o,neutral,0.0511445477604866,neutral,0.0511445477604866,0.3919,positive,False
reddit_comment,school milk law,"Childhood obesity will definitely go up, but there is no way in hell all of the kids are gonna start gorging on multiple lunchables every day just because they have the option",,whowouldwin,https://reddit.com/r/whowouldwin/comments/1pzhf8e/every_american_school_switches_their_lunches_to_5/,2026-01-01T20:21:42,comment,https://reddit.com/r/whowouldwin/comments/1pzhf8e/every_american_school_switches_their_lunches_to_5/,t3_1pzhf8e,nx4ur0s,negative,0.0205804388970136,negative,0.0205804388970136,-0.8537,negative,True
reddit_comment,school milk law,Are lunchables still owned by a cigarette company?,,whowouldwin,https://reddit.com/r/whowouldwin/comments/1pzhf8e/every_american_school_switches_their_lunches_to_5/,2026-01-03T13:17:02,comment,https://reddit.com/r/whowouldwin/comments/1pzhf8e/every_american_school_switches_their_lunches_to_5/,t3_1pzhf8e,nxfmh4k,neutral,0.0280417799949646,neutral,0.0280417799949646,0.0,neutral,True
reddit_comment,school milk law,A *choice between* five lunch ables? (Do they even make five different ones? I think we only had three growing up) Or *forced to eat five whole lunchables every day*?,,whowouldwin,https://reddit.com/r/whowouldwin/comments/1pzhf8e/every_american_school_switches_their_lunches_to_5/,2026-01-06T02:02:49,comment,https://reddit.com/r/whowouldwin/comments/1pzhf8e/every_american_school_switches_their_lunches_to_5/,t3_1pzhf8e,nxxktef,neutral,0.0439138561487197,neutral,0.0439138561487197,-0.4291,negative,False
reddit,school milk law,"The 1984 Nestlē Melamine Contamination Scandal. Context: Basically the 2008 Sanlu Melamine incident, except it happens in 1980s America. (my apologies for any legal and historical mistakes I’ve made) George H.W. Bush ascends to the Presidency after Reagan’s death in 1981. Subsequently, it takes longer for the country to leave the recession due to Bush’s refusal to implement most of what he calls “Voodoo Economics”. There are many positives and negatives to it. One such negative is the continuing (albeit steadily lifting) recession driving some businesses and suppliers to cut corners. And that’s where the entire scandal begins. In June 1982, a major Tennessee milk supplier for the Swiss Multinational Nestlē, still facing financial pressures that threatened their business, begin watering down and then adulterating their milk with melamine to cut costs while still maintaining the “same” protein content. At least two other suppliers do the same for similar reasons. In November, Nestlē, already in the middle of restructuring, begins receiving complaints from consumers all over the United States, mainly families of babies and small children, about kidney stones and other ailments affecting the children after they consumed their milk products. A notable complaint is made on April 20, 1983 from a mother who’d learned that the same product that sickened her child was being sold at the cafeteria of the school her other children attend. After the complaints reaches the board the same month, they orders several third-party tests, which doesn’t detect the contaminant Melamine until July 1, 1983. However, it takes until January 8, 1984 for Nestlē to hold a board meeting that discusses the possibility of ordering a wholesale recall. However, several executives and others, including spokesperson Oswald Ballerin, cites the ongoing boycott and the financial costs of recalls and potential lawsuits. Soon, the discussion pivots to slow-walking the investigation, issue internal warnings to suppliers while omitting the reason, and perh",The 1984 Nestlē Melamine Contamination Scandal,AlternateHistoryMemes,https://reddit.com/r/AlternateHistoryMemes/comments/1p6utl6/the_1984_nestlē_melamine_contamination_scandal/,2025-11-26T01:33:17,post,,t3_1p6utl6,,negative,0.0131902275606989,negative,0.0131902275606989,-0.9887,negative,True
reddit_comment,school milk law,Can't even poison children to cut costs? Literally 1984,,AlternateHistoryMemes,https://reddit.com/r/AlternateHistoryMemes/comments/1p6utl6/the_1984_nestlē_melamine_contamination_scandal/,2025-11-26T15:03:11,comment,https://reddit.com/r/AlternateHistoryMemes/comments/1p6utl6/the_1984_nestlē_melamine_contamination_scandal/,t3_1p6utl6,nqw1bh6,negative,0.0044457567855715,negative,0.0044457567855715,0.1901,positive,False
reddit,school milk law,"23F looking for genuine friendos. hello im really looking for some friends that wont leave me hanging ;-; i love reading, writing, and illustrating! i play some games though after a breakup earlier this year i havent had the chance to play the games i like maybe until next year. she took the kids (by ""she"" i mean he, and by ""kids"" i mean consoles/pc lololol). i play genshin (since its the most accessible thing i can make do with rn) these days, but im looking to get back to playing monster hunter again next year. I love love love disco elysium (literally dont know what else can top it). but these days i would really just love to talk about random stuff with folks like how much romantic chemistry i would have with the concept of moss. how rousseau overlooked the implications of the obligations he set for the family framework as the basis of society. and why even milk cartons look like they ought to taste like milk. i still havent finished house md, but i love community, the good place, neds declassified school survival guide, mary shelley's frankenhole, and superstore. I work at night (iono depends where ur at) so i have a lot of downtime between tasks. my social life is almost gone considering i work from home. i shitpost a lot if thats anything but not on here. If i run out of things to say i might just send you memes with no context just to assure you of my presence until i can think of something to say/talk about. i have three cats, one of them keeps yelling at me like i owe him money. His bowl is filled to the brim with food, mind you! anyone know if its possible to enroll their cat to law school so they can make good with their yapping or something? im emotionally available to invest in my friendships, i love love love my friends however few i have and might get. its just hard to find folks who dont require me to go out and spend so much money just for the sake of hanging out ;-; chatting, calling, u name it im there :""DD",23F looking for genuine friendos,IntrovertsChat,https://reddit.com/r/IntrovertsChat/comments/1p35cj5/23f_looking_for_genuine_friendos/,2025-11-21T17:51:29,post,,t3_1p35cj5,,positive,0.9094561338424684,positive,0.9094561338424684,0.9984,positive,True
reddit_comment,school milk law,"**Welcome to IntrovertsChat!** This post has been automatically approved. Please remember to follow our [community rules]( and be respectful to others. **Join our Discord:** [Click here to join]( *I am a bot, and this action was performed automatically. Please [contact the moderators of this subreddit](/message/compose/?to=/r/IntrovertsChat) if you have any questions or concerns.*",,IntrovertsChat,https://reddit.com/r/IntrovertsChat/comments/1p35cj5/23f_looking_for_genuine_friendos/,2025-11-21T17:51:30,comment,https://reddit.com/r/IntrovertsChat/comments/1p35cj5/23f_looking_for_genuine_friendos/,t3_1p35cj5,nq23d0d,positive,0.7501818537712097,positive,0.7501818537712097,0.9245,positive,True
reddit_comment,school milk law,"22M I love disco Elysium too, reminds me when I worked at some shitty job and all I did was only disco elysium on their office pc lmao",,IntrovertsChat,https://reddit.com/r/IntrovertsChat/comments/1p35cj5/23f_looking_for_genuine_friendos/,2025-11-24T02:58:20,comment,https://reddit.com/r/IntrovertsChat/comments/1p35cj5/23f_looking_for_genuine_friendos/,t3_1p35cj5,nqgvx84,positive,0.7566214799880981,positive,0.7566214799880981,0.6705,positive,True
reddit_comment,school milk law,Let's DM and connect to explore different fantasies together,,IntrovertsChat,https://reddit.com/r/IntrovertsChat/comments/1p35cj5/23f_looking_for_genuine_friendos/,2025-11-21T17:58:57,comment,https://reddit.com/r/IntrovertsChat/comments/1p35cj5/23f_looking_for_genuine_friendos/,t3_1p35cj5,nq24wux,neutral,0.4903097748756408,neutral,0.4903097748756408,0.0,neutral,True
reddit_comment,school milk law,"Your post cracked me up fr 😂 I vibe with the night shift loneliness and chaotic cat energy. I’m in Gurgaon btw, and always down to make chill online friends who don’t need fancy hangouts to function. If you ever wanna talk games, random deep thoughts, or just trade memes at 3am, I’m around. No stress, no weird stuff just good chats 😄",,IntrovertsChat,https://reddit.com/r/IntrovertsChat/comments/1p35cj5/23f_looking_for_genuine_friendos/,2025-11-21T18:00:17,comment,https://reddit.com/r/IntrovertsChat/comments/1p35cj5/23f_looking_for_genuine_friendos/,t3_1p35cj5,nq256s7,positive,0.8732188940048218,positive,0.8732188940048218,0.9222,positive,True
reddit_comment,school milk law,27 M looking forward to talk with you.,,IntrovertsChat,https://reddit.com/r/IntrovertsChat/comments/1p35cj5/23f_looking_for_genuine_friendos/,2025-11-21T19:33:30,comment,https://reddit.com/r/IntrovertsChat/comments/1p35cj5/23f_looking_for_genuine_friendos/,t3_1p35cj5,nq2nzq5,positive,0.9509048461914062,positive,0.9509048461914062,0.0,neutral,False
reddit_comment,school milk law,Hi i have the sameee requirements as youu 20(m) from Bangladesh! We can talk,,IntrovertsChat,https://reddit.com/r/IntrovertsChat/comments/1p35cj5/23f_looking_for_genuine_friendos/,2025-11-21T20:21:41,comment,https://reddit.com/r/IntrovertsChat/comments/1p35cj5/23f_looking_for_genuine_friendos/,t3_1p35cj5,nq2x8de,positive,0.5150978565216064,positive,0.5150978565216064,0.0,neutral,False
reddit,school milk law,"Trump Calls on Congress to Enact ‘Great Healthcare Plan’ as Administration Advances School Nutrition Reform. The U.S. Congress to enact proposed plans for healthcare reform, which include lowering costs for medications and health insurance premium rates, establishing greater accountability by large insurance companies, and creating a more transparent pricing system for healthcare services. The Whole Milk for Healthy Kids Act of 2025, signed into law by President Trump, is a huge shift in federal school nutrition policy and is part of healthcare reform",Trump Calls on Congress to Enact ‘Great Healthcare Plan’ as Administration Advances School Nutrition Reform,EconomicsPerspective,https://reddit.com/r/EconomicsPerspective/comments/1qfbnmj/trump_calls_on_congress_to_enact_great_healthcare/,2026-01-17T12:10:40,post,,t3_1qfbnmj,,positive,0.711664617061615,positive,0.711664617061615,0.7717,positive,True
reddit,USDA school meals milk standards,"USDA updates rules for school meals that limit added sugars for the first time. The nation’s school meals will get a makeover under new nutrition standards that limit added sugars for the first time, the U.S. Department of Agriculture announced Wednesday. The final rule also trims sodium in kids’ meals, although not by the 30% first proposed in 2023. And it continues to allow flavored milks — such as chocolate milk — with less sugar, rather than adopting an option that would have offered only unflavored milk to the youngest kids. The limits on added sugars would be required in the 2025-2026 school year, starting with high-sugar foods such as cereal, yogurt and flavored milk. By the fall of 2027, added sugars in school meals would be limited to no more than 10% of the total calories per week for breakfasts and lunches, in addition to limites on sugar in specific products. Officials had proposed to reduce sodium in school meals by as much as 30% over the next several years. But after receiving mixed public comments and a directive from Congress included in the fiscal year 2024 appropriations bill approved in March, the agency will reduce sodium levels allowed in breakfasts by 10% and in lunches by 15% by the 2027-2028 school year",USDA updates rules for school meals that limit added sugars for the first time,JoeBiden,https://reddit.com/r/JoeBiden/comments/1cbzus3/usda_updates_rules_for_school_meals_that_limit/,2024-04-24T14:38:01,post,,t3_1cbzus3,,neutral,0.4418055415153503,neutral,0.4418055415153503,0.4767,positive,False
reddit_comment,USDA school meals milk standards,Sounds like Joe wants kids to be healthy! But think of the poor sugar company owners! The horror of it! Joe -- keep doing what you're doing and win in Romember!,,JoeBiden,https://reddit.com/r/JoeBiden/comments/1cbzus3/usda_updates_rules_for_school_meals_that_limit/,2024-04-24T16:21:14,comment,https://reddit.com/r/JoeBiden/comments/1cbzus3/usda_updates_rules_for_school_meals_that_limit/,t3_1cbzus3,l12c3dv,negative,0.2045445740222931,negative,0.2045445740222931,-0.5526,negative,True
reddit,USDA school meals milk standards,USDA under Biden announces updates to school meal nutrition standards... But schools still need to include some type of cow milk to get reimbursed,USDA under Biden announces updates to school meal nutrition standards... But schools still need to include some type of cow milk to get reimbursed,vegan,https://reddit.com/r/vegan/comments/skkgcd/usda_under_biden_announces_updates_to_school_meal/,2022-02-04T18:24:39,post,,t3_skkgcd,,neutral,0.0555093958973884,neutral,0.0555093958973884,0.0,neutral,True
reddit_comment,USDA school meals milk standards,"This is the biggest scam in the history of the US, convincing people they need to drink cow's milk to be healthy, when that couldn't be further from the truth. All I can say is, the more people realize how wrong this is and stop buying dairy products, the less funding the Dairy industry will have to legally bribe the government to not only allow, but encourage poisoning children at school.",,vegan,https://reddit.com/r/vegan/comments/skkgcd/usda_under_biden_announces_updates_to_school_meal/,2022-02-05T00:11:32,comment,https://reddit.com/r/vegan/comments/skkgcd/usda_under_biden_announces_updates_to_school_meal/,t3_skkgcd,hvmulfy,negative,0.0089701199904084,negative,0.0089701199904084,-0.4466,negative,True
reddit_comment,USDA school meals milk standards,"Is everyone in this sub still falling for the democrat republican theatre? They are both right-wing parties, neither of which is helpful to veganism nor any equality movements.",,vegan,https://reddit.com/r/vegan/comments/skkgcd/usda_under_biden_announces_updates_to_school_meal/,2022-02-05T04:37:54,comment,https://reddit.com/r/vegan/comments/skkgcd/usda_under_biden_announces_updates_to_school_meal/,t3_skkgcd,hvnsgel,negative,0.0078261420130729,negative,0.0078261420130729,0.5994,positive,False
reddit_comment,USDA school meals milk standards,"I remember in school, half the kids chose chocolate milk that had tons of sugar, while the other half simply threw the milk away in the trash. Almost nobody actually drank regular milk. There was no vegan milk option, and you couldn’t get food without grabbing one.",,vegan,https://reddit.com/r/vegan/comments/skkgcd/usda_under_biden_announces_updates_to_school_meal/,2022-05-11T20:08:07,comment,https://reddit.com/r/vegan/comments/skkgcd/usda_under_biden_announces_updates_to_school_meal/,t3_skkgcd,i888m73,negative,0.0127728022634983,negative,0.0127728022634983,-0.296,negative,True
reddit,USDA school meals milk standards,"Please contact the USDA-HHS to ask them to study the low carb and ketogenic diets by May 15th. We have been given a window, April 15- May 15, to submit comments to the USDA-HHS concerning the next dietary guidelines that will come out in 2025. Currently they are not even considering the benefits of a ketogenic diet, or even a low carb diet! It's disgraceful how they are ignoring the numerous benefits of limiting Carbohydrate intake, such as reversing type two diabetes, obesity, and more. Please send your comment to them before May 15th. If you don't have a personal story to share about reversing obesity or type two diabetes, you could at least just send them this link, an article published in Aug 2020 in the Journal of the American College of Cardiologists. It criticizes the advice to limit saturated fat intake. Thank you for your action. Late edit: I won't pretend I am not disappointed in the cynicism over supporting Nina Teicholz' work, and am really sorry that only a couple of people have said they will actually take action. I for one greatly admire Nina's efforts, and the energy she is putting into this, despite all odds. I also admire her book, Big Fat Surprise, and have heard her lecture many times at low carb conferences. **Of course** we are not doing this for ourselves! All of us here have found keto, and can laugh contemptuously at the Dietary Guidelines. But that's not the point. Most certainly we are doing this for people who have no voice. Those of us who can afford to eat meat or fish every day need no assistance from any Dietary Guidelines, whether sensible or ridiculous. However, people who live in poverty and are dependent on food aid from the government, and free school lunches, have no choice but to accept what they are given. Typically the food is high in grains, and low in fat. Children are given low-fat chocolate milk instead of whole milk! And it's full of sugar, devoid of much fat. This is iniquitous. These kids will grow up with high blood sugar and Metabolic Syndrome. In the last 20 years, prediabetes in kids aged 12-19 has gone from",Please contact the USDA-HHS to ask them to study the low carb and ketogenic diets by May 15th,keto,https://reddit.com/r/keto/comments/ue1cgb/please_contact_the_usdahhs_to_ask_them_to_study/,2022-04-28T18:11:04,post,,t3_ue1cgb,,neutral,0.0495185889303684,neutral,0.0495185889303684,0.6233,positive,False
reddit_comment,USDA school meals milk standards,The same government agencies that approved High Fructose Corn Syrup to be added to practically ever food and drink item in America? ( It’s use is not allowed in other countries). No thanks!,,keto,https://reddit.com/r/keto/comments/ue1cgb/please_contact_the_usdahhs_to_ask_them_to_study/,2022-04-28T23:28:09,comment,https://reddit.com/r/keto/comments/ue1cgb/please_contact_the_usdahhs_to_ask_them_to_study/,t3_ue1cgb,i6ljslz,negative,0.0202944744378328,negative,0.0202944744378328,0.1744,positive,False
reddit_comment,USDA school meals milk standards,I think this will be ineffective because the bottom line is money-always has been. Sugar-corn soy-that's what makes and sells cheap ingestibles.,,keto,https://reddit.com/r/keto/comments/ue1cgb/please_contact_the_usdahhs_to_ask_them_to_study/,2022-04-28T19:43:03,comment,https://reddit.com/r/keto/comments/ue1cgb/please_contact_the_usdahhs_to_ask_them_to_study/,t3_ue1cgb,i6knr8r,negative,0.0119075831025838,negative,0.0119075831025838,-0.128,negative,True
reddit_comment,USDA school meals milk standards,"Sure they'll study it, and *conclusively prove* that eating this way will give you cancer and make your dick fall off",,keto,https://reddit.com/r/keto/comments/ue1cgb/please_contact_the_usdahhs_to_ask_them_to_study/,2022-04-28T18:50:55,comment,https://reddit.com/r/keto/comments/ue1cgb/please_contact_the_usdahhs_to_ask_them_to_study/,t3_ue1cgb,i6kfu1u,negative,0.0179436169564723,negative,0.0179436169564723,-0.7506,negative,True
reddit_comment,USDA school meals milk standards,"So negative in these comments. I left a comment on the regs page. Would love more studies of low carb diets. Hopefully they pick a study design that measures true keto, low carb, and a more SAD comparatively.",,keto,https://reddit.com/r/keto/comments/ue1cgb/please_contact_the_usdahhs_to_ask_them_to_study/,2022-04-29T03:07:08,comment,https://reddit.com/r/keto/comments/ue1cgb/please_contact_the_usdahhs_to_ask_them_to_study/,t3_ue1cgb,i6md0li,negative,0.0301234740763902,negative,0.0301234740763902,-0.4372,negative,True
reddit_comment,USDA school meals milk standards,"I get the scepticism, but it seems to me like trying is better than giving up. We have seen some progress recently, albeit very little. I don't see it as a need to have my choices validated, the results I've experienced are my validation, but people do pay attention and it can affect doctor's recommendations. I dunno, maybe I'm wrong or overly optimistic, just one man's opinion.",,keto,https://reddit.com/r/keto/comments/ue1cgb/please_contact_the_usdahhs_to_ask_them_to_study/,2022-04-28T20:28:45,comment,https://reddit.com/r/keto/comments/ue1cgb/please_contact_the_usdahhs_to_ask_them_to_study/,t3_ue1cgb,i6kuvhx,neutral,0.2872048020362854,neutral,0.2872048020362854,0.9253,positive,False
reddit_comment,USDA school meals milk standards,Having the government involved in anything keto sounds like a good idea because they’ve been on-point with everything else nutrition related so far.,,keto,https://reddit.com/r/keto/comments/ue1cgb/please_contact_the_usdahhs_to_ask_them_to_study/,2022-04-28T18:16:39,comment,https://reddit.com/r/keto/comments/ue1cgb/please_contact_the_usdahhs_to_ask_them_to_study/,t3_ue1cgb,i6kaqns,positive,0.6186835765838623,positive,0.6186835765838623,0.6597,positive,True
reddit_comment,USDA school meals milk standards,"Done. I support this action. I pay my fucking taxes, too. At the bottom of the form, you do have to put a name, but no other identifying info unless you choose. You also state whether you're an individual, an organization or anonymous. Easy peasy. I like to preach keto wherever it's possible, even if it's just some government clerk reading through it. You never know. And if enough *individuals* get on board with the comments, it'll make clear that we're a collective, too. As of 4/29/22, the comments will close in 17 days. Take 5 minutes and perform a civic action! Thanks for posting this.",,keto,https://reddit.com/r/keto/comments/ue1cgb/please_contact_the_usdahhs_to_ask_them_to_study/,2022-04-29T08:50:29,comment,https://reddit.com/r/keto/comments/ue1cgb/please_contact_the_usdahhs_to_ask_them_to_study/,t3_ue1cgb,i6n6sp8,neutral,0.0967761129140853,neutral,0.0967761129140853,0.9259,positive,False
reddit_comment,USDA school meals milk standards,I will do this tomorrow when I’m in front of a computer. I would really like to see some acknowledgment of keto’s benefits from the government — even if it’s only limited to T2 Diabetes and some autoimmune diseases.,,keto,https://reddit.com/r/keto/comments/ue1cgb/please_contact_the_usdahhs_to_ask_them_to_study/,2022-04-28T18:30:33,comment,https://reddit.com/r/keto/comments/ue1cgb/please_contact_the_usdahhs_to_ask_them_to_study/,t3_ue1cgb,i6kct6m,positive,0.711044430732727,positive,0.711044430732727,0.5413,positive,True
reddit,USDA school meals milk standards,"I Have Officially Cracked the Prairie Farms Cookies and Cream Case. I decided to contact Prairie Farms directly and to get the scoop (see the following photo for full scope of inquiry). [Original inquiry to Prairie Farms]( Prairie Farms got back to me and provided the following response: &gt;Hi \[No-Pangolin-7571\]– first, thank you for being a big fan of our farmer-owned cooperative. We really appreciate your support! &gt; &gt;As far as cookies &amp; cream milk, I tracked down some information for you. &gt; &gt;Cookies &amp; Cream 1% Milk first became available in the fall of 2007. In the St. Louis metro area, we partnered with the St. Louis Rams and the 3-A-Day™ of Dairy program to produce a limited-edition milk flavor/carton – Rams Rush Milk. The agreement ended with the conclusion of school in May 2008. &gt; &gt;In the fall of 2008, we introduced Prairie Farms Cookies &amp; Cream 1% Milk, and the flavor remained in our school lineup until 2011. In 2012, the USDA implemented new standards for school meals, and we could no longer offer 1% flavored milk, but instead were required to offer only fat-free flavored milk. We reformulated cookies &amp; cream milk to meet the required standard for fat-free; unfortunately, students didn’t accept the fat-free version, and it was discontinued in 2013. &gt; &gt;In 2018, USDA's standards for school meals eased, and 1% flavored milk once again became an option. Our current school milk lineup includes 1% Chocolate and 1% Strawberry. At this time, we don't plan to reintroduce Cookies &amp; Cream milk, but will certainly keep your comments in mind. Likewise, they provided the following images of the cartons offered within the greater St. Louis region. [Prairie Farms Cookies and Cream varieties located within the Greater St. Louis area]( Personally, I only remember the ""Rams Rush"" carton, which is why, in [my original post on the topic]( I remembered the colors to be ""blue and/or gray/silver."" I think I was remembering the St. Louis Rams (RIP) branding. I don't remember ever seeing the other colors",I Have Officially Cracked the Prairie Farms Cookies and Cream Case,findcookiesncream,https://reddit.com/r/findcookiesncream/comments/1b95ii3/i_have_officially_cracked_the_prairie_farms/,2024-03-07T21:10:53,post,,t3_1b95ii3,,neutral,0.1045874878764152,neutral,0.1045874878764152,0.9711,positive,False
reddit_comment,USDA school meals milk standards,"I personally do not remember the original Ram’s Rush branding, probably because I grew up in Indiana and not St. Louis, but I fondly remember the other two carton designs. I never thought I’d see that gold waffle pattern again. Amazing job OP🫡",,findcookiesncream,https://reddit.com/r/findcookiesncream/comments/1b95ii3/i_have_officially_cracked_the_prairie_farms/,2024-03-09T21:51:12,comment,https://reddit.com/r/findcookiesncream/comments/1b95ii3/i_have_officially_cracked_the_prairie_farms/,t3_1b95ii3,ku4svw9,positive,0.7597322463989258,positive,0.7597322463989258,0.8614,positive,True
reddit,USDA school meals milk standards,"Milk carton shortage hits school lunchrooms in California, New York and other states, USDA says","Milk carton shortage hits school lunchrooms in California, New York and other states, USDA says",news,https://reddit.com/r/news/comments/17oc4vl/milk_carton_shortage_hits_school_lunchrooms_in/,2023-11-05T13:38:33,post,,t3_17oc4vl,,neutral,0.0290493480861186,neutral,0.0290493480861186,-0.25,negative,False
reddit_comment,USDA school meals milk standards,Let’s sole source our carton production from one plant. WTF. Corporations need competition.,,news,https://reddit.com/r/news/comments/17oc4vl/milk_carton_shortage_hits_school_lunchrooms_in/,2023-11-05T14:48:22,comment,https://reddit.com/r/news/comments/17oc4vl/milk_carton_shortage_hits_school_lunchrooms_in/,t3_17oc4vl,k7xkozb,negative,0.0277935806661844,negative,0.0277935806661844,-0.6739,negative,True
reddit_comment,USDA school meals milk standards,"California has so many students drinking milk, it could setup its own milk carton plant and run it as a non-profit and be perfectly solvent.",,news,https://reddit.com/r/news/comments/17oc4vl/milk_carton_shortage_hits_school_lunchrooms_in/,2023-11-05T15:55:19,comment,https://reddit.com/r/news/comments/17oc4vl/milk_carton_shortage_hits_school_lunchrooms_in/,t3_17oc4vl,k7xv5qi,neutral,0.3051061928272247,neutral,0.3051061928272247,0.6369,positive,False
reddit_comment,USDA school meals milk standards,Somehow five people made comments so controversial as to them being removed What the fuck could you be so heated about over milk,,news,https://reddit.com/r/news/comments/17oc4vl/milk_carton_shortage_hits_school_lunchrooms_in/,2023-11-05T14:28:19,comment,https://reddit.com/r/news/comments/17oc4vl/milk_carton_shortage_hits_school_lunchrooms_in/,t3_17oc4vl,k7xhow4,negative,0.0040516499429941,negative,0.0040516499429941,-0.7065,negative,True
reddit_comment,USDA school meals milk standards,This story did everything except explain why there is suddenly a shortage.,,news,https://reddit.com/r/news/comments/17oc4vl/milk_carton_shortage_hits_school_lunchrooms_in/,2023-11-05T17:54:35,comment,https://reddit.com/r/news/comments/17oc4vl/milk_carton_shortage_hits_school_lunchrooms_in/,t3_17oc4vl,k7yeusf,negative,0.0079316236078739,negative,0.0079316236078739,-0.25,negative,True
reddit_comment,USDA school meals milk standards,Kids will now have pictures of missing milk cartons on their shirts.,,news,https://reddit.com/r/news/comments/17oc4vl/milk_carton_shortage_hits_school_lunchrooms_in/,2023-11-05T13:57:58,comment,https://reddit.com/r/news/comments/17oc4vl/milk_carton_shortage_hits_school_lunchrooms_in/,t3_17oc4vl,k7xdd11,negative,0.0119672762230038,negative,0.0119672762230038,-0.296,negative,True
reddit_comment,USDA school meals milk standards,Time to go back to the bag milks.,,news,https://reddit.com/r/news/comments/17oc4vl/milk_carton_shortage_hits_school_lunchrooms_in/,2023-11-05T14:19:29,comment,https://reddit.com/r/news/comments/17oc4vl/milk_carton_shortage_hits_school_lunchrooms_in/,t3_17oc4vl,k7xgei5,neutral,0.1240023747086525,neutral,0.1240023747086525,0.0,neutral,True
reddit_comment,USDA school meals milk standards,I bet this is why I haven't been able to get my pint cartons of half and half for weeks now at the grocery store. Wow. Now it makes sense.,,news,https://reddit.com/r/news/comments/17oc4vl/milk_carton_shortage_hits_school_lunchrooms_in/,2023-11-05T14:41:51,comment,https://reddit.com/r/news/comments/17oc4vl/milk_carton_shortage_hits_school_lunchrooms_in/,t3_17oc4vl,k7xjppy,neutral,0.2082199901342392,neutral,0.2082199901342392,0.5859,positive,False
reddit_comment,USDA school meals milk standards,I was doing a service project for a public school a few years ago. I was shocked to see how many sealed cartons and untouched fruit ended up in the dumpster.,,news,https://reddit.com/r/news/comments/17oc4vl/milk_carton_shortage_hits_school_lunchrooms_in/,2023-11-05T15:10:05,comment,https://reddit.com/r/news/comments/17oc4vl/milk_carton_shortage_hits_school_lunchrooms_in/,t3_17oc4vl,k7xo0cr,negative,0.0130442390218377,negative,0.0130442390218377,-0.4404,negative,True
reddit_comment,USDA school meals milk standards,"first of all, there aren't that many carton manufacturers - this is not a profitable business and often, the real purpose of the business is to get rid of board stock that isn't quite up to standards for other clients second, the company in question, pactiv evergreen, has five or six plants, some of which specialize in other kinds of cartons like half gallons or 59 oz juice containers - one of the plants is pretty much the main maker of the 8 oz cartons that go to school lunch programs, although they all do it to some degree third, the 8 oz carton plant has been struggling for years with old presses, old sealers and new operators who basically just want to press the start button and forget about it - except that you can't do that with a printing press or a sealer - the turnover is very high at this place in spite of efforts to increase wages and give bonuses to those who stay - the problem is that overtime can suck up your life at times - you never know if you're going to end up leaving after 8 hrs or 12 - (or get called in early - or once in a great while, both) - saturdays and even sundays are common - instead of running presses at the 250-300k per shift per printing stream, they've been running at 100k or worse also, the corporate culture at this one plant is downright toxic, mostly because of the rank and file and because of a somewhat corrupt union that represents some of the workers so people leave because it's not good there and one can get a better job or at least an easier one fourth, the plants are pretty much at the mercy of the customers, who don't always have their reckoning right on how many cartons they need and find themselves in a jam and will do last minute panic orders that HAVE to be filled add to this shortages of paper and other materials and constant problems with quality because of a lack of diligence (which means having to run the orders again, sometimes after they've been shipped back) and it's a never ending struggle to keep customers supp",,news,https://reddit.com/r/news/comments/17oc4vl/milk_carton_shortage_hits_school_lunchrooms_in/,2023-11-05T23:42:08,comment,https://reddit.com/r/news/comments/17oc4vl/milk_carton_shortage_hits_school_lunchrooms_in/,t3_17oc4vl,k80028m,negative,0.0214230623096227,negative,0.0214230623096227,-0.197,negative,True
reddit,USDA school meals milk standards,"What exactly are they feeding our kids?. Recently, a nonprofit organization sponsored a campaign to end childhood obesity by putting up billboards that depicted the exposed abdomens of overweight children with the phrases “Marion We Have a Problem…” and “1 in 3 of Our Fifth Graders are Obese” (don’t mind the grammatical errors, I try to ignore them). So, I started looking into this nonprofit, and I found that one of the programs that they support (I’m not sure if they sponsor it, but they do have info about it on their website) is the USDA Summer Food Service Program that takes place in school yards and community spaces in town during the summer months. Before I launch into this, let me say that I believe this is a much needed program, because kids need a way to get lunch during the summer — a meal they may not get otherwise. However, when I saw what they were serving one day, I started to think, “You know, school and summer lunch program foods may be part of the obesity issue” — a point that has been well established in the past, even garnering attention from First Lady Michelle Obama. While I know that part of the responsibility falls on parents, we cannot blame them 100% for their children’s eating habits if their kids are eating things like this at school. Oh, I guess I should tell you what the meal was, huh? It was a hamburger, Fritos, a pickle spear, a fruit juice slushie, and a choice of regular or chocolate milk. When I saw this lunch, I thought to myself, “How can this organization be supporting this program, when it is obviously perpetuating a culture of junk food for our kids?” So, I wrote to the organization: ""I was just wondering if your organization has something in the works to better the food offered through the Summer Food Service Program. Today, the kids were served hamburgers, pickles, Fritos, and slushies. If this is what we are touting as a “healthy” meal, I think we are setting the kids up to fail before we even start. I mean, if your organization wants to fight childhood obesity, may",What exactly are they feeding our kids?,HealthyFood,https://reddit.com/r/HealthyFood/comments/3btecd/what_exactly_are_they_feeding_our_kids/,2015-07-02T00:11:54,post,,t3_3btecd,,neutral,0.032017283141613,neutral,0.032017283141613,0.6385,positive,False
reddit_comment,USDA school meals milk standards,"Your reply to them is so brutal. Because you, of course, are right. You really put one heck of an ugly mirror in front of these people. It was so well argued. However, you really think they can do something about it? It's quite the uphill battle.",,HealthyFood,https://reddit.com/r/HealthyFood/comments/3btecd/what_exactly_are_they_feeding_our_kids/,2015-07-02T03:22:43,comment,https://reddit.com/r/HealthyFood/comments/3btecd/what_exactly_are_they_feeding_our_kids/,t3_3btecd,csphknr,negative,0.0070695760659873,negative,0.0070695760659873,-0.9089,negative,True
reddit_comment,USDA school meals milk standards,I don't know how to vocalise what I want to say in an intelligent way but I think it's stupid to think that kids don't like healthy food. Kids like the food they are used to and that is cooked well. Not necessarily junk. Kids didn't only start eating when junk food was invented,,HealthyFood,https://reddit.com/r/HealthyFood/comments/3btecd/what_exactly_are_they_feeding_our_kids/,2015-07-02T11:34:17,comment,https://reddit.com/r/HealthyFood/comments/3btecd/what_exactly_are_they_feeding_our_kids/,t3_3btecd,cspr0iz,negative,0.030386658385396,negative,0.030386658385396,-0.477,negative,True
reddit_comment,USDA school meals milk standards,"I agree with you 100%. Especially your ""food culture"" point. We're not giving kids enough credit. They follow our cues.",,HealthyFood,https://reddit.com/r/HealthyFood/comments/3btecd/what_exactly_are_they_feeding_our_kids/,2015-07-02T02:49:16,comment,https://reddit.com/r/HealthyFood/comments/3btecd/what_exactly_are_they_feeding_our_kids/,t3_3btecd,cspgke0,positive,0.4302926659584045,positive,0.4302926659584045,0.4703,positive,True
reddit_comment,USDA school meals milk standards,"Very much agreed, and it's not just summer lunches. Here's a good Ted Talk on the matter.",,HealthyFood,https://reddit.com/r/HealthyFood/comments/3btecd/what_exactly_are_they_feeding_our_kids/,2015-07-02T04:59:09,comment,https://reddit.com/r/HealthyFood/comments/3btecd/what_exactly_are_they_feeding_our_kids/,t3_3btecd,cspk7wc,positive,0.7943847179412842,positive,0.7943847179412842,0.6573,positive,True
reddit_comment,USDA school meals milk standards,"Thanks to Ronald Reagan ketchup is considered a vegetable as far as school lunches are concerned! Unless that has since been changed. I used to volunteer with the summer lunch program here (when it was at the local YMCA) and the food was catered by a local grocery store. We had real fruit (although usually canned), real vegetables (again mostly canned or frozen, unless we had baby carrots or salad), a protein and a grain for every meal (I think). Milk was also served. The meals I helped with were quite nutritionally sound. But, I think the head of the program tried to follow the same rules as during the school year (she is the head of the food program for the schools). The one thing that was surprising was that the protein serving was the smaller size (for younger kids) for everyone, and not the larger size for older kids. At first, we were giving out too much of the main dish, and not having enough food. We thought we were being shorted by our food provider, but instead we realized that we were serving too much food, and had to cut back our serving sizes. I haven't helped with the program for a few years, and it is now based out of one of the school cafeterias. They serve both breakfast and lunch. But, I am sure the food is just as nutritionally sound as when I helped. Were the meals perfect? No. But, a pickle would not count as a vegetable, and a slushie (even if 100% juice) would not count as a fruit. Sometimes there were cookies and/or fudge bars or something for dessert. Then, one of the volunteers had to be the ""dessert police"" and make sure that each child took only one desert! But, yes it is sad what schools can get away with as far as providing nutritional meals. I know there was a show on T.V. for a while where Gordon Ramsey (I think, maybe it was another British chef) took over an american school cafeteria to make healthy foods and get kids to eat them. One episode he made some sort of pasta dish that was loaded with veggies. The head cook told him that h",,HealthyFood,https://reddit.com/r/HealthyFood/comments/3btecd/what_exactly_are_they_feeding_our_kids/,2015-07-02T01:42:08,comment,https://reddit.com/r/HealthyFood/comments/3btecd/what_exactly_are_they_feeding_our_kids/,t3_3btecd,cspeh52,neutral,0.2357518672943115,neutral,0.2357518672943115,0.9614,positive,False
reddit_comment,USDA school meals milk standards,"I think you were dead on. These points that they have made and the points that you have made are the difference between what lies in the interests of the corporations and what lies in the interest of the people. Why not a damn veggie patty? Why not carrot sticks or apple slices or peas or pears or mandarin oranges in juice or any number of other possibilities? Why not meatloaf with lean beef and ground chicken or turkey? Preperation is a challenge that perhaps they need a bit of help with, but hungry kids will eat.",,HealthyFood,https://reddit.com/r/HealthyFood/comments/3btecd/what_exactly_are_they_feeding_our_kids/,2015-07-02T03:55:29,comment,https://reddit.com/r/HealthyFood/comments/3btecd/what_exactly_are_they_feeding_our_kids/,t3_3btecd,cspiimj,neutral,0.0888939127326011,neutral,0.0888939127326011,-0.1806,negative,False
reddit_comment,USDA school meals milk standards,I think most parents should just pack lunch for the kids. Sandwich and wraps are not the healthiest but still better than school offered lunches.,,HealthyFood,https://reddit.com/r/HealthyFood/comments/3btecd/what_exactly_are_they_feeding_our_kids/,2015-07-02T09:27:54,comment,https://reddit.com/r/HealthyFood/comments/3btecd/what_exactly_are_they_feeding_our_kids/,t3_3btecd,cspp5o8,neutral,0.167015865445137,neutral,0.167015865445137,0.5927,positive,False
reddit_comment,USDA school meals milk standards,"my husband is a cook and worked for a year in a kosher kitchen for a jewish private school where they were only served healthy, home-made food he prepared that day. he served them vegetables, fruits, whole grains, kosher meats and cheeses, sourced locally if he could manage it, on a regular basis, and guess what? the kids ate it. every kid from kindergarten up to eighth grade... because that was what they were used to. they didn't get garbage food at home, and they didn't get garbage food at school. he was able to convince the school managers that they did not need to rely on pre-made, frozen, processed food to get the food out on time, or eaten. according to him it can actually be cheaper for the kitchen/caf to make healthy things on site (buying veggies in bulk, making things by hand instead of buying them premade, etc). it just takes more time and more work. which is something i don't think public schools are willing to put time into, or pay more workers to do the job right, unfortunately.",,HealthyFood,https://reddit.com/r/HealthyFood/comments/3btecd/what_exactly_are_they_feeding_our_kids/,2015-07-02T15:58:25,comment,https://reddit.com/r/HealthyFood/comments/3btecd/what_exactly_are_they_feeding_our_kids/,t3_3btecd,cspyqr5,neutral,0.2368048727512359,neutral,0.2368048727512359,0.8271,positive,False
reddit_comment,USDA school meals milk standards,"I agree with all your points completely. Mainly that we shouldn't be hiding nutrition from kids. It scares me how little I know about nutrition, and it scares me even more that many of my friends laugh at nutrition and say it's not important. Things have to change. You definitely handled this situation better than I could! This is really and I'd love to know what reply you get to that.",,HealthyFood,https://reddit.com/r/HealthyFood/comments/3btecd/what_exactly_are_they_feeding_our_kids/,2015-07-02T19:34:33,comment,https://reddit.com/r/HealthyFood/comments/3btecd/what_exactly_are_they_feeding_our_kids/,t3_3btecd,csq779v,negative,0.2164802849292755,negative,0.2164802849292755,0.9437,positive,False
reddit_comment,USDA school meals milk standards,"I completely agree. I'm a middle school teacher and I'm disappointed with the food that is offered to my students. Personally, I won't even eat school food. All of the meat is processed. Although they have tried to make healthy changes, like providing actual fruit on some days, they still offer canned fruit in sugary syrups on other days. So many of the students at my school are overweight. Because a majority of them live in poverty, they eat a lot of fast food at home. I worry because I know many of their parents don't make efforts to teach them about eating healthy. I try to influence my students to make healthy choices by being vocal about the choices I make when eating. Unfortunately, even though they may know which foods they should eat, they can't always have them because those foods are not made available to them. You should check out this article : These are school lunches from other countries.",,HealthyFood,https://reddit.com/r/HealthyFood/comments/3btecd/what_exactly_are_they_feeding_our_kids/,2015-07-24T14:54:46,comment,https://reddit.com/r/HealthyFood/comments/3btecd/what_exactly_are_they_feeding_our_kids/,t3_3btecd,ctem5af,negative,0.0090556489303708,negative,0.0090556489303708,-0.204,negative,True
reddit,USDA school meals milk standards,USDA Considering Chocolate Milk Ban in School Cafeterias to Combat Childhood Obesity,USDA Considering Chocolate Milk Ban in School Cafeterias to Combat Childhood Obesity,Conservative,https://reddit.com/r/Conservative/comments/13jyc20/usda_considering_chocolate_milk_ban_in_school/,2023-05-17T10:55:25,post,,t3_13jyc20,,neutral,0.0426206775009632,neutral,0.0426206775009632,-0.7184,negative,False
reddit_comment,USDA school meals milk standards,Maybe start with the 20 oz soda vending machines in middle and high schools.,,Conservative,https://reddit.com/r/Conservative/comments/13jyc20/usda_considering_chocolate_milk_ban_in_school/,2023-05-17T11:52:31,comment,https://reddit.com/r/Conservative/comments/13jyc20/usda_considering_chocolate_milk_ban_in_school/,t3_13jyc20,jkhlblq,neutral,0.0793892219662666,neutral,0.0793892219662666,0.0,neutral,True
reddit_comment,USDA school meals milk standards,"Yeah because chocolate milk is to blame, when I’d literally watch most of the kids during lunch fill half their tray with ranch dressing. Not to mention the fact they had those little stores ran by students, next to the cafeteria that sold nothing but name brand candy, energy drinks, cup of noodles. Etc.",,Conservative,https://reddit.com/r/Conservative/comments/13jyc20/usda_considering_chocolate_milk_ban_in_school/,2023-05-17T13:11:10,comment,https://reddit.com/r/Conservative/comments/13jyc20/usda_considering_chocolate_milk_ban_in_school/,t3_13jyc20,jkhukr7,negative,0.0167725402861833,negative,0.0167725402861833,0.3716,positive,False
reddit_comment,USDA school meals milk standards,"It's the carbs &amp; processed foods. Protein, leafy greens, whole wheat, veggies, and some dairy.",,Conservative,https://reddit.com/r/Conservative/comments/13jyc20/usda_considering_chocolate_milk_ban_in_school/,2023-05-17T12:26:05,comment,https://reddit.com/r/Conservative/comments/13jyc20/usda_considering_chocolate_milk_ban_in_school/,t3_13jyc20,jkhp0tm,negative,0.0369486548006534,negative,0.0369486548006534,0.0,neutral,False
reddit_comment,USDA school meals milk standards,Maybe the USDA should consider promoting exercise and healthy eating. Drinking a chocolate milk will not cause obesity.,,Conservative,https://reddit.com/r/Conservative/comments/13jyc20/usda_considering_chocolate_milk_ban_in_school/,2023-05-17T11:14:58,comment,https://reddit.com/r/Conservative/comments/13jyc20/usda_considering_chocolate_milk_ban_in_school/,t3_13jyc20,jkhhk53,neutral,0.2193459868431091,neutral,0.2193459868431091,0.6369,positive,False
reddit_comment,USDA school meals milk standards,"okay. perhaps start with the weird white bread, the tater tots, and the conspicuous soda machines(?) nah...",,Conservative,https://reddit.com/r/Conservative/comments/13jyc20/usda_considering_chocolate_milk_ban_in_school/,2023-05-17T13:13:52,comment,https://reddit.com/r/Conservative/comments/13jyc20/usda_considering_chocolate_milk_ban_in_school/,t3_13jyc20,jkhuxb3,negative,0.0182074382901191,negative,0.0182074382901191,-0.0516,negative,True
reddit_comment,USDA school meals milk standards,"On the list of things contributing to childhood obesity, I'm sure chocolate milk is nowhere near the top.",,Conservative,https://reddit.com/r/Conservative/comments/13jyc20/usda_considering_chocolate_milk_ban_in_school/,2023-05-17T12:28:37,comment,https://reddit.com/r/Conservative/comments/13jyc20/usda_considering_chocolate_milk_ban_in_school/,t3_13jyc20,jkhpbdy,negative,0.0329701527953147,negative,0.0329701527953147,0.1798,positive,False
reddit_comment,USDA school meals milk standards,The people in charge of school lunches should have to eat what's served to students. Every single work day.,,Conservative,https://reddit.com/r/Conservative/comments/13jyc20/usda_considering_chocolate_milk_ban_in_school/,2023-05-17T14:25:15,comment,https://reddit.com/r/Conservative/comments/13jyc20/usda_considering_chocolate_milk_ban_in_school/,t3_13jyc20,jki4w57,neutral,0.0570845082402229,neutral,0.0570845082402229,0.0,neutral,True
reddit_comment,USDA school meals milk standards,I remember they didn't even offer water bottles in school or if they did they cost extra. Anyways they need to close the gym to house illegal immigrants so there's that. Edit: Got curious and did some googling and best case it might cut 50 calories compared to regular milk depending on brand and type my guess is its closer to 30 calories. Just take a little more flavor out of their miserable existence why don't you that and continuing to neglect gym class will do wonders for children's mental health.,,Conservative,https://reddit.com/r/Conservative/comments/13jyc20/usda_considering_chocolate_milk_ban_in_school/,2023-05-17T12:54:24,comment,https://reddit.com/r/Conservative/comments/13jyc20/usda_considering_chocolate_milk_ban_in_school/,t3_13jyc20,jkhsg56,negative,0.0176040418446064,negative,0.0176040418446064,-0.6597,negative,True
reddit_comment,USDA school meals milk standards,"Depending on the nutritional content of the brand, I don't think this is controversial. Most packaged food, even ""healthy"" food, gets loaded with sugar and/or corn syrup these days. Developing healthier eating habits at a young age is a crucial step in reducing obesity. And I wouldn't want my local tax dollars contributing to making kids fat.",,Conservative,https://reddit.com/r/Conservative/comments/13jyc20/usda_considering_chocolate_milk_ban_in_school/,2023-05-17T12:14:28,comment,https://reddit.com/r/Conservative/comments/13jyc20/usda_considering_chocolate_milk_ban_in_school/,t3_13jyc20,jkhnpem,negative,0.0325737409293651,negative,0.0325737409293651,0.1724,positive,False
reddit_comment,USDA school meals milk standards,It's unbelievable to me that someone thinks this is something the federal government needs to regulate.,,Conservative,https://reddit.com/r/Conservative/comments/13jyc20/usda_considering_chocolate_milk_ban_in_school/,2023-05-17T14:40:12,comment,https://reddit.com/r/Conservative/comments/13jyc20/usda_considering_chocolate_milk_ban_in_school/,t3_13jyc20,jki73e5,negative,0.0079428330063819,negative,0.0079428330063819,0.2023,positive,False
reddit,USDA school meals milk standards,“I like getting free milk with my school meals” said the 1980s British child.. “Hey” said Margaret Thatcher,“I like getting free milk with my school meals” said the 1980s British child.,2sentence2horror,https://reddit.com/r/2sentence2horror/comments/187o8t8/i_like_getting_free_milk_with_my_school_meals/,2023-11-30T17:38:54,post,,t3_187o8t8,,neutral,0.3284743428230285,neutral,0.3284743428230285,0.7003,positive,False
reddit_comment,USDA school meals milk standards,Now the only milk served in school is milk from.... .... Margaret Thatcher.,,2sentence2horror,https://reddit.com/r/2sentence2horror/comments/187o8t8/i_like_getting_free_milk_with_my_school_meals/,2023-11-30T19:54:44,comment,https://reddit.com/r/2sentence2horror/comments/187o8t8/i_like_getting_free_milk_with_my_school_meals/,t3_187o8t8,kbg466g,negative,0.0273464731872081,negative,0.0273464731872081,0.0,neutral,False
reddit_comment,USDA school meals milk standards,Margaret Thatcher is the creature confirmed????,,2sentence2horror,https://reddit.com/r/2sentence2horror/comments/187o8t8/i_like_getting_free_milk_with_my_school_meals/,2023-11-30T20:36:29,comment,https://reddit.com/r/2sentence2horror/comments/187o8t8/i_like_getting_free_milk_with_my_school_meals/,t3_187o8t8,kbgb1wc,neutral,0.0269347745925188,neutral,0.0269347745925188,0.0,neutral,True
reddit_comment,USDA school meals milk standards,“Hey” said Vegan guy with his almond milk pistol,,2sentence2horror,https://reddit.com/r/2sentence2horror/comments/187o8t8/i_like_getting_free_milk_with_my_school_meals/,2023-11-30T18:37:47,comment,https://reddit.com/r/2sentence2horror/comments/187o8t8/i_like_getting_free_milk_with_my_school_meals/,t3_187o8t8,kbfreu0,neutral,0.2505707740783691,neutral,0.2505707740783691,0.0,neutral,True
reddit_comment,USDA school meals milk standards,"“I like getting free milk with my school meals,” said the 1980s British child. ""I like milk from... ...the creature.""",,2sentence2horror,https://reddit.com/r/2sentence2horror/comments/187o8t8/i_like_getting_free_milk_with_my_school_meals/,2023-11-30T19:00:12,comment,https://reddit.com/r/2sentence2horror/comments/187o8t8/i_like_getting_free_milk_with_my_school_meals/,t3_187o8t8,kbfv503,positive,0.6342238783836365,positive,0.6342238783836365,0.8074,positive,True
reddit_comment,USDA school meals milk standards,Maggie thatcher the milk snatcher gal 🪱🪱🪱🪱,,2sentence2horror,https://reddit.com/r/2sentence2horror/comments/187o8t8/i_like_getting_free_milk_with_my_school_meals/,2023-11-30T22:35:04,comment,https://reddit.com/r/2sentence2horror/comments/187o8t8/i_like_getting_free_milk_with_my_school_meals/,t3_187o8t8,kbgu4zu,neutral,0.0681872069835662,neutral,0.0681872069835662,0.0,neutral,True
reddit_comment,USDA school meals milk standards,Can someone explain this please,,2sentence2horror,https://reddit.com/r/2sentence2horror/comments/187o8t8/i_like_getting_free_milk_with_my_school_meals/,2023-12-01T02:36:43,comment,https://reddit.com/r/2sentence2horror/comments/187o8t8/i_like_getting_free_milk_with_my_school_meals/,t3_187o8t8,kbhtg4y,neutral,0.0498873554170131,neutral,0.0498873554170131,0.3869,positive,False
reddit_comment,USDA school meals milk standards,Not knowing the milk thing is actually from Thatcher's 1970-74 term as education secretary guy 🪱,,2sentence2horror,https://reddit.com/r/2sentence2horror/comments/187o8t8/i_like_getting_free_milk_with_my_school_meals/,2023-12-01T05:12:04,comment,https://reddit.com/r/2sentence2horror/comments/187o8t8/i_like_getting_free_milk_with_my_school_meals/,t3_187o8t8,kbiedca,negative,0.0181640926748514,negative,0.0181640926748514,0.0,neutral,False
reddit_comment,USDA school meals milk standards,"""I like resting peacefully in my grave"" said Margaret Thatcher. ""Hey"" said my piss.",,2sentence2horror,https://reddit.com/r/2sentence2horror/comments/187o8t8/i_like_getting_free_milk_with_my_school_meals/,2023-12-01T12:00:33,comment,https://reddit.com/r/2sentence2horror/comments/187o8t8/i_like_getting_free_milk_with_my_school_meals/,t3_187o8t8,kbjc2kh,neutral,0.1700439900159835,neutral,0.1700439900159835,0.1531,positive,False
reddit_comment,USDA school meals milk standards,But then along came Marcus Rashford &gt;!r/ThirdSentenceBetter!&lt;,,2sentence2horror,https://reddit.com/r/2sentence2horror/comments/187o8t8/i_like_getting_free_milk_with_my_school_meals/,2023-11-30T23:17:39,comment,https://reddit.com/r/2sentence2horror/comments/187o8t8/i_like_getting_free_milk_with_my_school_meals/,t3_187o8t8,kbh0k6g,neutral,0.3649218380451202,neutral,0.3649218380451202,0.0,neutral,True
reddit,USDA school meals milk standards,The President of The United States Of America returns whole milk to school lunches.. [ [ [ [ [ [ [ [ [**,The President of The United States Of America returns whole milk to school lunches.,Discussion,https://reddit.com/r/Discussion/comments/1qdab2m/the_president_of_the_united_states_of_america/,2026-01-15T04:52:08,post,,t3_1qdab2m,,neutral,0.0614412538707256,neutral,0.0614412538707256,0.4215,positive,False
reddit_comment,USDA school meals milk standards,Did he hand deliver the milk to neighboring schools and leave with a few of the kids in the back of Air Force One? Just a little treat for old Donnie Boy. Gotta keep him awake during those long press conferences.,,Discussion,https://reddit.com/r/Discussion/comments/1qdab2m/the_president_of_the_united_states_of_america/,2026-01-15T04:55:57,comment,https://reddit.com/r/Discussion/comments/1qdab2m/the_president_of_the_united_states_of_america/,t3_1qdab2m,nzod4s6,neutral,0.0758518576622009,neutral,0.0758518576622009,0.6605,positive,False
reddit_comment,USDA school meals milk standards,He’s just trying to fatten up the next crop.,,Discussion,https://reddit.com/r/Discussion/comments/1qdab2m/the_president_of_the_united_states_of_america/,2026-01-15T05:03:37,comment,https://reddit.com/r/Discussion/comments/1qdab2m/the_president_of_the_united_states_of_america/,t3_1qdab2m,nzoe7u5,neutral,0.210948184132576,neutral,0.210948184132576,0.0,neutral,True
reddit_comment,USDA school meals milk standards,I’m not going to argue against whole milk. What I AM saying is that the new nutrition guides focus a bit too heavily on animal fats.,,Discussion,https://reddit.com/r/Discussion/comments/1qdab2m/the_president_of_the_united_states_of_america/,2026-01-15T05:24:19,comment,https://reddit.com/r/Discussion/comments/1qdab2m/the_president_of_the_united_states_of_america/,t3_1qdab2m,nzoh1up,negative,0.0243570543825626,negative,0.0243570543825626,0.2584,positive,False
reddit_comment,USDA school meals milk standards,Iv never not seen whole milk as a choice in schools. I must be missing somthing? Release the unredacted epstein files.,,Discussion,https://reddit.com/r/Discussion/comments/1qdab2m/the_president_of_the_united_states_of_america/,2026-01-15T07:26:48,comment,https://reddit.com/r/Discussion/comments/1qdab2m/the_president_of_the_united_states_of_america/,t3_1qdab2m,nzovu2a,negative,0.0182403661310672,negative,0.0182403661310672,-0.296,negative,True
reddit_comment,USDA school meals milk standards,Didnt he cancel almost all of the school lunch programs though?? So the kids get no food.. but whole milk?,,Discussion,https://reddit.com/r/Discussion/comments/1qdab2m/the_president_of_the_united_states_of_america/,2026-01-15T14:43:51,comment,https://reddit.com/r/Discussion/comments/1qdab2m/the_president_of_the_united_states_of_america/,t3_1qdab2m,nzqhb1m,negative,0.0061096819117665,negative,0.0061096819117665,-0.195,negative,True
reddit,USDA school meals milk standards,"Kid friendly meals for a family of 7 w/ a budget of 65 dollars a week. It has just come to my attention that my mother has no plans for next week's meals, so, what can I do to serve 7 with 65 dollars spread till next Monday? We usually have school lunch, but for obvious reasons thats not happening this week. Anything kid friendly is great, though if I have to choke down one more hotdog I'm going to throw up. Breakfasts, lunches, dinners, and snacks would be greatly appreciated! For already existing ingredients, our kitchen still has a box of ""cheerios"", enough formula for the next week, a few fruit cereal bars (think fig newtons), 1/3 of a box of pasta, some butter, some flour, a lot of vegetable oil, some dried herbs from school, 1/2 gallon of milk, 1/4 of a jar of peanut butter, 9\~ slices of bread, one-maybe two servings of rice and beans, and a few eggs. edit: nvm, 40 bucks it is edit: (coordinating food pickups rn at a few churches) edit: We got the groceries and signed up for a few soup kitchens, but if y'all could please stop insulting my family that'd be great :) in line at a food pantry rn",Kid friendly meals for a family of 7 w/ a budget of 65 dollars a week,povertykitchen,https://reddit.com/r/povertykitchen/comments/1hnzxim/kid_friendly_meals_for_a_family_of_7_w_a_budget/,2024-12-28T06:36:46,post,,t3_1hnzxim,,neutral,0.1093799173831939,neutral,0.1093799173831939,0.9606,positive,False
reddit_comment,USDA school meals milk standards,"Can you also talk to the school and see if they do any programs where they send food home? All of my students get free breakfast and lunch regardless, but those families in need get a bag of food sent home every Friday for the student to eat over the weekend. See if your school or your siblings' schools do it. I know over this winter break, the bags were way heavier than usual.",,povertykitchen,https://reddit.com/r/povertykitchen/comments/1hnzxim/kid_friendly_meals_for_a_family_of_7_w_a_budget/,2024-12-28T11:34:06,comment,https://reddit.com/r/povertykitchen/comments/1hnzxim/kid_friendly_meals_for_a_family_of_7_w_a_budget/,t3_1hnzxim,m46hlbk,neutral,0.0865327641367912,neutral,0.0865327641367912,0.2846,positive,False
reddit_comment,USDA school meals milk standards,"Growing up with seven siblings, my mom’s strategy was to stretch everything with cheap carbs, which worked a treat for us kids. Spaghetti with meat sauce, very very light on the ground beef meat in the sauce. If you have a crock pot and have a meal you can make in it that they will eat (we did one small cut of really tough meat, cut up carrots and green peppers and onions, beef broth) stretch that meal with rice as far as it will go, like a one ladleful on top of the rice, then pack away the rest right away so that it can go for lunch the next day. Those same carrots and green peppers and onions you don’t add in the crock pot can make a nice add-on to a pasta salad. For “breakfast for dinner” day old bread for cheap at the store and make French toast with the little bit of eggs and milk you have left. Serve with a little fruit if you can. Budget permitting, consider using the other part of the package of ground beef to flavor a mostly bean chilli with the cheapest beans you can get. Stretch the chilli meal with a cheap cornbread if you can find a cheap mix; kids love fresh cornbread. Mashed potatoes (though a more expensive than the other meal stretchers) can also be your friend here as kids find them so filling and enjoyable. I find that if you vary what you are stretching the meals with they won’t notice you are stretching them so much. And don’t be afraid or ashamed to go to a food bank this week, even if it’s “just” to supplement whatever else you can buy so that your family can have filling and nutritional meals. Good luck!",,povertykitchen,https://reddit.com/r/povertykitchen/comments/1hnzxim/kid_friendly_meals_for_a_family_of_7_w_a_budget/,2024-12-28T07:04:10,comment,https://reddit.com/r/povertykitchen/comments/1hnzxim/kid_friendly_meals_for_a_family_of_7_w_a_budget/,t3_1hnzxim,m45szeq,neutral,0.478497564792633,neutral,0.478497564792633,0.9648,positive,False
reddit_comment,USDA school meals milk standards,"* 10 lbs beans (10$) * 24 eggs (7$) -17$ * 10 lbs* Flour (4$) * 4 lbs Sugar (3$) * 4 lbs Masa (4$) * Baking Soda (1$) * 2 lbs Rice (2$) * Loaf of Bread (2$) * 2 Boxes Pasta (2$) * Marshmallows (1$) -19$ * 1# Butter (3$) * 1 Gallon Milk (4$) * 2# Cheese (4$) -11$ * Broccoli, Frozen (2$) * 4# Onions (2$) * 20# Potato (10$) * Box Potato Flakes (3$) * Peppers (2$) * Tomato Paste (1$) * Bananas (2$) * 1# Apple or Apple Sauce (1$) * Scallions (1$) - 24$ * Cumin * Coriander * Chili * Garlic * Bullion * Cream of Tartar * Cinnamon * Oregano -4$ (buy at bulk store for small amounts) Meals Breakfast * Breakfast Tacos (7 servings) * Pancakes (14 servings) * Biscuits and Gravy (7 Servings) * Huevos Rancheros and Hash browns (7 Servings) * French Toast (7 Servings) * Apple Quickbread (7 Servings) Lunch/Dinner * Alfredo w/ Split Peas (7 Servings) * Garlic Gnocchi w/ Broccoli (7 Servings) * Potato Onion Soup (14 Servings) * Potato Bean Bake (7 Servings) * Bean Soup (14 Servings) * Tortilla Soup (14 Servings) * Red Beans, Masa Cornbread, Rice (7 Servings) * Tamales, Beans, Rice (14 Servings) * Potato Scallion Pancakes (7 servings) * Black Bean Burgers (7 servings) Snacks/Desserts * Caramel Frozen Bananas (7 Servings) * Marshmallow/Peanut butter/Cheerios Bars (7 Servings) * Rice Pudding (14 servings , precook in water to reduce milk) * Cookies (7 Servings) * Sweet Cornbread Muffins (14 Servings) I ended up with 75$ for 3 meals per day with a snack for 7 days. I didn't know how much flour/butter/sugar etc you had. Nor what prices are where you live. Hopefully those things would bring it down some. Edit: *Corrected the flour.",,povertykitchen,https://reddit.com/r/povertykitchen/comments/1hnzxim/kid_friendly_meals_for_a_family_of_7_w_a_budget/,2024-12-28T11:56:51,comment,https://reddit.com/r/povertykitchen/comments/1hnzxim/kid_friendly_meals_for_a_family_of_7_w_a_budget/,t3_1hnzxim,m46jr56,neutral,0.0372233875095844,neutral,0.0372233875095844,0.6908,positive,False
reddit_comment,USDA school meals milk standards,"I highly recommend Julia Pacheco on YouTube for 100s of easy, budget friendly recipes using many different cooking types.. stove top, oven, crockpot, sheet pan and air fryer. Here are a couple of samples from her channel. There is something for every meal, every taste, every budget. Don't forget to visit your local food pantry or food bank. They can help with basic staples.",,povertykitchen,https://reddit.com/r/povertykitchen/comments/1hnzxim/kid_friendly_meals_for_a_family_of_7_w_a_budget/,2024-12-28T08:12:34,comment,https://reddit.com/r/povertykitchen/comments/1hnzxim/kid_friendly_meals_for_a_family_of_7_w_a_budget/,t3_1hnzxim,m45zj0o,positive,0.9429189562797546,positive,0.9429189562797546,0.9195,positive,True
reddit_comment,USDA school meals milk standards,"Depending on the age of the kids, if they are picky eaters they are often way more happy to eat veggies and 'cheap' ingredients if they help make the food themselves. \- Homemade fries are very inexpensive and fun to make with kids, they don't need to do the cooking but can do the other steps (like if you follow the McDonalds recipe for fries and soak them first in ice water with some salt and a little bit of sugar, then dry off well and air-fry or prep for the oven (or deep fry if grandma is feeling dangerous). \- Homemade pizza from homedade dough. You can either make the dough beforehand or have the pizza already done with everything on it, kept in the fridge or frozen until use.",,povertykitchen,https://reddit.com/r/povertykitchen/comments/1hnzxim/kid_friendly_meals_for_a_family_of_7_w_a_budget/,2024-12-28T08:43:05,comment,https://reddit.com/r/povertykitchen/comments/1hnzxim/kid_friendly_meals_for_a_family_of_7_w_a_budget/,t3_1hnzxim,m462ans,positive,0.8080577254295349,positive,0.8080577254295349,0.798,positive,True
reddit_comment,USDA school meals milk standards,"Giant pot of spaghetti or soup with bread, and a casserole or two with whatever's leftover in the budget. Check out a website called Budget Bytes they have great suggestions and break down each recipe into how much per head. Also Pinterest and try posting this query to r/EatCheapandHealthy as well. Look up your local food pantry and don't be shy about stopping there to see what's available, if people don't use it the food goes bad unnecessarily.",,povertykitchen,https://reddit.com/r/povertykitchen/comments/1hnzxim/kid_friendly_meals_for_a_family_of_7_w_a_budget/,2024-12-28T10:42:34,comment,https://reddit.com/r/povertykitchen/comments/1hnzxim/kid_friendly_meals_for_a_family_of_7_w_a_budget/,t3_1hnzxim,m46cwat,positive,0.6291690468788147,positive,0.6291690468788147,0.4291,positive,True
reddit_comment,USDA school meals milk standards,"Lots of bread. A cheap loaf usually has 20 slices, so toast, grilled cheese, peanut butter and jelly sandwiches. The cheese for grilled cheese is around $5 for 24 slices. I use 2 slices per sandwich but you could use 1. You could get 24 sandwiches for about $10.",,povertykitchen,https://reddit.com/r/povertykitchen/comments/1hnzxim/kid_friendly_meals_for_a_family_of_7_w_a_budget/,2024-12-28T12:29:29,comment,https://reddit.com/r/povertykitchen/comments/1hnzxim/kid_friendly_meals_for_a_family_of_7_w_a_budget/,t3_1hnzxim,m46n1kz,neutral,0.3098885715007782,neutral,0.3098885715007782,0.0,neutral,True
reddit_comment,USDA school meals milk standards,"OP, get the ingredients to make pancake batter yourself. It's a filling and cheap breakfast that kids like. You can keep the batter for several days in the fridge and make it in 1-2 minutes. Cheap, delicious, and fast to make. Perfect food on a budget for me. ``` Mix: 2 cups dry flour 3 tbsp sugar 4 tsp baking powder 1 tsp salt half tsp baking soda Another bowl: Whisk 2 eggs Add 1/4 cup veg oil Add 1.5 cup milk Add half tsp vanilla Whisk again lightly Combine the wet and dry bowls together in a tupperware container to store. Combine the ingredients gently, being careful to scrape the bottom of the bowl to get all the flour up. As soon as you stop seeing white flour when you turn it, stop. You want it to be lumpy. Let it rest for 10 minutes and then add chocolate chips, bananas, etc... Take a small amount of vegetable oil and spread it using a paper towel to evenly coat a pan so that you can barely even see it. Don't use butter or large pools of oil. Heat the batter for 1-2 minutes on each side on medium heat until golden brown and cooked through. ```",,povertykitchen,https://reddit.com/r/povertykitchen/comments/1hnzxim/kid_friendly_meals_for_a_family_of_7_w_a_budget/,2024-12-28T14:13:15,comment,https://reddit.com/r/povertykitchen/comments/1hnzxim/kid_friendly_meals_for_a_family_of_7_w_a_budget/,t3_1hnzxim,m46zsbv,positive,0.9430933594703674,positive,0.9430933594703674,0.886,positive,True
reddit_comment,USDA school meals milk standards,Facebook look a for local dumpster divers groups. These people are great at this time of year if in a cold weather environment. Maybe find some to go out with.,,povertykitchen,https://reddit.com/r/povertykitchen/comments/1hnzxim/kid_friendly_meals_for_a_family_of_7_w_a_budget/,2024-12-28T13:07:59,comment,https://reddit.com/r/povertykitchen/comments/1hnzxim/kid_friendly_meals_for_a_family_of_7_w_a_budget/,t3_1hnzxim,m46rbrm,positive,0.8170501589775085,positive,0.8170501589775085,0.5423,positive,True
reddit,USDA school meals milk standards,"Milk carton shortage hits school lunchrooms in New York, California and other states, USDA says","Milk carton shortage hits school lunchrooms in New York, California and other states, USDA says",California,https://reddit.com/r/California/comments/17qaym5/milk_carton_shortage_hits_school_lunchrooms_in/,2023-11-08T01:59:18,post,,t3_17qaym5,,neutral,0.0297812242060899,neutral,0.0297812242060899,-0.25,negative,False
reddit_comment,USDA school meals milk standards,we got bagged milk though,,California,https://reddit.com/r/California/comments/17qaym5/milk_carton_shortage_hits_school_lunchrooms_in/,2023-11-08T03:24:12,comment,https://reddit.com/r/California/comments/17qaym5/milk_carton_shortage_hits_school_lunchrooms_in/,t3_17qaym5,k8b6zzd,neutral,0.1031448766589164,neutral,0.1031448766589164,0.0,neutral,True
reddit_comment,USDA school meals milk standards,"My daughter already gets small bagged milk at school. Riverside, CA",,California,https://reddit.com/r/California/comments/17qaym5/milk_carton_shortage_hits_school_lunchrooms_in/,2023-11-08T03:27:18,comment,https://reddit.com/r/California/comments/17qaym5/milk_carton_shortage_hits_school_lunchrooms_in/,t3_17qaym5,k8b7eej,neutral,0.1027968227863311,neutral,0.1027968227863311,0.0,neutral,True
reddit_comment,USDA school meals milk standards,Now they are going to have to put pictures of missing milk cartons on the backs of kids.,,California,https://reddit.com/r/California/comments/17qaym5/milk_carton_shortage_hits_school_lunchrooms_in/,2023-11-08T10:43:12,comment,https://reddit.com/r/California/comments/17qaym5/milk_carton_shortage_hits_school_lunchrooms_in/,t3_17qaym5,k8ca3md,negative,0.007938272319734,negative,0.007938272319734,-0.34,negative,True
reddit_comment,USDA school meals milk standards,"They've been spilling the bagged milk all over my classroom, it's so gross",,California,https://reddit.com/r/California/comments/17qaym5/milk_carton_shortage_hits_school_lunchrooms_in/,2023-11-08T04:08:15,comment,https://reddit.com/r/California/comments/17qaym5/milk_carton_shortage_hits_school_lunchrooms_in/,t3_17qaym5,k8bchc5,negative,0.0067722927778959,negative,0.0067722927778959,-0.6113,negative,True
reddit_comment,USDA school meals milk standards,"And it pains me to work the cafeteria and watch the kids throw away unopened milk cartons and whole sandwiches and pieces of fruit. Most of the food we provide then goes straight in the trash. Longer lunch so they can eat at a normal pace, please.",,California,https://reddit.com/r/California/comments/17qaym5/milk_carton_shortage_hits_school_lunchrooms_in/,2023-11-08T15:10:02,comment,https://reddit.com/r/California/comments/17qaym5/milk_carton_shortage_hits_school_lunchrooms_in/,t3_17qaym5,k8d5dew,negative,0.0079054441303014,negative,0.0079054441303014,0.1027,positive,False
reddit_comment,USDA school meals milk standards,"Is milk actually beneficial to kids? Feel like they could drink water instead… Edit: i get it milk is supreme, praise milk, I’ll never question milk again, jesus christ",,California,https://reddit.com/r/California/comments/17qaym5/milk_carton_shortage_hits_school_lunchrooms_in/,2023-11-08T02:33:57,comment,https://reddit.com/r/California/comments/17qaym5/milk_carton_shortage_hits_school_lunchrooms_in/,t3_17qaym5,k8b03zb,neutral,0.322860836982727,neutral,0.322860836982727,0.9118,positive,False
reddit_comment,USDA school meals milk standards,So now we will see a picture of a milk carton on the back of milk cartons.,,California,https://reddit.com/r/California/comments/17qaym5/milk_carton_shortage_hits_school_lunchrooms_in/,2023-11-09T20:24:55,comment,https://reddit.com/r/California/comments/17qaym5/milk_carton_shortage_hits_school_lunchrooms_in/,t3_17qaym5,k8jt4bp,neutral,0.0449026748538017,neutral,0.0449026748538017,0.0,neutral,True
reddit_comment,USDA school meals milk standards,they should be offering kids some kind of alt milk. Ripple pea milk is surprisingly good,,California,https://reddit.com/r/California/comments/17qaym5/milk_carton_shortage_hits_school_lunchrooms_in/,2023-11-09T23:00:03,comment,https://reddit.com/r/California/comments/17qaym5/milk_carton_shortage_hits_school_lunchrooms_in/,t3_17qaym5,k8kich6,positive,0.8419429063796997,positive,0.8419429063796997,0.6249,positive,True
reddit_comment,USDA school meals milk standards,"Good, replace them with water",,California,https://reddit.com/r/California/comments/17qaym5/milk_carton_shortage_hits_school_lunchrooms_in/,2023-11-08T19:25:04,comment,https://reddit.com/r/California/comments/17qaym5/milk_carton_shortage_hits_school_lunchrooms_in/,t3_17qaym5,k8ebee5,neutral,0.2321533858776092,neutral,0.2321533858776092,0.4404,positive,False
reddit,USDA school meals milk standards,"Old school meals. Back in the 70s/80s my single mom made a few casseroles that I'm not sure qualify today, but it was how she fed us. Chipped beef casserole was elbow macaroni, cream of mushroom soup, a .25 package of chipped beef (prolly 1.25 today) and a hard boiled egg chopped up (cheap then) plus some milk and baked. We also had the ability to buy half a cow for the freezer, but single steaks still had to feed four people. So a single tough steak, cut into pieces and cooked with rice, green beans, worcestershire sauce, i still make this. Tuna, onion, green pepper or celery, chicken noodle soup, milk cooked with home made biscuits on top with cheese and then baked. I still make that one too. Maybe these are helpful ideas",Old school meals,povertykitchen,https://reddit.com/r/povertykitchen/comments/1j0pr8n/old_school_meals/,2025-03-01T03:04:27,post,,t3_1j0pr8n,,neutral,0.0894505158066749,neutral,0.0894505158066749,0.454,positive,False
reddit_comment,USDA school meals milk standards,I can probably figure out the recipes in more detail if anyone cares!,,povertykitchen,https://reddit.com/r/povertykitchen/comments/1j0pr8n/old_school_meals/,2025-03-01T04:19:22,comment,https://reddit.com/r/povertykitchen/comments/1j0pr8n/old_school_meals/,t3_1j0pr8n,mfdoyep,neutral,0.4483336210250854,neutral,0.4483336210250854,0.5093,positive,False
reddit_comment,USDA school meals milk standards,Those meals are something I would like to eat so comforting!,,povertykitchen,https://reddit.com/r/povertykitchen/comments/1j0pr8n/old_school_meals/,2025-03-01T04:08:39,comment,https://reddit.com/r/povertykitchen/comments/1j0pr8n/old_school_meals/,t3_1j0pr8n,mfdnelm,positive,0.9518901109695436,positive,0.9518901109695436,0.7417,positive,True
reddit_comment,USDA school meals milk standards,The chipped beef casserole sounds good!,,povertykitchen,https://reddit.com/r/povertykitchen/comments/1j0pr8n/old_school_meals/,2025-03-01T05:53:55,comment,https://reddit.com/r/povertykitchen/comments/1j0pr8n/old_school_meals/,t3_1j0pr8n,mfe1md2,positive,0.9608222842216492,positive,0.9608222842216492,0.4926,positive,True
reddit_comment,USDA school meals milk standards,"I've never had a casserole, those sound delicious",,povertykitchen,https://reddit.com/r/povertykitchen/comments/1j0pr8n/old_school_meals/,2025-03-01T07:02:44,comment,https://reddit.com/r/povertykitchen/comments/1j0pr8n/old_school_meals/,t3_1j0pr8n,mfe9dmr,positive,0.8110815286636353,positive,0.8110815286636353,0.5719,positive,True
reddit_comment,USDA school meals milk standards,"Ground beef, elbow macaroni, can of corn, can of tomato paste, Italian seasoning. Iceberg lettuce, tomatos, and mayo= salad. I still make both of these.",,povertykitchen,https://reddit.com/r/povertykitchen/comments/1j0pr8n/old_school_meals/,2025-03-01T18:18:22,comment,https://reddit.com/r/povertykitchen/comments/1j0pr8n/old_school_meals/,t3_1j0pr8n,mfgx28v,neutral,0.2727510035037994,neutral,0.2727510035037994,0.0,neutral,True
reddit_comment,USDA school meals milk standards,I thought we were talking about school lunches! lol My mom made Creamed Egg on Toast. Boil your eggs and chop them. Make a white sauce and stir in the eggs along with salt and pepper. Serve over buttered toast. You could use biscuits if you want. This was one of my favorites. We had a big family and I can remember my mother boiling a chicken and turning it into chicken and dumplings. She could feed a lot of people with that. Potato Soup was cheap and stretched a bit of ham that basically just flavored the broth. It was my sister’s favorite.,,povertykitchen,https://reddit.com/r/povertykitchen/comments/1j0pr8n/old_school_meals/,2025-03-02T03:08:26,comment,https://reddit.com/r/povertykitchen/comments/1j0pr8n/old_school_meals/,t3_1j0pr8n,mfjmdg5,positive,0.8106823563575745,positive,0.8106823563575745,0.8356,positive,True
reddit_comment,USDA school meals milk standards,Can I get the recipe for the steak and rice?,,povertykitchen,https://reddit.com/r/povertykitchen/comments/1j0pr8n/old_school_meals/,2025-03-01T12:53:23,comment,https://reddit.com/r/povertykitchen/comments/1j0pr8n/old_school_meals/,t3_1j0pr8n,mff9gue,neutral,0.0491771847009658,neutral,0.0491771847009658,0.0,neutral,True
reddit_comment,USDA school meals milk standards,"This kind of approach to food helped me pay for my house. Mind you, it also meant BBQ steak/ chicken got shared with my rescue dog 🙂.",,povertykitchen,https://reddit.com/r/povertykitchen/comments/1j0pr8n/old_school_meals/,2025-03-02T02:08:36,comment,https://reddit.com/r/povertykitchen/comments/1j0pr8n/old_school_meals/,t3_1j0pr8n,mfjcife,positive,0.9291512370109558,positive,0.9291512370109558,0.791,positive,True
reddit_comment,USDA school meals milk standards,My mom did instant Mac and cheese cooked then added a small can of pork and beans. It is incredibly filling and i still crave it.,,povertykitchen,https://reddit.com/r/povertykitchen/comments/1j0pr8n/old_school_meals/,2025-03-03T00:11:10,comment,https://reddit.com/r/povertykitchen/comments/1j0pr8n/old_school_meals/,t3_1j0pr8n,mfp3jr3,positive,0.960427701473236,positive,0.960427701473236,0.0,neutral,False
reddit,USDA school meals milk standards,"My 5-year-old has vomiting, fever, and diarrhea after drinking school milk. Should I stop feeding him?. **Question:** My 5-year-old son became lethargic last night and didn't want to eat dinner. He vomited twice, once in the evening and once overnight, and had a high fever of 39°C (102.2°F). After giving him a fever reducer and some medicine, the vomiting stopped, and he says his stomach feels fine now. He had a few normal bowel movements but then started having diarrhea. I suspect it might be from some milk he had at school. He is now saying he's hungry. Should I feed him something like porridge, or is it better to let him fast for a meal or two? *This post is a dramatization of a question and answer session experienced by our actual medical reviewers. Please note that this content is for informational purposes only and does not constitute medical advice.* ***Always consult with a qualified healthcare professional*** *for any health concerns or before making any decisions related to your health or treatment.* Original post: [","My 5-year-old has vomiting, fever, and diarrhea after drinking school milk. Should I stop feeding him?",FeverCoach,https://reddit.com/r/FeverCoach/comments/1s97pnm/my_5yearold_has_vomiting_fever_and_diarrhea_after/,2026-04-01T02:19:50,post,,t3_1s97pnm,,negative,0.0171787142753601,negative,0.0171787142753601,0.872,positive,False
reddit_comment,USDA school meals milk standards,"Thank you for your submission. **Please note that a response does not constitute a doctor–patient relationship.** This subreddit is for informal second opinions and casual information. The mod team does their best to remove bad information, but we do not catch all of it. Always visit a doctor in real life if you have any concerns about your health. Never use this subreddit as your first and final source of information regarding your question. By posting, you are agreeing to our Terms of Use and understand that all information is taken at your own risk. *I am a bot, and this action was performed automatically. Please [contact the moderators of this subreddit](/message/compose/?to=/r/FeverCoach) if you have any questions or concerns.*",,FeverCoach,https://reddit.com/r/FeverCoach/comments/1s97pnm/my_5yearold_has_vomiting_fever_and_diarrhea_after/,2026-04-01T02:19:50,comment,https://reddit.com/r/FeverCoach/comments/1s97pnm/my_5yearold_has_vomiting_fever_and_diarrhea_after/,t3_1s97pnm,odmdsmr,neutral,0.0858006104826927,neutral,0.0858006104826927,0.7615,positive,False
reddit_comment,USDA school meals milk standards,"It sounds like your 5-year-old son is dealing with vomiting, fever, and diarrhea. Given that the symptoms started after he drank milk at school, acute gastroenteritis is the likely cause. 【Current Status Assessment】 • Vomiting: 2 times last night → has now stopped • Fever: 39°C (102.2°F) → being managed with a fever reducer • Diarrhea: Started today (after 3 normal bowel movements) • General Condition: No abdominal pain, feels comfortable, complaining of hunger 【What to Do Immediately】 1. Hydration is the most important thing. → Offer an Oral Rehydration Solution (ORS) or an electrolyte drink in small sips every 5-10 minutes. → Give about 30-50ml (1-1.7 oz) slowly at a time. 2. Do not make him fast. → It's better to offer small amounts of his usual food rather than just porridge. → Think of foods like bananas, toast, plain rice, and boiled eggs. → Avoid greasy foods and dairy products for 2-3 days. 【When You See a Doctor】 • Assess the level of dehydration. • Discuss the need for a stool test. • Determine if antibiotics are necessary. ⚠️ Go to the Emergency Room if: • He has not urinated for more than 8 hours. • His lips are dry, or he cries without tears. • He is severely lethargic or has a decreased level of consciousness. • He has bloody stools or severe abdominal pain. It's a good sign that your child is hungry. Focus on hydration and give him small, frequent amounts of digestible food. Most cases of gastroenteritis improve within 2-3 days. For extra peace of mind and clear guidance when tracking your child's symptoms, the FeverCoach app is always there to help. [ * Google Play: [ * iOS: [",,FeverCoach,https://reddit.com/r/FeverCoach/comments/1s97pnm/my_5yearold_has_vomiting_fever_and_diarrhea_after/,2026-04-01T18:33:05,comment,https://reddit.com/r/FeverCoach/comments/1s97pnm/my_5yearold_has_vomiting_fever_and_diarrhea_after/,t3_1s97pnm,odqql69,neutral,0.0258332211524248,neutral,0.0258332211524248,0.8206,positive,False
reddit,USDA school meals milk standards,"How your patient &amp; their room looks is how others will judge you as a provider. A preceptor told me this in nursing school. A decade later, I still make sure that my patients &amp; their rooms are presentable - no loose dressings, no stains on the bed, ensuring the bedside table isn’t full of expired drinks/meds, etc… It irks me when I walk into a patient’s room and it is an absolute mess. Literally takes 2 seconds to throw away the 3 day old milk carton &amp; melted jello. Such a big difference to someone who makes sure bed linen is fresh (not full of body flakes or fluid stains), dressings are intact and bedside table is actually usable. What’s one thing that stuck with you since school? ETA: I know I mentioned mostly patient-related stuff but the MOST annoying I would say are half used flush syringes, used IV bags with tubings included just chilling for days, undiscarded wrappers from nursing stuff, etc… I absolutely hate stepping on luer lock syringe covers 😭",How your patient &amp; their room looks is how others will judge you as a provider,nursing,https://reddit.com/r/nursing/comments/1o62ggg/how_your_patient_their_room_looks_is_how_others/,2025-10-14T01:32:58,post,,t3_1o62ggg,,negative,0.0684902518987655,negative,0.0684902518987655,-0.9365,negative,True
reddit_comment,USDA school meals milk standards,Get comfortable before doing patient care. Either raise the bed or get a stool.,,nursing,https://reddit.com/r/nursing/comments/1o62ggg/how_your_patient_their_room_looks_is_how_others/,2025-10-14T01:37:01,comment,https://reddit.com/r/nursing/comments/1o62ggg/how_your_patient_their_room_looks_is_how_others/,t3_1o62ggg,njdkm74,neutral,0.165199801325798,neutral,0.165199801325798,0.7579,positive,False
reddit_comment,USDA school meals milk standards,I literally can’t help myself from cleaning up when I walk into a patients room. It’s almost compulsive. Sometimes I even start while I’m getting report and I know that’s rude so I have to consciously stop myself lol,,nursing,https://reddit.com/r/nursing/comments/1o62ggg/how_your_patient_their_room_looks_is_how_others/,2025-10-14T02:20:07,comment,https://reddit.com/r/nursing/comments/1o62ggg/how_your_patient_their_room_looks_is_how_others/,t3_1o62ggg,njdrush,negative,0.077127568423748,negative,0.077127568423748,0.0772,positive,False
reddit_comment,USDA school meals milk standards,"In an ideal world yes, I try my best to keep my patients rooms clean, trash empty and linen out. But some days are pure hell and there is barely any time to do any of that, what irks me most is empty flushes in the patients beds, wrappers all over the counters, it truly doesn't take that long to at least throw in the trash.",,nursing,https://reddit.com/r/nursing/comments/1o62ggg/how_your_patient_their_room_looks_is_how_others/,2025-10-14T02:05:29,comment,https://reddit.com/r/nursing/comments/1o62ggg/how_your_patient_their_room_looks_is_how_others/,t3_1o62ggg,njdpe24,negative,0.0519355274736881,negative,0.0519355274736881,-0.0174,neutral,False
reddit_comment,USDA school meals milk standards,"I will 100% agree with us, there’s nothing more offputting than going in a patient’s room and seeing old glasses of milk and leftover food sitting around.",,nursing,https://reddit.com/r/nursing/comments/1o62ggg/how_your_patient_their_room_looks_is_how_others/,2025-10-14T01:35:45,comment,https://reddit.com/r/nursing/comments/1o62ggg/how_your_patient_their_room_looks_is_how_others/,t3_1o62ggg,njdkelw,negative,0.0277429986745119,negative,0.0277429986745119,0.3612,positive,False
reddit_comment,USDA school meals milk standards,"Empty the foley bag before you take out the foley, because you may get smacked in the face with a urine covered catheter lol (me watching my preceptor get bitch slapped by one). Just empty, take foley out, and into the trash can with one fell swoop",,nursing,https://reddit.com/r/nursing/comments/1o62ggg/how_your_patient_their_room_looks_is_how_others/,2025-10-14T02:04:00,comment,https://reddit.com/r/nursing/comments/1o62ggg/how_your_patient_their_room_looks_is_how_others/,t3_1o62ggg,njdp59m,negative,0.0272336434572935,negative,0.0272336434572935,-0.5574,negative,True
reddit_comment,USDA school meals milk standards,You’re speaking of the ol’ 0630 fluff-n-buff!,,nursing,https://reddit.com/r/nursing/comments/1o62ggg/how_your_patient_their_room_looks_is_how_others/,2025-10-14T01:56:33,comment,https://reddit.com/r/nursing/comments/1o62ggg/how_your_patient_their_room_looks_is_how_others/,t3_1o62ggg,njdnwbw,neutral,0.2230101376771927,neutral,0.2230101376771927,0.0,neutral,True
reddit_comment,USDA school meals milk standards,How many times have you fought old patients about keeping food that they dont want to 'waste'.?,,nursing,https://reddit.com/r/nursing/comments/1o62ggg/how_your_patient_their_room_looks_is_how_others/,2025-10-14T02:29:06,comment,https://reddit.com/r/nursing/comments/1o62ggg/how_your_patient_their_room_looks_is_how_others/,t3_1o62ggg,njdtd12,negative,0.0127062899991869,negative,0.0127062899991869,-0.049,neutral,False
reddit_comment,USDA school meals milk standards,"I have been preaching this for years. If the pt and the room looks like crap so do you, and if an emergency breaks out you need to be able to move through the room unobstructed and know where everything is. Thanks for posting this. Learn how to clean while you work and while You’re making conversation during your cognitive assessment. Develop a routine and methodology and stick to it and get it all together as early in the shift as possible, Rest of the shift you are in cruise control and minor adjustment.",,nursing,https://reddit.com/r/nursing/comments/1o62ggg/how_your_patient_their_room_looks_is_how_others/,2025-10-14T01:50:59,comment,https://reddit.com/r/nursing/comments/1o62ggg/how_your_patient_their_room_looks_is_how_others/,t3_1o62ggg,njdmyzh,neutral,0.1197565719485282,neutral,0.1197565719485282,0.4404,positive,False
reddit_comment,USDA school meals milk standards,"100%. This was drilled into me actually after I was off orientation by another senior nurse. I specifically remember this patient who was really crumping... we intubated, started all these drips, and then he was finally stabilizing when she came in to help. She just looks around, shakes her head and goes ""oh no, this is no good"" and within 5 minutes the patient and room are clean, wiped down, fresh and fluffed. And then she looks at me and goes ""THAT'S how our ICU patients are supposed to be."" It would have taken me 20 minutes to do what she whipped up so I was mentally putting it off til later but that moment always stuck with me.",,nursing,https://reddit.com/r/nursing/comments/1o62ggg/how_your_patient_their_room_looks_is_how_others/,2025-10-14T01:48:44,comment,https://reddit.com/r/nursing/comments/1o62ggg/how_your_patient_their_room_looks_is_how_others/,t3_1o62ggg,njdml3u,neutral,0.0717502832412719,neutral,0.0717502832412719,0.0379,neutral,True
reddit_comment,USDA school meals milk standards,"Depends on what is going on with the patient - and the rest of the assignments. If my patients' rooms are a mess, I guarantee you I have been running my ass of that day. What's really fun is when you have a shift of Rapids, pt's crumping, dying, whatever and the oncoming nurse starts with the white glove routine.",,nursing,https://reddit.com/r/nursing/comments/1o62ggg/how_your_patient_their_room_looks_is_how_others/,2025-10-14T01:55:27,comment,https://reddit.com/r/nursing/comments/1o62ggg/how_your_patient_their_room_looks_is_how_others/,t3_1o62ggg,njdnpua,negative,0.1277806758880615,negative,0.1277806758880615,-0.1045,negative,True
reddit,national school lunch program whole milk,"Trump signs a law returning whole milk to school lunches. Whole milk is heading back to [school cafeterias]( across the country after President Donald Trump signed a bill Wednesday overturning Obama-era limits on higher-fat milk options. Nondairy drinks such as fortified soy milk may also be on the menu in the coming months following adoption of the [Whole Milk for Healthy Kids Act]( which cleared Congress in the fall. The action allows schools participating in the National School Lunch Program to serve whole and 2% fat milk along with the skim and low-fat products required since 2012. “Whether you’re a Democrat or a Republican, whole milk is a great thing,” Trump said at a White House signing ceremony that featured lawmakers, dairy farmers and their children. The law also permits schools to serve nondairy milk that meets the nutritional standards of milk and requires schools to offer a nondairy milk alternative if kids provide a note from their parents, not just from doctors, saying they have a dietary restriction",Trump signs a law returning whole milk to school lunches,UsaNewsLive,https://reddit.com/r/UsaNewsLive/comments/1qd1cnt/trump_signs_a_law_returning_whole_milk_to_school/,2026-01-14T22:19:49,post,,t3_1qd1cnt,,neutral,0.3167562782764435,neutral,0.3167562782764435,0.7269,positive,False
reddit,national school lunch program whole milk,"What's the goal of H.R. 610 in general and what changes does it propose on a local level?. Here's the summary: Choices in Education Act of 2017 This bill repeals the Elementary and Secondary Education Act of 1965 and limits the authority of the Department of Education (ED) such that ED is authorized only to award block grants to qualified states. The bill establishes an education voucher program, through which each state shall distribute block grant funds among local educational agencies (LEAs) based on the number of eligible children within each LEA's geographical area. From these amounts, each LEA shall: (1) distribute a portion of funds to parents who elect to enroll their child in a private school or to home-school their child, and (2) do so in a manner that ensures that such payments will be used for appropriate educational expenses. To be eligible to receive a block grant, a state must: (1) comply with education voucher program requirements, and (2) make it lawful for parents of an eligible child to elect to enroll their child in any public or private elementary or secondary school in the state or to home-school their child. No Hungry Kids Act The bill repeals a specified rule that established certain nutrition standards for the national school lunch and breakfast programs. (In general, the rule requires schools to increase the availability of fruits, vegetables, whole grains, and low-fat or fat free milk in school meals; reduce the levels of sodium, saturated fat, and trans fat in school meals; and meet children's nutritional needs within their caloric requirements.) How does this change the current public education setup in regards to national standards and is there any historical bills or programs similar to this one?",What's the goal of H.R. 610 in general and what changes does it propose on a local level?,NeutralPolitics,https://reddit.com/r/NeutralPolitics/comments/621bos/whats_the_goal_of_hr_610_in_general_and_what/,2017-03-28T18:46:52,post,,t3_621bos,,neutral,0.0292500089854002,neutral,0.0292500089854002,0.7998,positive,False
reddit_comment,national school lunch program whole milk,"&gt;No Hungry Kids Act &gt;The bill repeals a specified rule that established certain nutrition standards for the national school lunch and breakfast programs. (In general, the rule requires schools to increase the availability of fruits, vegetables, whole grains, and low-fat or fat free milk in school meals; reduce the levels of sodium, saturated fat, and trans fat in school meals; and meet children's nutritional needs within their caloric requirements.) What was the reasoning behind this particular provision?",,NeutralPolitics,https://reddit.com/r/NeutralPolitics/comments/621bos/whats_the_goal_of_hr_610_in_general_and_what/,2017-03-28T18:54:51,comment,https://reddit.com/r/NeutralPolitics/comments/621bos/whats_the_goal_of_hr_610_in_general_and_what/,t3_621bos,dfiwv00,neutral,0.021195063367486,neutral,0.021195063367486,0.7717,positive,False
reddit_comment,national school lunch program whole milk,This voucher system essentially enables public funding for [private religious schooling.](,,NeutralPolitics,https://reddit.com/r/NeutralPolitics/comments/621bos/whats_the_goal_of_hr_610_in_general_and_what/,2017-03-29T00:00:35,comment,https://reddit.com/r/NeutralPolitics/comments/621bos/whats_the_goal_of_hr_610_in_general_and_what/,t3_621bos,dfjcn1x,neutral,0.0889521315693855,neutral,0.0889521315693855,0.0,neutral,True
reddit_comment,national school lunch program whole milk,"This changes the current setup in that it would reimburse parents for the costs of sending their children to a private school or homeschooling ([sec. 105, par. 2]( This changes the current educational system by helping offset the costs for parents who choose to send their child to a private school or homeschool, where those costs have recently been solely borne by those parents. It also changes things in that it requires the local education authority to distribute these funds to parents who opt out and makes them (local school district) responsible for ensuring that they are used for qualified expenses (above citation, paragraph 5.) Finally, one key way it does not change the current setup in a worrying way is that it does not set any curriculum standards for those receiving these federal funds (but ensuring that a child receives a decent education is implicitly the responsibility of the local school district, per paragraph 5.) There have been bills like this introduced in the past ([wikipedia]( but this issue is experiencing wider support than it often enjoys. A big issue is that it would likely exacerbate inequality: those most likely and able to exercise choice are those that are already doing well and have the resources and temporal flexibility to research schools, get their kids to other schools, and live in areas that have markedly different opportunities (cities and suburban areas have more options) ([op-ed expressing this]( The inequity is perhaps best shown by New York City: there are many levels of schools, many specialized schools, and huge choice - a kid in NYC can attend any high school they choose if they just apply and are accepted (a minority require entrance exams, most use a placement algorithm similar to that used to place doctors in residency) but most do not make the optimal choice ([A 2013 Research Alliance Report, for example, found that 53 percent of what it defined as low-achieving students were placed in their first choice school between 20",,NeutralPolitics,https://reddit.com/r/NeutralPolitics/comments/621bos/whats_the_goal_of_hr_610_in_general_and_what/,2017-03-29T00:51:48,comment,https://reddit.com/r/NeutralPolitics/comments/621bos/whats_the_goal_of_hr_610_in_general_and_what/,t3_621bos,dfjf2s1,neutral,0.1357912421226501,neutral,0.1357912421226501,0.9873,positive,False
reddit_comment,national school lunch program whole milk,"**/r/NeutralPolitics is a curated space.** In order not to get your comment removed, please familiarize yourself with our [rules on commenting]( before you participate: 1. Be courteous to other users. 1. Source your facts. 1. Put thought into it. 1. Address the arguments, not the person. If you see a comment that violates any of these essential rules, click the associated *report* link so mods can attend to it. However, please note that the mods will not remove comments reported for lack of neutrality or poor sources. There is [no neutrality requirement for comments]( in this subreddit — it's only the *space* that's neutral — and a poor source should be countered with evidence from a better one.",,NeutralPolitics,https://reddit.com/r/NeutralPolitics/comments/621bos/whats_the_goal_of_hr_610_in_general_and_what/,2017-03-28T18:49:20,comment,https://reddit.com/r/NeutralPolitics/comments/621bos/whats_the_goal_of_hr_610_in_general_and_what/,t3_621bos,dfiwk2r,neutral,0.0746264308691024,neutral,0.0746264308691024,-0.5719,negative,False
reddit_comment,national school lunch program whole milk,"Sounds like the goals are very obvious. Reduce federal regulation of state school systems and encourage school choice. A shame it will never pass and isn't intended to. I'd bet there's a similar bill put up almost every congress that never goes anywhere, a right wing version of the [medicare for all bill]( that gets proposed every 2 years.",,NeutralPolitics,https://reddit.com/r/NeutralPolitics/comments/621bos/whats_the_goal_of_hr_610_in_general_and_what/,2017-03-28T20:52:28,comment,https://reddit.com/r/NeutralPolitics/comments/621bos/whats_the_goal_of_hr_610_in_general_and_what/,t3_621bos,dfj3ean,negative,0.035282302647829,negative,0.035282302647829,0.4019,positive,False
reddit_comment,national school lunch program whole milk,"The goal is clearly to establish school choice, and to allow each state to establish it however they see fit. By my read, it would be a big hit to states where the teachers unions are strong, and are resisting students leaving the one-size-fits-all public education system, but by my read it wouldn't necessarily hurt those systems financially as long as they permitted the federal funds to go to non-PS sources. I have not yet found any projected data on its impact. One of the main flaws with the left's arguments on this issue is they claim it would ""defund public schools."" Mathematically this simply isn't the case. If it costs $15k/yr to teach a student in a public school, and that student leaves the school for other educational options, the school loses the federal portion of the grant (let's say $5k, I don't know the real number) but they also have one less student they have to provide for. So the net budget of the school on a *per student basis* goes up, not down. That's just math. reason.com does a lot of reporting on this issue, here's one link from 2015.",,NeutralPolitics,https://reddit.com/r/NeutralPolitics/comments/621bos/whats_the_goal_of_hr_610_in_general_and_what/,2017-03-28T22:41:24,comment,https://reddit.com/r/NeutralPolitics/comments/621bos/whats_the_goal_of_hr_610_in_general_and_what/,t3_621bos,dfj8w8m,neutral,0.0485015101730823,neutral,0.0485015101730823,0.7239,positive,False
reddit,national school lunch program whole milk,"Snow squalls tonight and the coldest air of the season this weekend, but Burlington's got free ECHO admission for MLK, mushroom burgers by default at UVM, a local gospel choir spreading hope, and an 18+ Mario Kart event this week at the ECHO museum. Also, dating like it's 1986 just made national TV. Happy MLK Day, Burlington! If you want the inside scoop on everything happening around town, from free museum admission today to why Beta just dropped $10 million on South Burlington real estate, the **Btown Brief** delivers it all straight to your inbox. All the news and events mentioned below have hyperlinks you can explore by reading the full edition. This is just a small snippet. Read today's full edition here: \[[**Monday, January 19th — full newsletter**]( Subscribe here by checking out **\[**[**the Btown Brief Website**]( # Weather &amp; This Week's Outlook: Mid 20s today with flurries, but the real story is tonight. Lake effect snow bands could bring squalls with 40 mph gusts and brief whiteout conditions after the evening commute. Tomorrow's colder with highs in the teens and wind chills below zero. Wednesday and Thursday warm up slightly but bring light snow that could make for slick commutes. Then brace yourself: the coldest air of the season rolls in this weekend with highs in the single digits, both above and below zero. # SOME of what's in this week's news: * Seven Days' personals ads hit NBC's Today Show as ""dating in 2026 looks a little more like dating in 1986"" * UVM's new ""better burger"" blends 30% mushroom mycelium with local beef, cutting carbon footprint by 30% * Beta Technologies scoops up three South Burlington properties totaling $10M+, including the old Pete's RV site for $8M * Both candidates for Vermont National Guard leader say they'd resign before carrying out an unlawful order * Chittenden County's shuttle service for older and disabled residents faces cuts after nearly blowing through its $455K budget * New bipartisan bill would wind down Vermont's motel voucher program over two years * Burlington Electric finds a new buyer for renewable energy credits in Maine, worth $7-8M annually * Welch joins Trump in the Oval Office to sign whole milk back into schools * Scott administration wants to bring lottery games to your phone There's way m","Snow squalls tonight and the coldest air of the season this weekend, but Burlington's got free ECHO admission for MLK, mushroom burgers by default at UVM, a local gospel choir spreading hope, and an 18+ Mario Kart event this week at the ECHO museum. Also, dating like it's 1986 just made national TV",burlington,https://reddit.com/r/burlington/comments/1qhevu1/snow_squalls_tonight_and_the_coldest_air_of_the/,2026-01-19T19:59:01,post,,t3_1qhevu1,,positive,0.8325901627540588,positive,0.8325901627540588,0.9892,positive,True
reddit_comment,national school lunch program whole milk,I’m curious where the rest of the week brief is? I look forward to reading them and they’re super useful as someone new to the area. Thanks for what you do!,,burlington,https://reddit.com/r/burlington/comments/1qhevu1/snow_squalls_tonight_and_the_coldest_air_of_the/,2026-01-23T21:41:34,comment,https://reddit.com/r/burlington/comments/1qhevu1/snow_squalls_tonight_and_the_coldest_air_of_the/,t3_1qhevu1,o1bd4up,positive,0.9388526678085328,positive,0.9388526678085328,0.906,positive,True
reddit,national school lunch program whole milk,"Breakfast, lunch and dinner. Peanut butter and honey sandwich with glass of cold whole milk. Going on 11 days. 🤦‍♂️","Breakfast, lunch and dinner. Peanut butter and honey sandwich with glass of cold whole milk. Going on 11 days. 🤦‍♂️",adhdmeme,https://reddit.com/r/adhdmeme/comments/114zlhy/breakfast_lunch_and_dinner_peanut_butter_and/,2023-02-17T22:30:46,post,,t3_114zlhy,,neutral,0.2042546421289444,neutral,0.2042546421289444,0.0,neutral,True
reddit_comment,national school lunch program whole milk,Went from rice cooker only meals to air fryer only meals,,adhdmeme,https://reddit.com/r/adhdmeme/comments/114zlhy/breakfast_lunch_and_dinner_peanut_butter_and/,2023-02-17T22:34:17,comment,https://reddit.com/r/adhdmeme/comments/114zlhy/breakfast_lunch_and_dinner_peanut_butter_and/,t3_114zlhy,j8ys651,neutral,0.141533687710762,neutral,0.141533687710762,0.0,neutral,True
reddit_comment,national school lunch program whole milk,"been having the same thing for breakfast and lunch for over a year. I do change the dinner menu every 6-12 months though, currently only 3 months in the current one. Deciding what to eat takes too much energy otherwise; same with clothes",,adhdmeme,https://reddit.com/r/adhdmeme/comments/114zlhy/breakfast_lunch_and_dinner_peanut_butter_and/,2023-02-17T23:07:11,comment,https://reddit.com/r/adhdmeme/comments/114zlhy/breakfast_lunch_and_dinner_peanut_butter_and/,t3_114zlhy,j8ywqcd,neutral,0.1127090081572532,neutral,0.1127090081572532,0.2732,positive,False
reddit_comment,national school lunch program whole milk,Yess..... been on a japanese style rice bowl kick for a few weeks now.,,adhdmeme,https://reddit.com/r/adhdmeme/comments/114zlhy/breakfast_lunch_and_dinner_peanut_butter_and/,2023-02-17T22:36:27,comment,https://reddit.com/r/adhdmeme/comments/114zlhy/breakfast_lunch_and_dinner_peanut_butter_and/,t3_114zlhy,j8ysgxc,positive,0.6485251784324646,positive,0.6485251784324646,0.0,neutral,False
reddit_comment,national school lunch program whole milk,14 years still going,,adhdmeme,https://reddit.com/r/adhdmeme/comments/114zlhy/breakfast_lunch_and_dinner_peanut_butter_and/,2023-02-17T22:41:45,comment,https://reddit.com/r/adhdmeme/comments/114zlhy/breakfast_lunch_and_dinner_peanut_butter_and/,t3_114zlhy,j8yt7it,neutral,0.2423963844776153,neutral,0.2423963844776153,0.0,neutral,True
reddit_comment,national school lunch program whole milk,"I eat white rice almost every single day. If white rice has no fans, assume I am dead.",,adhdmeme,https://reddit.com/r/adhdmeme/comments/114zlhy/breakfast_lunch_and_dinner_peanut_butter_and/,2023-02-18T00:12:40,comment,https://reddit.com/r/adhdmeme/comments/114zlhy/breakfast_lunch_and_dinner_peanut_butter_and/,t3_114zlhy,j8z5hyd,neutral,0.096120648086071,neutral,0.096120648086071,-0.7579,negative,False
reddit_comment,national school lunch program whole milk,Instapot baked chicken and masked potatoes. Probably around the same amount of time as you,,adhdmeme,https://reddit.com/r/adhdmeme/comments/114zlhy/breakfast_lunch_and_dinner_peanut_butter_and/,2023-02-17T22:32:22,comment,https://reddit.com/r/adhdmeme/comments/114zlhy/breakfast_lunch_and_dinner_peanut_butter_and/,t3_114zlhy,j8yrwsw,neutral,0.1961674094200134,neutral,0.1961674094200134,0.0,neutral,True
reddit_comment,national school lunch program whole milk,"If I can help it I have the same 4 meals year round. Crockpot chicken, breakfast burritos, spaghetti, omelettes. Best part is 3/4 I can make in bulk so it’s only cooking once per week and then I’m set. Snacks rotate frequently. This month is dried apricot. Last month was yogurt",,adhdmeme,https://reddit.com/r/adhdmeme/comments/114zlhy/breakfast_lunch_and_dinner_peanut_butter_and/,2023-02-17T22:51:23,comment,https://reddit.com/r/adhdmeme/comments/114zlhy/breakfast_lunch_and_dinner_peanut_butter_and/,t3_114zlhy,j8yujq5,positive,0.7409412860870361,positive,0.7409412860870361,0.7845,positive,True
reddit_comment,national school lunch program whole milk,"Seems like I rotate my favorite food every few weeks - I love love love something, I am not bored at all to eat basically the same thing 2 weeks straight, then I forget this dish even existed.",,adhdmeme,https://reddit.com/r/adhdmeme/comments/114zlhy/breakfast_lunch_and_dinner_peanut_butter_and/,2023-02-17T23:30:39,comment,https://reddit.com/r/adhdmeme/comments/114zlhy/breakfast_lunch_and_dinner_peanut_butter_and/,t3_114zlhy,j8yzxc0,positive,0.9526378512382508,positive,0.9526378512382508,0.9634,positive,True
reddit_comment,national school lunch program whole milk,"You had to go out and buy more milk at some point too, speaking of the hyperfixation on this meal.",,adhdmeme,https://reddit.com/r/adhdmeme/comments/114zlhy/breakfast_lunch_and_dinner_peanut_butter_and/,2023-02-17T22:39:29,comment,https://reddit.com/r/adhdmeme/comments/114zlhy/breakfast_lunch_and_dinner_peanut_butter_and/,t3_114zlhy,j8ysw31,neutral,0.0819294303655624,neutral,0.0819294303655624,0.0,neutral,True
reddit,national school lunch program whole milk,"A school lunch in the 1980s with cheese pizza, corn, a soft pretzel with mustard, mixed fruit cup, and chocolate milk. (US)","A school lunch in the 1980s with cheese pizza, corn, a soft pretzel with mustard, mixed fruit cup, and chocolate milk. (US)",HistoricalCapsule,https://reddit.com/r/HistoricalCapsule/comments/1n1n90c/a_school_lunch_in_the_1980s_with_cheese_pizza/,2025-08-27T17:22:37,post,,t3_1n1n90c,,neutral,0.1086695715785026,neutral,0.1086695715785026,0.0,neutral,True
reddit_comment,national school lunch program whole milk,No matter how bad the lunch was I could always count on a chocolate milk.,,HistoricalCapsule,https://reddit.com/r/HistoricalCapsule/comments/1n1n90c/a_school_lunch_in_the_1980s_with_cheese_pizza/,2025-08-27T18:17:23,comment,https://reddit.com/r/HistoricalCapsule/comments/1n1n90c/a_school_lunch_in_the_1980s_with_cheese_pizza/,t3_1n1n90c,nazp62c,positive,0.4286184012889862,positive,0.4286184012889862,-0.5535,negative,False
reddit_comment,national school lunch program whole milk,Yall got PRETZELS???,,HistoricalCapsule,https://reddit.com/r/HistoricalCapsule/comments/1n1n90c/a_school_lunch_in_the_1980s_with_cheese_pizza/,2025-08-27T18:05:26,comment,https://reddit.com/r/HistoricalCapsule/comments/1n1n90c/a_school_lunch_in_the_1980s_with_cheese_pizza/,t3_1n1n90c,nazmjz7,neutral,0.0570147931575775,neutral,0.0570147931575775,0.0,neutral,True
reddit_comment,national school lunch program whole milk,This actually looks better than what I see today in schools.,,HistoricalCapsule,https://reddit.com/r/HistoricalCapsule/comments/1n1n90c/a_school_lunch_in_the_1980s_with_cheese_pizza/,2025-08-27T17:47:26,comment,https://reddit.com/r/HistoricalCapsule/comments/1n1n90c/a_school_lunch_in_the_1980s_with_cheese_pizza/,t3_1n1n90c,nazik84,positive,0.801223635673523,positive,0.801223635673523,0.4404,positive,True
reddit_comment,national school lunch program whole milk,"I don’t care what anyone says, that pizza was fire",,HistoricalCapsule,https://reddit.com/r/HistoricalCapsule/comments/1n1n90c/a_school_lunch_in_the_1980s_with_cheese_pizza/,2025-08-27T17:35:42,comment,https://reddit.com/r/HistoricalCapsule/comments/1n1n90c/a_school_lunch_in_the_1980s_with_cheese_pizza/,t3_1n1n90c,nazfyua,positive,0.9367144703865052,positive,0.9367144703865052,0.2023,positive,True
reddit_comment,national school lunch program whole milk,Shit. That was my lunch in the 90s and early 2000s,,HistoricalCapsule,https://reddit.com/r/HistoricalCapsule/comments/1n1n90c/a_school_lunch_in_the_1980s_with_cheese_pizza/,2025-08-27T18:43:23,comment,https://reddit.com/r/HistoricalCapsule/comments/1n1n90c/a_school_lunch_in_the_1980s_with_cheese_pizza/,t3_1n1n90c,nazulyp,negative,0.2099765688180923,negative,0.2099765688180923,-0.5574,negative,True
reddit_comment,national school lunch program whole milk,"nowadays, that pretzel and mustard would cost you like two bucks and it would be something you’d have to pay for separate.",,HistoricalCapsule,https://reddit.com/r/HistoricalCapsule/comments/1n1n90c/a_school_lunch_in_the_1980s_with_cheese_pizza/,2025-08-27T17:52:54,comment,https://reddit.com/r/HistoricalCapsule/comments/1n1n90c/a_school_lunch_in_the_1980s_with_cheese_pizza/,t3_1n1n90c,nazjsfs,negative,0.0211079027503728,negative,0.0211079027503728,0.2732,positive,False
reddit_comment,national school lunch program whole milk,Hey how did take a picture of my school lunch? Except I had a plastic spork,,HistoricalCapsule,https://reddit.com/r/HistoricalCapsule/comments/1n1n90c/a_school_lunch_in_the_1980s_with_cheese_pizza/,2025-08-27T18:07:03,comment,https://reddit.com/r/HistoricalCapsule/comments/1n1n90c/a_school_lunch_in_the_1980s_with_cheese_pizza/,t3_1n1n90c,nazmwqm,neutral,0.1741848587989807,neutral,0.1741848587989807,0.0,neutral,True
reddit_comment,national school lunch program whole milk,Looks as shitty now as it tasted back then.,,HistoricalCapsule,https://reddit.com/r/HistoricalCapsule/comments/1n1n90c/a_school_lunch_in_the_1980s_with_cheese_pizza/,2025-08-27T17:50:30,comment,https://reddit.com/r/HistoricalCapsule/comments/1n1n90c/a_school_lunch_in_the_1980s_with_cheese_pizza/,t3_1n1n90c,nazj979,negative,0.0089372852817177,negative,0.0089372852817177,-0.5574,negative,True
reddit,national school lunch program whole milk,This recipe was called “lunch lady pizza.” The kind served in school cafeterias. 😂 Had to try it: an ingredient in the crust is powdered milk,This recipe was called “lunch lady pizza.” The kind served in school cafeterias. 😂 Had to try it: an ingredient in the crust is powdered milk.,Pizza,https://reddit.com/r/Pizza/comments/1m0zlma/this_recipe_was_called_lunch_lady_pizza_the_kind/,2025-07-16T01:18:50,post,,t3_1m0zlma,,neutral,0.4399618208408355,neutral,0.4399618208408355,0.743,positive,False
reddit_comment,national school lunch program whole milk,Rectangle school cheese pizza will always have a place in my heart,,Pizza,https://reddit.com/r/Pizza/comments/1m0zlma/this_recipe_was_called_lunch_lady_pizza_the_kind/,2025-07-16T01:38:51,comment,https://reddit.com/r/Pizza/comments/1m0zlma/this_recipe_was_called_lunch_lady_pizza_the_kind/,t3_1m0zlma,n3ddo7d,positive,0.9093756079673768,positive,0.9093756079673768,0.6369,positive,True
reddit_comment,national school lunch program whole milk,Powdered milk is common if a softer texture is desired,,Pizza,https://reddit.com/r/Pizza/comments/1m0zlma/this_recipe_was_called_lunch_lady_pizza_the_kind/,2025-07-16T01:35:24,comment,https://reddit.com/r/Pizza/comments/1m0zlma/this_recipe_was_called_lunch_lady_pizza_the_kind/,t3_1m0zlma,n3dd2sf,neutral,0.1110150963068008,neutral,0.1110150963068008,0.2732,positive,False
reddit_comment,national school lunch program whole milk,that’s actually fire looks yummy,,Pizza,https://reddit.com/r/Pizza/comments/1m0zlma/this_recipe_was_called_lunch_lady_pizza_the_kind/,2025-07-16T01:25:33,comment,https://reddit.com/r/Pizza/comments/1m0zlma/this_recipe_was_called_lunch_lady_pizza_the_kind/,t3_1m0zlma,n3dbf30,positive,0.953970730304718,positive,0.953970730304718,0.25,positive,True
reddit_comment,national school lunch program whole milk,Did you cut it with kitchen scissors like the lunch ladies? (Looks good!),,Pizza,https://reddit.com/r/Pizza/comments/1m0zlma/this_recipe_was_called_lunch_lady_pizza_the_kind/,2025-07-16T01:28:10,comment,https://reddit.com/r/Pizza/comments/1m0zlma/this_recipe_was_called_lunch_lady_pizza_the_kind/,t3_1m0zlma,n3dbv2m,positive,0.9188132882118224,positive,0.9188132882118224,0.5562,positive,True
reddit_comment,national school lunch program whole milk,Powdered milk is somewhat common for pizza for pan styles/thicker crusts. I know Pizza Hut back in the day used it for their pan pizzas. Gives it more even browning and a softer/lighter texture that works well for some styles.,,Pizza,https://reddit.com/r/Pizza/comments/1m0zlma/this_recipe_was_called_lunch_lady_pizza_the_kind/,2025-07-16T01:40:54,comment,https://reddit.com/r/Pizza/comments/1m0zlma/this_recipe_was_called_lunch_lady_pizza_the_kind/,t3_1m0zlma,n3de0xx,positive,0.4965647757053375,positive,0.4965647757053375,0.2732,positive,True
reddit_comment,national school lunch program whole milk,So many memories... - when they would add the little cuts of pepperoni - sometimes you would get the corner-corner that was just a little bit extra crusty (chef's kiss) - Sodexho - the way the milk and pizza combo tastes different than either of those alone,,Pizza,https://reddit.com/r/Pizza/comments/1m0zlma/this_recipe_was_called_lunch_lady_pizza_the_kind/,2025-07-16T02:31:35,comment,https://reddit.com/r/Pizza/comments/1m0zlma/this_recipe_was_called_lunch_lady_pizza_the_kind/,t3_1m0zlma,n3dmmjb,neutral,0.3604968190193176,neutral,0.3604968190193176,-0.0276,neutral,True
reddit_comment,national school lunch program whole milk,I make a milk bread recipe from King Arthur that also has powered milk. Delicious too as your pizza looks,,Pizza,https://reddit.com/r/Pizza/comments/1m0zlma/this_recipe_was_called_lunch_lady_pizza_the_kind/,2025-07-16T01:28:47,comment,https://reddit.com/r/Pizza/comments/1m0zlma/this_recipe_was_called_lunch_lady_pizza_the_kind/,t3_1m0zlma,n3dbyyh,positive,0.9257753491401672,positive,0.9257753491401672,0.5719,positive,True
reddit_comment,national school lunch program whole milk,Fun Tasting History episode with a school pizza recipe and backstory if anyone's interested,,Pizza,https://reddit.com/r/Pizza/comments/1m0zlma/this_recipe_was_called_lunch_lady_pizza_the_kind/,2025-07-16T06:08:02,comment,https://reddit.com/r/Pizza/comments/1m0zlma/this_recipe_was_called_lunch_lady_pizza_the_kind/,t3_1m0zlma,n3eftc3,positive,0.8435178399085999,positive,0.8435178399085999,0.7184,positive,True
reddit_comment,national school lunch program whole milk,Lunch lady pizza was awesome.,,Pizza,https://reddit.com/r/Pizza/comments/1m0zlma/this_recipe_was_called_lunch_lady_pizza_the_kind/,2025-07-16T01:32:17,comment,https://reddit.com/r/Pizza/comments/1m0zlma/this_recipe_was_called_lunch_lady_pizza_the_kind/,t3_1m0zlma,n3dcjuk,positive,0.9864069819450378,positive,0.9864069819450378,0.6249,positive,True
reddit_comment,national school lunch program whole milk,I actually collect old food service cookbooks from the 70s and 80s to dial in my cafeteria slice recipe. -Lotta yeast/same-day dough -low hydration -lotta sugar,,Pizza,https://reddit.com/r/Pizza/comments/1m0zlma/this_recipe_was_called_lunch_lady_pizza_the_kind/,2025-07-16T01:52:00,comment,https://reddit.com/r/Pizza/comments/1m0zlma/this_recipe_was_called_lunch_lady_pizza_the_kind/,t3_1m0zlma,n3dfyq0,neutral,0.0708900392055511,neutral,0.0708900392055511,-0.2732,negative,False
reddit,national school lunch program whole milk,"As Trump pushes whole milk, NYC schools say they're sticking with 1%","As Trump pushes whole milk, NYC schools say they're sticking with 1%",nyc,https://reddit.com/r/nyc/comments/1qfcyba/as_trump_pushes_whole_milk_nyc_schools_say_theyre/,2026-01-17T13:16:07,post,,t3_1qfcyba,,neutral,0.0317392088472843,neutral,0.0317392088472843,0.0,neutral,True
reddit_comment,national school lunch program whole milk,I work for the DOE and the skeptic in me says this has more to do with contracting headache that would happen if we were to suddenly change the milks,,nyc,https://reddit.com/r/nyc/comments/1qfcyba/as_trump_pushes_whole_milk_nyc_schools_say_theyre/,2026-01-17T13:46:35,comment,https://reddit.com/r/nyc/comments/1qfcyba/as_trump_pushes_whole_milk_nyc_schools_say_theyre/,t3_1qfcyba,o03qydf,neutral,0.0324631407856941,neutral,0.0324631407856941,-0.2263,negative,False
reddit_comment,national school lunch program whole milk,"""On Wednesday, President Donald Trump signed a bill that **allows** schools participating in the National School Lunch Program to serve whole and 2% milk alongside fat-free and low-fat versions."" [",,nyc,https://reddit.com/r/nyc/comments/1qfcyba/as_trump_pushes_whole_milk_nyc_schools_say_theyre/,2026-01-17T13:44:21,comment,https://reddit.com/r/nyc/comments/1qfcyba/as_trump_pushes_whole_milk_nyc_schools_say_theyre/,t3_1qfcyba,o03qkq0,neutral,0.3896473348140716,neutral,0.3896473348140716,0.0,neutral,True
reddit_comment,national school lunch program whole milk,"We kidnapped a president of a sovereign nation 2 weeks ago, killed a women 1 week ago, now we are talking about milk. They have you all hooked on ""flood the zone"".",,nyc,https://reddit.com/r/nyc/comments/1qfcyba/as_trump_pushes_whole_milk_nyc_schools_say_theyre/,2026-01-17T19:08:56,comment,https://reddit.com/r/nyc/comments/1qfcyba/as_trump_pushes_whole_milk_nyc_schools_say_theyre/,t3_1qfcyba,o05l8m9,negative,0.0048857629299163,negative,0.0048857629299163,-0.6705,negative,True
reddit_comment,national school lunch program whole milk,I have always preferred whole milk and agree that it should be served in schools.,,nyc,https://reddit.com/r/nyc/comments/1qfcyba/as_trump_pushes_whole_milk_nyc_schools_say_theyre/,2026-01-17T14:15:06,comment,https://reddit.com/r/nyc/comments/1qfcyba/as_trump_pushes_whole_milk_nyc_schools_say_theyre/,t3_1qfcyba,o03w1p2,neutral,0.4780729711055755,neutral,0.4780729711055755,0.3612,positive,False
reddit_comment,national school lunch program whole milk,"If they do whole, they have to redesign the whole menu to reach nutritional goals. Less than whole milk allows more nutrients to come from food. Adding whole Milk reduces the margin for error to meet those goals.",,nyc,https://reddit.com/r/nyc/comments/1qfcyba/as_trump_pushes_whole_milk_nyc_schools_say_theyre/,2026-01-17T13:32:57,comment,https://reddit.com/r/nyc/comments/1qfcyba/as_trump_pushes_whole_milk_nyc_schools_say_theyre/,t3_1qfcyba,o03oocr,neutral,0.1392923295497894,neutral,0.1392923295497894,-0.3818,negative,False
reddit_comment,national school lunch program whole milk,They serve 1% and skim. God forbid they have 2% and live a little. lol.,,nyc,https://reddit.com/r/nyc/comments/1qfcyba/as_trump_pushes_whole_milk_nyc_schools_say_theyre/,2026-01-17T13:24:52,comment,https://reddit.com/r/nyc/comments/1qfcyba/as_trump_pushes_whole_milk_nyc_schools_say_theyre/,t3_1qfcyba,o03ndau,negative,0.0548352934420108,negative,0.0548352934420108,0.3197,positive,False
reddit_comment,national school lunch program whole milk,"&gt; On Wednesday, President Donald Trump signed legislation that reverses an Obama-era ban on whole milk at schools funded through the federal lunch program. This ban didn’t make sense though, so it’s good that it’s being reversed.",,nyc,https://reddit.com/r/nyc/comments/1qfcyba/as_trump_pushes_whole_milk_nyc_schools_say_theyre/,2026-01-17T13:53:31,comment,https://reddit.com/r/nyc/comments/1qfcyba/as_trump_pushes_whole_milk_nyc_schools_say_theyre/,t3_1qfcyba,o03s5mz,positive,0.5475977063179016,positive,0.5475977063179016,-0.688,negative,False
reddit_comment,national school lunch program whole milk,"everyone should be drinking whole milk, if you drink milk at all",,nyc,https://reddit.com/r/nyc/comments/1qfcyba/as_trump_pushes_whole_milk_nyc_schools_say_theyre/,2026-01-17T13:52:50,comment,https://reddit.com/r/nyc/comments/1qfcyba/as_trump_pushes_whole_milk_nyc_schools_say_theyre/,t3_1qfcyba,o03s1b8,neutral,0.1043629348278045,neutral,0.1043629348278045,0.0,neutral,True
reddit_comment,national school lunch program whole milk,"This Trump does A, so we should do B attitude is ridiculous. 1%/skim milk tastes like ass, and many kids won't drink it at all b/c of it. Whole milk tastes great and should be in embraced. The difference in SF is pretty small, ~3 grams for the entire milk carton.",,nyc,https://reddit.com/r/nyc/comments/1qfcyba/as_trump_pushes_whole_milk_nyc_schools_say_theyre/,2026-01-17T14:34:53,comment,https://reddit.com/r/nyc/comments/1qfcyba/as_trump_pushes_whole_milk_nyc_schools_say_theyre/,t3_1qfcyba,o03zqt5,negative,0.0190914031118154,negative,0.0190914031118154,0.5859,positive,False
reddit,national school lunch program whole milk,"A school lunch in the 1980s with cheese pizza, corn, a soft pretzel with mustard, mixed fruit cup, and chocolate milk. (US)","A school lunch in the 1980s with cheese pizza, corn, a soft pretzel with mustard, mixed fruit cup, and chocolate milk. (US)",Xennials,https://reddit.com/r/Xennials/comments/1n1rlen/a_school_lunch_in_the_1980s_with_cheese_pizza/,2025-08-27T20:05:40,post,,t3_1n1rlen,,neutral,0.1086695715785026,neutral,0.1086695715785026,0.0,neutral,True
reddit_comment,national school lunch program whole milk,They had this school lunch in the 90s too and I loved that pizza! 😋,,Xennials,https://reddit.com/r/Xennials/comments/1n1rlen/a_school_lunch_in_the_1980s_with_cheese_pizza/,2025-08-27T20:08:56,comment,https://reddit.com/r/Xennials/comments/1n1rlen/a_school_lunch_in_the_1980s_with_cheese_pizza/,t3_1n1rlen,nb0cjxi,positive,0.975573480129242,positive,0.975573480129242,0.636,positive,True
reddit_comment,national school lunch program whole milk,"I think about that pizza and corn at least once a week. Man, pizza day was huge.",,Xennials,https://reddit.com/r/Xennials/comments/1n1rlen/a_school_lunch_in_the_1980s_with_cheese_pizza/,2025-08-27T20:13:09,comment,https://reddit.com/r/Xennials/comments/1n1rlen/a_school_lunch_in_the_1980s_with_cheese_pizza/,t3_1n1rlen,nb0dgp2,positive,0.8895259499549866,positive,0.8895259499549866,0.3182,positive,True
reddit_comment,national school lunch program whole milk,"I was just telling my family a few weeks ago that the aroma from the school cafeteria from my first grade school (we are talking early '90s) has not left my memory bank. I can still imagine walking in and catching the amalgamation of cleaning supplies, processed food and that weird scent that every school cafeteria had. Anyway, it will never be forgotten. Additionally, my children will never eat this kind of garbage at school.",,Xennials,https://reddit.com/r/Xennials/comments/1n1rlen/a_school_lunch_in_the_1980s_with_cheese_pizza/,2025-08-27T20:21:33,comment,https://reddit.com/r/Xennials/comments/1n1rlen/a_school_lunch_in_the_1980s_with_cheese_pizza/,t3_1n1rlen,nb0fajb,negative,0.1833442598581314,negative,0.1833442598581314,-0.0088,neutral,False
reddit_comment,national school lunch program whole milk,I miss these days. Eat up. Go play tag or dodgeball.,,Xennials,https://reddit.com/r/Xennials/comments/1n1rlen/a_school_lunch_in_the_1980s_with_cheese_pizza/,2025-08-27T20:15:40,comment,https://reddit.com/r/Xennials/comments/1n1rlen/a_school_lunch_in_the_1980s_with_cheese_pizza/,t3_1n1rlen,nb0e09a,positive,0.4887919425964355,positive,0.4887919425964355,0.2023,positive,True
reddit_comment,national school lunch program whole milk,We only got chocolate milk on Fridays and it was considered a special occasion when the pizza had a singular pepperoni in the middle.,,Xennials,https://reddit.com/r/Xennials/comments/1n1rlen/a_school_lunch_in_the_1980s_with_cheese_pizza/,2025-08-27T20:19:47,comment,https://reddit.com/r/Xennials/comments/1n1rlen/a_school_lunch_in_the_1980s_with_cheese_pizza/,t3_1n1rlen,nb0ewh7,neutral,0.286980003118515,neutral,0.286980003118515,0.4019,positive,False
reddit_comment,national school lunch program whole milk,Tasting History with Max Miller has the recipe for the pizza.,,Xennials,https://reddit.com/r/Xennials/comments/1n1rlen/a_school_lunch_in_the_1980s_with_cheese_pizza/,2025-08-27T20:31:13,comment,https://reddit.com/r/Xennials/comments/1n1rlen/a_school_lunch_in_the_1980s_with_cheese_pizza/,t3_1n1rlen,nb0he2y,neutral,0.2126732915639877,neutral,0.2126732915639877,0.0,neutral,True
reddit_comment,national school lunch program whole milk,Them kids don't need no damn protein.,,Xennials,https://reddit.com/r/Xennials/comments/1n1rlen/a_school_lunch_in_the_1980s_with_cheese_pizza/,2025-08-27T20:46:42,comment,https://reddit.com/r/Xennials/comments/1n1rlen/a_school_lunch_in_the_1980s_with_cheese_pizza/,t3_1n1rlen,nb0kpqc,negative,0.0418304949998855,negative,0.0418304949998855,-0.2337,negative,True
reddit_comment,national school lunch program whole milk,Why we're now on GLP-1 meds.,,Xennials,https://reddit.com/r/Xennials/comments/1n1rlen/a_school_lunch_in_the_1980s_with_cheese_pizza/,2025-08-27T20:48:27,comment,https://reddit.com/r/Xennials/comments/1n1rlen/a_school_lunch_in_the_1980s_with_cheese_pizza/,t3_1n1rlen,nb0l3li,neutral,0.0885185375809669,neutral,0.0885185375809669,0.0,neutral,True
reddit_comment,national school lunch program whole milk,I’ve said it before and I’ll say it again (and deal with the downvotes): That pizza was disgusting.,,Xennials,https://reddit.com/r/Xennials/comments/1n1rlen/a_school_lunch_in_the_1980s_with_cheese_pizza/,2025-08-27T20:20:54,comment,https://reddit.com/r/Xennials/comments/1n1rlen/a_school_lunch_in_the_1980s_with_cheese_pizza/,t3_1n1rlen,nb0f574,negative,0.0157710928469896,negative,0.0157710928469896,-0.5267,negative,True
reddit,national school lunch program whole milk,Pizza and Chocolate milk school lunch set us up for our healthy later years.. The reduced fat of the milk balanced out the fake ingredients of the pizza,Pizza and Chocolate milk school lunch set us up for our healthy later years.,FuckImOld,https://reddit.com/r/FuckImOld/comments/1isdzcj/pizza_and_chocolate_milk_school_lunch_set_us_up/,2025-02-18T14:32:10,post,,t3_1isdzcj,,positive,0.723590612411499,positive,0.723590612411499,-0.1027,negative,False
reddit_comment,national school lunch program whole milk,That pizza...is the reason I buy Totino's Pizzas to this day. Nostalgia.,,FuckImOld,https://reddit.com/r/FuckImOld/comments/1isdzcj/pizza_and_chocolate_milk_school_lunch_set_us_up/,2025-02-18T16:10:01,comment,https://reddit.com/r/FuckImOld/comments/1isdzcj/pizza_and_chocolate_milk_school_lunch_set_us_up/,t3_1isdzcj,mdg5wb4,positive,0.9615300297737122,positive,0.9615300297737122,0.0,neutral,False
reddit_comment,national school lunch program whole milk,If you search school lunch pizza recipe there is a guy who is recreating it from the USDA and FNS original recipes. He even makes the recipes smaller so you don't have to make rectangle pizzas for 900 snot nosed 80s kids!,,FuckImOld,https://reddit.com/r/FuckImOld/comments/1isdzcj/pizza_and_chocolate_milk_school_lunch_set_us_up/,2025-02-18T14:39:58,comment,https://reddit.com/r/FuckImOld/comments/1isdzcj/pizza_and_chocolate_milk_school_lunch_set_us_up/,t3_1isdzcj,mdfo656,positive,0.5324046611785889,positive,0.5324046611785889,0.3802,positive,True
reddit_comment,national school lunch program whole milk,"That was a rough combo to have before P.E., especially if it was a day when you had to run the mile.",,FuckImOld,https://reddit.com/r/FuckImOld/comments/1isdzcj/pizza_and_chocolate_milk_school_lunch_set_us_up/,2025-02-18T14:50:00,comment,https://reddit.com/r/FuckImOld/comments/1isdzcj/pizza_and_chocolate_milk_school_lunch_set_us_up/,t3_1isdzcj,mdfq07c,negative,0.0165499113500118,negative,0.0165499113500118,0.0,neutral,False
reddit_comment,national school lunch program whole milk,"Pizza, corn niblets, and chocolate milk!!",,FuckImOld,https://reddit.com/r/FuckImOld/comments/1isdzcj/pizza_and_chocolate_milk_school_lunch_set_us_up/,2025-02-18T18:56:24,comment,https://reddit.com/r/FuckImOld/comments/1isdzcj/pizza_and_chocolate_milk_school_lunch_set_us_up/,t3_1isdzcj,mdh5mj9,positive,0.7510595321655273,positive,0.7510595321655273,0.0,neutral,False
reddit_comment,national school lunch program whole milk,At least the chocolate milk was reduced fat?,,FuckImOld,https://reddit.com/r/FuckImOld/comments/1isdzcj/pizza_and_chocolate_milk_school_lunch_set_us_up/,2025-02-18T16:33:25,comment,https://reddit.com/r/FuckImOld/comments/1isdzcj/pizza_and_chocolate_milk_school_lunch_set_us_up/,t3_1isdzcj,mdgarmt,neutral,0.1747478693723678,neutral,0.1747478693723678,0.0,neutral,True
reddit_comment,national school lunch program whole milk,Loved pizza and fries day.,,FuckImOld,https://reddit.com/r/FuckImOld/comments/1isdzcj/pizza_and_chocolate_milk_school_lunch_set_us_up/,2025-02-18T17:23:17,comment,https://reddit.com/r/FuckImOld/comments/1isdzcj/pizza_and_chocolate_milk_school_lunch_set_us_up/,t3_1isdzcj,mdglej9,positive,0.9873709678649902,positive,0.9873709678649902,0.5994,positive,True
reddit_comment,national school lunch program whole milk,"Yes. I wasn't fat in school, but I ended up needing a gastric bypass later in life.",,FuckImOld,https://reddit.com/r/FuckImOld/comments/1isdzcj/pizza_and_chocolate_milk_school_lunch_set_us_up/,2025-02-18T18:48:29,comment,https://reddit.com/r/FuckImOld/comments/1isdzcj/pizza_and_chocolate_milk_school_lunch_set_us_up/,t3_1isdzcj,mdh3vt5,neutral,0.0725364685058593,neutral,0.0725364685058593,0.2144,positive,False
reddit_comment,national school lunch program whole milk,They was our Friday’s school lunch. Never forgot my money then!,,FuckImOld,https://reddit.com/r/FuckImOld/comments/1isdzcj/pizza_and_chocolate_milk_school_lunch_set_us_up/,2025-02-18T18:52:53,comment,https://reddit.com/r/FuckImOld/comments/1isdzcj/pizza_and_chocolate_milk_school_lunch_set_us_up/,t3_1isdzcj,mdh4ur4,positive,0.6708574891090393,positive,0.6708574891090393,0.0,neutral,False
reddit_comment,national school lunch program whole milk,Loved those rectangular pizzas!!,,FuckImOld,https://reddit.com/r/FuckImOld/comments/1isdzcj/pizza_and_chocolate_milk_school_lunch_set_us_up/,2025-02-18T19:18:31,comment,https://reddit.com/r/FuckImOld/comments/1isdzcj/pizza_and_chocolate_milk_school_lunch_set_us_up/,t3_1isdzcj,mdhagf5,positive,0.983331561088562,positive,0.983331561088562,0.6688,positive,True
reddit,national school lunch program whole milk,PA congressman brings whole milk back to schools to prop up dairy industry,PA congressman brings whole milk back to schools to prop up dairy industry,Pennsylvania,https://reddit.com/r/Pennsylvania/comments/1ppql96/pa_congressman_brings_whole_milk_back_to_schools/,2025-12-18T13:18:14,post,,t3_1ppql96,,neutral,0.1070102900266647,neutral,0.1070102900266647,0.0,neutral,True
reddit_comment,national school lunch program whole milk,"I like how the entire ecomony is basically all subsidies and borderline planned, yet these same people get their panties in a giant knot at the mere suggestion of universal healthcare, education, tranist investment, etc",,Pennsylvania,https://reddit.com/r/Pennsylvania/comments/1ppql96/pa_congressman_brings_whole_milk_back_to_schools/,2025-12-18T13:33:00,comment,https://reddit.com/r/Pennsylvania/comments/1ppql96/pa_congressman_brings_whole_milk_back_to_schools/,t3_1ppql96,nuol7d5,negative,0.0542147196829319,negative,0.0542147196829319,0.3612,positive,False
reddit_comment,national school lunch program whole milk,The children yearn for the milks.,,Pennsylvania,https://reddit.com/r/Pennsylvania/comments/1ppql96/pa_congressman_brings_whole_milk_back_to_schools/,2025-12-18T13:27:02,comment,https://reddit.com/r/Pennsylvania/comments/1ppql96/pa_congressman_brings_whole_milk_back_to_schools/,t3_1ppql96,nuok9aa,neutral,0.0588146597146987,neutral,0.0588146597146987,0.0,neutral,True
reddit_comment,national school lunch program whole milk,"What pisses me off is the flavored milks, they have as much sugar as soda.",,Pennsylvania,https://reddit.com/r/Pennsylvania/comments/1ppql96/pa_congressman_brings_whole_milk_back_to_schools/,2025-12-18T13:28:26,comment,https://reddit.com/r/Pennsylvania/comments/1ppql96/pa_congressman_brings_whole_milk_back_to_schools/,t3_1ppql96,nuokh6f,negative,0.0067673893645405,negative,0.0067673893645405,-0.34,negative,True
reddit_comment,national school lunch program whole milk,rugged individualism is for the working class and planned economies are for the donor class,,Pennsylvania,https://reddit.com/r/Pennsylvania/comments/1ppql96/pa_congressman_brings_whole_milk_back_to_schools/,2025-12-18T14:30:50,comment,https://reddit.com/r/Pennsylvania/comments/1ppql96/pa_congressman_brings_whole_milk_back_to_schools/,t3_1ppql96,nuouyqd,neutral,0.0419820360839366,neutral,0.0419820360839366,0.0,neutral,True
reddit_comment,national school lunch program whole milk,As long as it's not raw milk.. kids hate fat-free milk,,Pennsylvania,https://reddit.com/r/Pennsylvania/comments/1ppql96/pa_congressman_brings_whole_milk_back_to_schools/,2025-12-18T13:28:14,comment,https://reddit.com/r/Pennsylvania/comments/1ppql96/pa_congressman_brings_whole_milk_back_to_schools/,t3_1ppql96,nuokg1u,negative,0.0224883574992418,negative,0.0224883574992418,-0.5719,negative,True
reddit_comment,national school lunch program whole milk,I thought we were supposed to let the free market decide which businesses win?,,Pennsylvania,https://reddit.com/r/Pennsylvania/comments/1ppql96/pa_congressman_brings_whole_milk_back_to_schools/,2025-12-18T15:32:41,comment,https://reddit.com/r/Pennsylvania/comments/1ppql96/pa_congressman_brings_whole_milk_back_to_schools/,t3_1ppql96,nup67gm,neutral,0.0613216608762741,neutral,0.0613216608762741,0.7964,positive,False
reddit_comment,national school lunch program whole milk,"surprised that it wasnt RAW milk, because that pic has alot of RFK energy",,Pennsylvania,https://reddit.com/r/Pennsylvania/comments/1ppql96/pa_congressman_brings_whole_milk_back_to_schools/,2025-12-18T19:40:30,comment,https://reddit.com/r/Pennsylvania/comments/1ppql96/pa_congressman_brings_whole_milk_back_to_schools/,t3_1ppql96,nuqiwg9,negative,0.0511489361524581,negative,0.0511489361524581,0.4588,positive,False
reddit_comment,national school lunch program whole milk,Whole milk was removed from schools? Weird,,Pennsylvania,https://reddit.com/r/Pennsylvania/comments/1ppql96/pa_congressman_brings_whole_milk_back_to_schools/,2025-12-18T13:42:30,comment,https://reddit.com/r/Pennsylvania/comments/1ppql96/pa_congressman_brings_whole_milk_back_to_schools/,t3_1ppql96,nuomqvb,negative,0.0173477679491043,negative,0.0173477679491043,-0.1779,negative,True
reddit_comment,national school lunch program whole milk,When you realize that the only reason politicians got behind any program to provide any food at all in school was to provide a subsidy to the ag industry...,,Pennsylvania,https://reddit.com/r/Pennsylvania/comments/1ppql96/pa_congressman_brings_whole_milk_back_to_schools/,2025-12-18T18:44:15,comment,https://reddit.com/r/Pennsylvania/comments/1ppql96/pa_congressman_brings_whole_milk_back_to_schools/,t3_1ppql96,nuq7n8c,negative,0.0187657158821821,negative,0.0187657158821821,0.0,neutral,False
reddit_comment,national school lunch program whole milk,Honestly surprised at how many folks have such vehement opinions against whole milk with the down voting here. I know it's Reddit but choice of milk seems like a non-issue compared to the headline of propping up the dairy industry. Shouldn't that be the topic of discussion?,,Pennsylvania,https://reddit.com/r/Pennsylvania/comments/1ppql96/pa_congressman_brings_whole_milk_back_to_schools/,2025-12-18T18:07:16,comment,https://reddit.com/r/Pennsylvania/comments/1ppql96/pa_congressman_brings_whole_milk_back_to_schools/,t3_1ppql96,nuq0bbu,negative,0.0151772713288664,negative,0.0151772713288664,0.6908,positive,False
reddit,national school lunch program whole milk,"[EVENT] Don't cry over spilt Milk. In late 1967 the Government decided to end the practice of providing a small ration of milk free of charge to every schoolchild, every day. This decision was made due to budgetary concerns with the program being seen as a politically cheap cow to take to the slaughtering block in order to find savings for the budget. While the savings were marginal - less than 1% of the Ministry of Education’s annual budget - the decision was seen positively by the Government given the minimal Political backlash that it received at the time, after all not that many school children liked drinking warm-lukewarm milk with their food. The Minister responsible for the quiet killing was patted on the back within Nationals circles. That was, at least, until the Opposition Labour party made it a campaign issue before the 1969 election and began to muster support. The flaws of the original ""School Milk"" program was obvious to anyone with any experience of it. Milk had been served lukewarm at best due to a lack of refrigeration in schools and the literature on the actual benefits of a daily milk ration was somewhat inconclusive. Many children had simply refused to drink the tepid stuff while others had ""Disposed"" of it down sinks and poured it on the ground. On the literature side, while Milk was known to be healthy emerging evidence was pointing to the fact that it's benefits had been vastly overstated by the Dairy industry. Rather than recreating the program like for like, Labour promised, if elected to fund the installation of refrigeration faculties in every school in the country. Along with that, they expressed their intention to expand the scope beyond simply Milk and towards a more comprehensive system of government-funded meals within Elementary and Senior schools. This, they claimed, would have several positive economic and social effects. Providing free or subsided meals - Labour wasn't clear which it would do - would allow the nation's households rich or poor to save money previous",[EVENT] Don't cry over spilt Milk,ColdWarPowers,https://reddit.com/r/ColdWarPowers/comments/krf3gi/event_dont_cry_over_spilt_milk/,2021-01-06T03:20:01,post,,t3_krf3gi,,neutral,0.0305203292518854,neutral,0.0305203292518854,0.9911,positive,False
reddit,national school lunch program whole milk,"Where to Find Money For Single Moms. If you are looking for money for single moms then there are plenty of grants and other federal and state-sponsored programs available. These programs are usually designed with certain needs in mind such as food, housing, medical care, college, and so on. The following is a brief overview of a few of the more commonly used programs that are an excellent place to start on your search. While school lunches are not typically expensive, every little bit of money for single mothers you can get your hands on is a help. This is why you should apply for the National School Lunch Program. This will provide your child with nutritious lunches, afternoon snacks, and fresh fruits and vegetables. Now there is even a School Breakfast Program and a Special Milk Program that will help you keep your child fed while they are at school. If you are looking for other ways to provide food for your children you may want to look into the many governments and private sponsored programs available. There are many institutions out there that are willing to give money for single moms as long as they will use it to purchase food. The Food Stamp Program is perhaps the best well known. It was developed in order to provide low-income families with the food they need in order to stay healthy. Benefits are now provided on electronic debit cards which are easy to use. To apply you simply fill out your state's application form. Another program which provides money for single mothers which you may be interested in is WIC, a USDA sponsored program for Women, Infants, and Children. WIC provides Federal grants to individual states in order to fund a whole host of programs including foods, health care, nutrition education for pregnant and postpartum women, and young children who may be at nutritional risk. To find out more about these programs and to see which ones you may qualify for, simply visit the official government Web site for WIC, GovBenefits.gov. This site will provide you with information on over 1",Where to Find Money For Single Moms,SingleParents,https://reddit.com/r/SingleParents/comments/emr8oa/where_to_find_money_for_single_moms/,2020-01-10T13:57:07,post,,t3_emr8oa,,positive,0.575192391872406,positive,0.575192391872406,0.9897,positive,True
reddit,national school lunch program whole milk,What do you think of Trump's bill allowing whole milk back into schools? Why?. Article: [ Clip of it: [ The bill: [,What do you think of Trump's bill allowing whole milk back into schools? Why?,allthequestions,https://reddit.com/r/allthequestions/comments/1qd6fg9/what_do_you_think_of_trumps_bill_allowing_whole/,2026-01-15T01:51:07,post,,t3_1qd6fg9,,neutral,0.0143282683566212,neutral,0.0143282683566212,0.0,neutral,True
reddit_comment,national school lunch program whole milk,Was whole milk not allowed in schools?,,allthequestions,https://reddit.com/r/allthequestions/comments/1qd6fg9/what_do_you_think_of_trumps_bill_allowing_whole/,2026-01-15T01:52:57,comment,https://reddit.com/r/allthequestions/comments/1qd6fg9/what_do_you_think_of_trumps_bill_allowing_whole/,t3_1qd6fg9,nznjpzc,neutral,0.0178724434226751,neutral,0.0178724434226751,0.0,neutral,True
reddit_comment,national school lunch program whole milk,"Of all the problems in the world, this isn’t even on my radar.",,allthequestions,https://reddit.com/r/allthequestions/comments/1qd6fg9/what_do_you_think_of_trumps_bill_allowing_whole/,2026-01-15T02:07:32,comment,https://reddit.com/r/allthequestions/comments/1qd6fg9/what_do_you_think_of_trumps_bill_allowing_whole/,t3_1qd6fg9,nznm9dg,negative,0.0081305038183927,negative,0.0081305038183927,-0.4019,negative,True
reddit_comment,national school lunch program whole milk,I’m old enough to remember when Republicans had an absolute shit fit because Michelle Obama told kids to eat vegetables. None of this is serious.,,allthequestions,https://reddit.com/r/allthequestions/comments/1qd6fg9/what_do_you_think_of_trumps_bill_allowing_whole/,2026-01-15T02:40:06,comment,https://reddit.com/r/allthequestions/comments/1qd6fg9/what_do_you_think_of_trumps_bill_allowing_whole/,t3_1qd6fg9,nznruga,negative,0.0136766079813241,negative,0.0136766079813241,-0.34,negative,True
reddit_comment,national school lunch program whole milk,OMG HES TACKLING THE HARD HITTING ISSUES!!,,allthequestions,https://reddit.com/r/allthequestions/comments/1qd6fg9/what_do_you_think_of_trumps_bill_allowing_whole/,2026-01-15T02:02:05,comment,https://reddit.com/r/allthequestions/comments/1qd6fg9/what_do_you_think_of_trumps_bill_allowing_whole/,t3_1qd6fg9,nznlbh3,positive,0.7871745824813843,positive,0.7871745824813843,-0.2462,negative,False
reddit_comment,national school lunch program whole milk,I'm confused- what does this have to do with the epstein list?,,allthequestions,https://reddit.com/r/allthequestions/comments/1qd6fg9/what_do_you_think_of_trumps_bill_allowing_whole/,2026-01-15T02:02:36,comment,https://reddit.com/r/allthequestions/comments/1qd6fg9/what_do_you_think_of_trumps_bill_allowing_whole/,t3_1qd6fg9,nznlept,neutral,0.0105140293017029,neutral,0.0105140293017029,-0.3182,negative,False
reddit_comment,national school lunch program whole milk,"I think it's fine, but that Trump has basically fuckall to do with it.",,allthequestions,https://reddit.com/r/allthequestions/comments/1qd6fg9/what_do_you_think_of_trumps_bill_allowing_whole/,2026-01-15T02:07:48,comment,https://reddit.com/r/allthequestions/comments/1qd6fg9/what_do_you_think_of_trumps_bill_allowing_whole/,t3_1qd6fg9,nznmb1d,negative,0.0137518821284174,negative,0.0137518821284174,0.1027,positive,False
reddit_comment,national school lunch program whole milk,![gif](giphy|7U7oEJkAiP5Xq),,allthequestions,https://reddit.com/r/allthequestions/comments/1qd6fg9/what_do_you_think_of_trumps_bill_allowing_whole/,2026-01-15T02:12:49,comment,https://reddit.com/r/allthequestions/comments/1qd6fg9/what_do_you_think_of_trumps_bill_allowing_whole/,t3_1qd6fg9,nznn6bo,neutral,0.1750391870737075,neutral,0.1750391870737075,0.0,neutral,True
reddit_comment,national school lunch program whole milk,Should be up to each school district what to allow and what not to allow. I don't care for top down decision making on minutia type issues like this,,allthequestions,https://reddit.com/r/allthequestions/comments/1qd6fg9/what_do_you_think_of_trumps_bill_allowing_whole/,2026-01-15T02:20:47,comment,https://reddit.com/r/allthequestions/comments/1qd6fg9/what_do_you_think_of_trumps_bill_allowing_whole/,t3_1qd6fg9,nznojoz,negative,0.0138156795874238,negative,0.0138156795874238,-0.1245,negative,True
reddit_comment,national school lunch program whole milk,I'm cool with it but it didn't deserve the freakin fanfare it got. Slow day for press conferences i guess.,,allthequestions,https://reddit.com/r/allthequestions/comments/1qd6fg9/what_do_you_think_of_trumps_bill_allowing_whole/,2026-01-15T02:23:48,comment,https://reddit.com/r/allthequestions/comments/1qd6fg9/what_do_you_think_of_trumps_bill_allowing_whole/,t3_1qd6fg9,nznp2b3,negative,0.0130309723317623,negative,0.0130309723317623,0.1655,positive,False
reddit,national school lunch program whole milk,"Trump to tear up Obama-era school lunch rules blocking whole, 2% milk","Trump to tear up Obama-era school lunch rules blocking whole, 2% milk",Conservative,https://reddit.com/r/Conservative/comments/1qcy36s/trump_to_tear_up_obamaera_school_lunch_rules/,2026-01-14T20:15:16,post,,t3_1qcy36s,,negative,0.0163425877690315,negative,0.0163425877690315,-0.3818,negative,True
reddit_comment,national school lunch program whole milk,![gif](giphy|9J1NZoqX7qvIs),,Conservative,https://reddit.com/r/Conservative/comments/1qcy36s/trump_to_tear_up_obamaera_school_lunch_rules/,2026-01-14T21:40:26,comment,https://reddit.com/r/Conservative/comments/1qcy36s/trump_to_tear_up_obamaera_school_lunch_rules/,t3_1qcy36s,nzm7ih1,neutral,0.1868648678064346,neutral,0.1868648678064346,0.0,neutral,True
reddit_comment,national school lunch program whole milk,The irony is the Milk Fat helps the body properly absorb the nutrients in the milk. Also funny they are so worried about children not having food/nourishment but forcibly lower the calories in their school meal by up to 72 calories.,,Conservative,https://reddit.com/r/Conservative/comments/1qcy36s/trump_to_tear_up_obamaera_school_lunch_rules/,2026-01-15T04:20:24,comment,https://reddit.com/r/Conservative/comments/1qcy36s/trump_to_tear_up_obamaera_school_lunch_rules/,t3_1qcy36s,nzo80fb,negative,0.05265449360013,negative,0.05265449360013,-0.2693,negative,True
reddit_comment,national school lunch program whole milk,"Giving kids watered down milk, terrible.",,Conservative,https://reddit.com/r/Conservative/comments/1qcy36s/trump_to_tear_up_obamaera_school_lunch_rules/,2026-01-14T20:26:30,comment,https://reddit.com/r/Conservative/comments/1qcy36s/trump_to_tear_up_obamaera_school_lunch_rules/,t3_1qcy36s,nzlr6yt,negative,0.0072850212454795,negative,0.0072850212454795,-0.1779,negative,True
reddit_comment,national school lunch program whole milk,"People, especially children NEED FAT FOR BRAIN BUILDING. Fat has been demonized for far too long.",,Conservative,https://reddit.com/r/Conservative/comments/1qcy36s/trump_to_tear_up_obamaera_school_lunch_rules/,2026-01-15T03:39:12,comment,https://reddit.com/r/Conservative/comments/1qcy36s/trump_to_tear_up_obamaera_school_lunch_rules/,t3_1qcy36s,nzo1o30,negative,0.0248485580086708,negative,0.0248485580086708,0.0,neutral,False
reddit_comment,national school lunch program whole milk,The Michelle Obama school lunch rules absolutely ruined all school lunches across the nation. I dunno if they were badly written or badly interpreted but man it made stuff suck. We switched to packing lunches for the kids because the offerings at school were so terrible.,,Conservative,https://reddit.com/r/Conservative/comments/1qcy36s/trump_to_tear_up_obamaera_school_lunch_rules/,2026-01-14T20:48:59,comment,https://reddit.com/r/Conservative/comments/1qcy36s/trump_to_tear_up_obamaera_school_lunch_rules/,t3_1qcy36s,nzlw37d,negative,0.0056404424831271,negative,0.0056404424831271,-0.9396,negative,True
reddit_comment,national school lunch program whole milk,"Is this really just about kids having access to good milk, or is the dairy lobby in somebody's ear? There has been a lot of chatter about milk lately",,Conservative,https://reddit.com/r/Conservative/comments/1qcy36s/trump_to_tear_up_obamaera_school_lunch_rules/,2026-01-15T00:59:57,comment,https://reddit.com/r/Conservative/comments/1qcy36s/trump_to_tear_up_obamaera_school_lunch_rules/,t3_1qcy36s,nznaick,neutral,0.0964419096708297,neutral,0.0964419096708297,0.4588,positive,False
reddit_comment,national school lunch program whole milk,Thank God. When Obama came into office I was in HS and the food went to literal shit. Pizza went from bad to cardboard garbage everyone just covered in ranch to make edible.,,Conservative,https://reddit.com/r/Conservative/comments/1qcy36s/trump_to_tear_up_obamaera_school_lunch_rules/,2026-01-14T21:05:50,comment,https://reddit.com/r/Conservative/comments/1qcy36s/trump_to_tear_up_obamaera_school_lunch_rules/,t3_1qcy36s,nzlztep,negative,0.0313600786030292,negative,0.0313600786030292,-0.5423,negative,True
reddit_comment,national school lunch program whole milk,Can't wait to see liberals hate on this while also saying foodstamps should cover Little Debbie's.,,Conservative,https://reddit.com/r/Conservative/comments/1qcy36s/trump_to_tear_up_obamaera_school_lunch_rules/,2026-01-15T05:52:02,comment,https://reddit.com/r/Conservative/comments/1qcy36s/trump_to_tear_up_obamaera_school_lunch_rules/,t3_1qcy36s,nzoko0d,negative,0.0205032564699649,negative,0.0205032564699649,-0.5719,negative,True
reddit_comment,national school lunch program whole milk,"The headline and the article are pushing a lie. I looked up the act. The **Whole Milk for Healthy Kids Act** was signed into law on **January 14, 2026**, by President Trump, ***restoring*** **whole and 2% milk options** to U.S. school cafeterias for the first time in over a decade. The law revises USDA requirements under the National School Lunch Program, allowing schools to serve **whole, reduced-fat (2%), low-fat (1%), and fat-free milk**, both flavored and unflavored.",,Conservative,https://reddit.com/r/Conservative/comments/1qcy36s/trump_to_tear_up_obamaera_school_lunch_rules/,2026-01-14T22:46:40,comment,https://reddit.com/r/Conservative/comments/1qcy36s/trump_to_tear_up_obamaera_school_lunch_rules/,t3_1qcy36s,nzmlmug,neutral,0.0826266780495643,neutral,0.0826266780495643,0.5994,positive,False
reddit,national school lunch program whole milk,"[I ate] a school lunch with pizza, chocolate milk, oranges, broccoli, and an apple","[I ate] a school lunch with pizza, chocolate milk, oranges, broccoli, and an apple",food,https://reddit.com/r/food/comments/16sx30u/i_ate_a_school_lunch_with_pizza_chocolate_milk/,2023-09-26T19:17:32,post,,t3_16sx30u,,neutral,0.1916332393884658,neutral,0.1916332393884658,0.0,neutral,True
reddit_comment,national school lunch program whole milk,"Join us on the 27th September at 1pm ET (6pm GMT+0) for our AMA with Claudia Hanna! Claudia Hanna is a Mediterranean food expert and host of ***If This Food Could Talk***. **[More information can be found here!]( *I am a bot, and this action was performed automatically. Please [contact the moderators of this subreddit](/message/compose/?to=/r/food) if you have any questions or concerns.*",,food,https://reddit.com/r/food/comments/16sx30u/i_ate_a_school_lunch_with_pizza_chocolate_milk/,2023-09-26T19:17:32,comment,https://reddit.com/r/food/comments/16sx30u/i_ate_a_school_lunch_with_pizza_chocolate_milk/,t3_16sx30u,k2bpz0f,neutral,0.2796091139316559,neutral,0.2796091139316559,0.6229,positive,False
reddit_comment,national school lunch program whole milk,"In the 80's and 90's, The Pizza would be a rectangle the size of that entree slot with tiny pepperoni cubes. They would have also provided one more carbohydrate like Tator Tots, some kind of canned vegetable (sometimes sparse salad) and a dessert like fruit cocktail. One could have milk, chocolate milk or fruit drank. All this was for 90 cents - 1$. Extra desserts provided were: cookie +10 cents, Cake +25 cents, or Pie +35 cents. (100 cents = 1$ USD for non Amercians) Of course there was a snack bar, but only them rich kids ate there. Ironically one could get less healthy food for a lot more money. Like Nachos and cheese sauce for $1.50, slim jims, bags of chips, etc.",,food,https://reddit.com/r/food/comments/16sx30u/i_ate_a_school_lunch_with_pizza_chocolate_milk/,2023-09-26T21:20:32,comment,https://reddit.com/r/food/comments/16sx30u/i_ate_a_school_lunch_with_pizza_chocolate_milk/,t3_16sx30u,k2cbi9n,neutral,0.1803345084190368,neutral,0.1803345084190368,0.9362,positive,False
reddit_comment,national school lunch program whole milk,"I remember my highschool having some actually legitimate lunches that felt like the kind of food you’d get at a cafe or something. Paninis, pizza, burgers, etc. if of course rotated every day, but there were some good options in the lunch line. Plus a salad bar and a snack bar to boot. Maybe I should get a job there just for the food.",,food,https://reddit.com/r/food/comments/16sx30u/i_ate_a_school_lunch_with_pizza_chocolate_milk/,2023-09-26T21:26:19,comment,https://reddit.com/r/food/comments/16sx30u/i_ate_a_school_lunch_with_pizza_chocolate_milk/,t3_16sx30u,k2cch8w,positive,0.7846131324768066,positive,0.7846131324768066,0.6808,positive,True
reddit_comment,national school lunch program whole milk,That doesn’t seem enough food,,food,https://reddit.com/r/food/comments/16sx30u/i_ate_a_school_lunch_with_pizza_chocolate_milk/,2023-09-26T21:14:07,comment,https://reddit.com/r/food/comments/16sx30u/i_ate_a_school_lunch_with_pizza_chocolate_milk/,t3_16sx30u,k2cafd5,negative,0.0165457427501678,negative,0.0165457427501678,0.0,neutral,False
reddit_comment,national school lunch program whole milk,that broccoli doesnt look cooked.,,food,https://reddit.com/r/food/comments/16sx30u/i_ate_a_school_lunch_with_pizza_chocolate_milk/,2023-09-26T23:53:58,comment,https://reddit.com/r/food/comments/16sx30u/i_ate_a_school_lunch_with_pizza_chocolate_milk/,t3_16sx30u,k2cyzg0,negative,0.011236029677093,negative,0.011236029677093,0.0,neutral,False
reddit_comment,national school lunch program whole milk,"What state are you in? All school meals in us that are free need a veggie and fruit option as well as a few protein options veggie is the broccoli orange and apple is fruit, protein is milk and pizza. Don’t like it show up to the school board meetings and complain about that vs books in the library.",,food,https://reddit.com/r/food/comments/16sx30u/i_ate_a_school_lunch_with_pizza_chocolate_milk/,2023-09-26T21:27:23,comment,https://reddit.com/r/food/comments/16sx30u/i_ate_a_school_lunch_with_pizza_chocolate_milk/,t3_16sx30u,k2ccnl4,neutral,0.0429559908807277,neutral,0.0429559908807277,0.6597,positive,False
reddit_comment,national school lunch program whole milk,I thought 13 was the minimal age for reddit. Must be a good school district though.,,food,https://reddit.com/r/food/comments/16sx30u/i_ate_a_school_lunch_with_pizza_chocolate_milk/,2023-09-26T23:59:07,comment,https://reddit.com/r/food/comments/16sx30u/i_ate_a_school_lunch_with_pizza_chocolate_milk/,t3_16sx30u,k2czqi4,neutral,0.4590797126293182,neutral,0.4590797126293182,0.4404,positive,False
reddit_comment,national school lunch program whole milk,"Not gonna lie, I can taste that harsh tomato sauce and cheap cheesy goodness right now. Also, that has got to be the saddest and most pointless quarter scoop of broccoli ever. I imagine this school could just load it straight from the truck into the trash if this is all they can be bothered to do.",,food,https://reddit.com/r/food/comments/16sx30u/i_ate_a_school_lunch_with_pizza_chocolate_milk/,2023-09-26T23:33:57,comment,https://reddit.com/r/food/comments/16sx30u/i_ate_a_school_lunch_with_pizza_chocolate_milk/,t3_16sx30u,k2cw2fm,negative,0.0070827947929501,negative,0.0070827947929501,-0.5325,negative,True
reddit_comment,national school lunch program whole milk,Is that broccoli..... RAW?!,,food,https://reddit.com/r/food/comments/16sx30u/i_ate_a_school_lunch_with_pizza_chocolate_milk/,2023-09-26T21:54:05,comment,https://reddit.com/r/food/comments/16sx30u/i_ate_a_school_lunch_with_pizza_chocolate_milk/,t3_16sx30u,k2ch1j6,neutral,0.062504231929779,neutral,0.062504231929779,0.0,neutral,True
reddit_comment,national school lunch program whole milk,Unique post- thanks for sharing! Those students are lucky and the head chef or nutrition person understands kids’ diets,,food,https://reddit.com/r/food/comments/16sx30u/i_ate_a_school_lunch_with_pizza_chocolate_milk/,2023-09-26T20:39:05,comment,https://reddit.com/r/food/comments/16sx30u/i_ate_a_school_lunch_with_pizza_chocolate_milk/,t3_16sx30u,k2c4ceh,positive,0.9717526435852052,positive,0.9717526435852052,0.8313,positive,True
reddit,national school lunch program whole milk,"Dairy industry sponsored legislation wants an exemption to saturated fat guidelines so schools can offer whole milk in school lunches again. Decades of research show that saturated fat is linked with heart disease and cancer. This bill has already passed the US House, tell your Senators to vote no!","Dairy industry sponsored legislation wants an exemption to saturated fat guidelines so schools can offer whole milk in school lunches again. Decades of research show that saturated fat is linked with heart disease and cancer. This bill has already passed the US House, tell your Senators to vote no!",vegan,https://reddit.com/r/vegan/comments/1g8p90n/dairy_industry_sponsored_legislation_wants_an/,2024-10-21T13:07:14,post,,t3_1g8p90n,,negative,0.0316866785287857,negative,0.0316866785287857,-0.126,negative,True
reddit_comment,national school lunch program whole milk,"The US dairy industry is, once again, preying on children with their deceptively titled ""Whole Milk for Healthy Kids"" Act. They see the writing on the wall and the popularity of plantbased milks encroaching on their market share, so what do they do? **Think of the children!** Most disturbingly, this bill would set a dangerous precedent of allowing Congress to carve out special exemptions – at the behest of the dairy industry and others – to school nutrition standards, circumventing the recommendations from the Dietary Guidelines for Americans (DGA). If this passes, expect the rest of the food industry to jump on board. Maybe Coca Cola should carve out an exemption for sugar and offer Coke to kids for lunch? PCRM has a form to tell your Senators to vote down this blatant money grab by the dairy industry:",,vegan,https://reddit.com/r/vegan/comments/1g8p90n/dairy_industry_sponsored_legislation_wants_an/,2024-10-21T13:13:02,comment,https://reddit.com/r/vegan/comments/1g8p90n/dairy_industry_sponsored_legislation_wants_an/,t3_1g8p90n,lt016nc,negative,0.0171071011573076,negative,0.0171071011573076,0.566,positive,False
reddit_comment,national school lunch program whole milk,If your senator is a republican you probably have “lobby” or “donate” a few million for them to consider voting no,,vegan,https://reddit.com/r/vegan/comments/1g8p90n/dairy_industry_sponsored_legislation_wants_an/,2024-10-21T15:10:09,comment,https://reddit.com/r/vegan/comments/1g8p90n/dairy_industry_sponsored_legislation_wants_an/,t3_1g8p90n,lt0lfs4,negative,0.0244435183703899,negative,0.0244435183703899,-0.296,negative,True
reddit_comment,national school lunch program whole milk,This is why it's SO IMPORTANT to elect generally more pro-science DEMOCRATS for every level of government! Edit: to be clear: Democratic yeas: 112 Republican yeas: 218 Democratic nays: 98 Republican nays: LITERALLY JUST ONE LOL [ The parties are NOT the same!,,vegan,https://reddit.com/r/vegan/comments/1g8p90n/dairy_industry_sponsored_legislation_wants_an/,2024-10-21T13:34:33,comment,https://reddit.com/r/vegan/comments/1g8p90n/dairy_industry_sponsored_legislation_wants_an/,t3_1g8p90n,lt04l50,neutral,0.3766147792339325,neutral,0.3766147792339325,0.9276,positive,False
reddit_comment,national school lunch program whole milk,The milk guzzling trolls really flocked to this post.,,vegan,https://reddit.com/r/vegan/comments/1g8p90n/dairy_industry_sponsored_legislation_wants_an/,2024-10-21T16:10:05,comment,https://reddit.com/r/vegan/comments/1g8p90n/dairy_industry_sponsored_legislation_wants_an/,t3_1g8p90n,lt0wszv,negative,0.0157292913645505,negative,0.0157292913645505,0.0,neutral,False
reddit_comment,national school lunch program whole milk,"I honestly don't see the point in this petition. Whole milk is not worse for children than skim milk is. The real change would be to stop pushing dairy milk on schools, and instead encourage schools to serve non-dairy milk or other healthy beverages. Currently, my child's school serves lowfat (1%) milk at every meal. It's a complete travesty because most of the kids dislike it and won't drink it, so they just throw it in the trash. They don't have the option not to take it; if they get school lunch, they HAVE to take the milk too. My heart sinks every time I see the waste, with so much unseen suffering behind it. Whole milk might actually be an improvement, because it tastes better, so kids might be more willing to drink it. I'm not trying to promote more dairy milk consumption (quite the opposite), but if the schools are going to purchase milk no matter what, then it at least ought to get used instead of being thrown in the garbage. Quite a discouraging state of affairs all around!",,vegan,https://reddit.com/r/vegan/comments/1g8p90n/dairy_industry_sponsored_legislation_wants_an/,2024-10-22T06:58:31,comment,https://reddit.com/r/vegan/comments/1g8p90n/dairy_industry_sponsored_legislation_wants_an/,t3_1g8p90n,lt4xctz,negative,0.0150110702961683,negative,0.0150110702961683,-0.4152,negative,True
reddit_comment,national school lunch program whole milk,"Who cares. Switching between whole vs. skim does not save animals. Skim milk causes a bigger spike in blood sugar, I think. Whole milk has more fat. Again, who cares. Wasting time on stuff that doesn't even matter just contributes to the stereotype of veganism as fake prissy virtue-signalling in any political group, there's only so much action and organizing that can get done. if every vegan action was spent on initiatives as impactful as this, then vegans would have 0 political power invested in helping animals",,vegan,https://reddit.com/r/vegan/comments/1g8p90n/dairy_industry_sponsored_legislation_wants_an/,2024-10-22T00:10:45,comment,https://reddit.com/r/vegan/comments/1g8p90n/dairy_industry_sponsored_legislation_wants_an/,t3_1g8p90n,lt3f3fo,negative,0.0110305789858102,negative,0.0110305789858102,-0.3822,negative,True
reddit_comment,national school lunch program whole milk,"Im sure ill get down voted for this, but there is actually research that not all saturated fats are created equal, and there is proof that if youre going to drink cow dairy, that whole milk is actually better than other (skim, 2%, etc) options. HOWEVER i am against this on principle as no one needs cow milk to survive, and humans were not originally meant to drink cow milk in the first place which is why so many are lactose intolerant. regardless a study was also done comparing childhood development in iceland, being raised on plant vs animal milk and there were no developmental differences found. You dont need animal derived milk for health reasons. Would love to see legislation supporting plant milk options instead. The only hard part is while soy carries comparable nutrition, some people hold dumb stigmas against it, and you have to get around allergies with others. Would be shocked if we saw a change at the national level in our lifetime.",,vegan,https://reddit.com/r/vegan/comments/1g8p90n/dairy_industry_sponsored_legislation_wants_an/,2024-10-22T12:03:48,comment,https://reddit.com/r/vegan/comments/1g8p90n/dairy_industry_sponsored_legislation_wants_an/,t3_1g8p90n,lt5qzl6,neutral,0.1251122504472732,neutral,0.1251122504472732,0.4854,positive,False
reddit_comment,national school lunch program whole milk,Like my senators in red Floriduh would care about animals or health. 😡,,vegan,https://reddit.com/r/vegan/comments/1g8p90n/dairy_industry_sponsored_legislation_wants_an/,2024-10-23T18:26:18,comment,https://reddit.com/r/vegan/comments/1g8p90n/dairy_industry_sponsored_legislation_wants_an/,t3_1g8p90n,ltdscxx,negative,0.0091814240440726,negative,0.0091814240440726,0.6908,positive,False
reddit_comment,national school lunch program whole milk,Decades of research absolutely do not show causation of any negative outcomes from saturated fat. Please share even one study able to show causation.,,vegan,https://reddit.com/r/vegan/comments/1g8p90n/dairy_industry_sponsored_legislation_wants_an/,2024-10-22T02:06:07,comment,https://reddit.com/r/vegan/comments/1g8p90n/dairy_industry_sponsored_legislation_wants_an/,t3_1g8p90n,lt3xubb,negative,0.0187155362218618,negative,0.0187155362218618,-0.0516,negative,True
reddit_comment,national school lunch program whole milk,Decades of “research” showing NO CAUSAL LINK despite decades of controlled experiments including one of the largest controlled food studies ever conducted. It’s all associational evidence. The reason it shouldn’t be in school lunches has more to do with an obesity epidemic that is still raging. They’re children and (usually) have very little understanding of nutrition. It’s too subtle to be a good learning opportunity for making healthy choices too. I also don’t really think this is a vegan issue- skim vs whole milk doesn’t make much a difference to the cows.,,vegan,https://reddit.com/r/vegan/comments/1g8p90n/dairy_industry_sponsored_legislation_wants_an/,2024-10-22T03:40:19,comment,https://reddit.com/r/vegan/comments/1g8p90n/dairy_industry_sponsored_legislation_wants_an/,t3_1g8p90n,lt4c0yj,negative,0.0182606074959039,negative,0.0182606074959039,0.2656,positive,False
reddit,national school lunch program whole milk,Thoughts on Trump signing a bill allowing whole milk back into schools? Why your thoughts?. Article: [ Clip of it: [ The bill: [,Thoughts on Trump signing a bill allowing whole milk back into schools? Why your thoughts?,AskTeachers,https://reddit.com/r/AskTeachers/comments/1qd6gl7/thoughts_on_trump_signing_a_bill_allowing_whole/,2026-01-15T01:52:35,post,,t3_1qd6gl7,,neutral,0.0233283340930938,neutral,0.0233283340930938,0.0,neutral,True
reddit_comment,national school lunch program whole milk,I'm not sure what the issue is.,,AskTeachers,https://reddit.com/r/AskTeachers/comments/1qd6gl7/thoughts_on_trump_signing_a_bill_allowing_whole/,2026-01-15T01:56:12,comment,https://reddit.com/r/AskTeachers/comments/1qd6gl7/thoughts_on_trump_signing_a_bill_allowing_whole/,t3_1qd6gl7,nznkah0,neutral,0.0202957335859537,neutral,0.0202957335859537,-0.2411,negative,False
reddit_comment,national school lunch program whole milk,"I don't think that this should come from the president, but I do think that the AAP has dropped the ball on this. It is now felt that full fat dairy is a more appropriate food, in limited amounts, because the fat in it satisfies the appetite, leading to less carb consumption, and possibly fewer calories consumed overall. Seems to me that the school should offer it. I would, however, ban sweetened beverages.",,AskTeachers,https://reddit.com/r/AskTeachers/comments/1qd6gl7/thoughts_on_trump_signing_a_bill_allowing_whole/,2026-01-15T01:56:05,comment,https://reddit.com/r/AskTeachers/comments/1qd6gl7/thoughts_on_trump_signing_a_bill_allowing_whole/,t3_1qd6gl7,nznk9qx,neutral,0.0368394665420055,neutral,0.0368394665420055,-0.5499,negative,False
reddit_comment,national school lunch program whole milk,My thoughts are release the Epstein Files.,,AskTeachers,https://reddit.com/r/AskTeachers/comments/1qd6gl7/thoughts_on_trump_signing_a_bill_allowing_whole/,2026-01-15T01:54:25,comment,https://reddit.com/r/AskTeachers/comments/1qd6gl7/thoughts_on_trump_signing_a_bill_allowing_whole/,t3_1qd6gl7,nznjz74,neutral,0.0300750415772199,neutral,0.0300750415772199,0.0,neutral,True
reddit_comment,national school lunch program whole milk,"Of all the many things going on with the government right now, this may be the thing I care about the least.",,AskTeachers,https://reddit.com/r/AskTeachers/comments/1qd6gl7/thoughts_on_trump_signing_a_bill_allowing_whole/,2026-01-15T02:56:29,comment,https://reddit.com/r/AskTeachers/comments/1qd6gl7/thoughts_on_trump_signing_a_bill_allowing_whole/,t3_1qd6gl7,nznunkc,negative,0.0269825551658868,negative,0.0269825551658868,0.4939,positive,False
reddit_comment,national school lunch program whole milk,"He’s about to literally start WWIII with this Greenland obsession, so this is honestly fine.",,AskTeachers,https://reddit.com/r/AskTeachers/comments/1qd6gl7/thoughts_on_trump_signing_a_bill_allowing_whole/,2026-01-15T02:28:33,comment,https://reddit.com/r/AskTeachers/comments/1qd6gl7/thoughts_on_trump_signing_a_bill_allowing_whole/,t3_1qd6gl7,nznpv7f,negative,0.0589923933148384,negative,0.0589923933148384,0.3947,positive,False
reddit_comment,national school lunch program whole milk,They serve worse things at school.,,AskTeachers,https://reddit.com/r/AskTeachers/comments/1qd6gl7/thoughts_on_trump_signing_a_bill_allowing_whole/,2026-01-15T01:54:35,comment,https://reddit.com/r/AskTeachers/comments/1qd6gl7/thoughts_on_trump_signing_a_bill_allowing_whole/,t3_1qd6gl7,nznk09q,negative,0.0074928035028278,negative,0.0074928035028278,-0.4767,negative,True
reddit_comment,national school lunch program whole milk,"I don't give a shit. We are descending into fascism. Our school lunches are just about the least of my worries. Stephen miller just made an announcement essentially encouraging ICE to use lethal means to ""get the job done"". I give absolutely zero fucks about milk",,AskTeachers,https://reddit.com/r/AskTeachers/comments/1qd6gl7/thoughts_on_trump_signing_a_bill_allowing_whole/,2026-01-15T02:00:21,comment,https://reddit.com/r/AskTeachers/comments/1qd6gl7/thoughts_on_trump_signing_a_bill_allowing_whole/,t3_1qd6gl7,nznl0ks,negative,0.0069156577810645,negative,0.0069156577810645,0.0376,neutral,False
reddit_comment,national school lunch program whole milk,He’s starting a civil war in Minnesota. Do we even have time or bandwidth to debate whole vs skim vs reduced fat milk?,,AskTeachers,https://reddit.com/r/AskTeachers/comments/1qd6gl7/thoughts_on_trump_signing_a_bill_allowing_whole/,2026-01-15T01:56:34,comment,https://reddit.com/r/AskTeachers/comments/1qd6gl7/thoughts_on_trump_signing_a_bill_allowing_whole/,t3_1qd6gl7,nznkcr9,negative,0.0071864961646497,negative,0.0071864961646497,-0.5994,negative,True
reddit_comment,national school lunch program whole milk,"I d0on't think the Dairy Industry should be influencing government dietary guidelines and/or pushing their product on school kids. Their $$$ is the only reason Trump is doing milk promotion. 36% of the general population in the US is lactose intolerant. If you're black, it's 80%. It's 90% for those of Asian descent. Let's give a whole school full of kids a product that might give some of them gas &amp; bathroom problems. Is cows milk the most important thing the federal government should focus on to improve American schools? Really?",,AskTeachers,https://reddit.com/r/AskTeachers/comments/1qd6gl7/thoughts_on_trump_signing_a_bill_allowing_whole/,2026-01-15T03:22:56,comment,https://reddit.com/r/AskTeachers/comments/1qd6gl7/thoughts_on_trump_signing_a_bill_allowing_whole/,t3_1qd6gl7,nznz1b7,negative,0.0182783156633377,negative,0.0182783156633377,0.3925,positive,False
reddit_comment,national school lunch program whole milk,"As a dual U.S./EU citizen, I am more concerned about U.S. possibly invading Greenland. I am also concerned about him banning immigration from like half the world.",,AskTeachers,https://reddit.com/r/AskTeachers/comments/1qd6gl7/thoughts_on_trump_signing_a_bill_allowing_whole/,2026-01-15T03:37:54,comment,https://reddit.com/r/AskTeachers/comments/1qd6gl7/thoughts_on_trump_signing_a_bill_allowing_whole/,t3_1qd6gl7,nzo1gkp,negative,0.0143029391765594,negative,0.0143029391765594,0.3612,positive,False
reddit,national school lunch program whole milk,Trump signs a law returning whole milk to school lunches,Trump signs a law returning whole milk to school lunches,NewsWorthPayingFor,https://reddit.com/r/NewsWorthPayingFor/comments/1qdpwyk/trump_signs_a_law_returning_whole_milk_to_school/,2026-01-15T17:31:30,post,,t3_1qdpwyk,,neutral,0.086543820798397,neutral,0.086543820798397,0.0,neutral,True
reddit_comment,national school lunch program whole milk,“And here’s why it’s a bad thing”,,NewsWorthPayingFor,https://reddit.com/r/NewsWorthPayingFor/comments/1qdpwyk/trump_signs_a_law_returning_whole_milk_to_school/,2026-01-15T23:39:02,comment,https://reddit.com/r/NewsWorthPayingFor/comments/1qdpwyk/trump_signs_a_law_returning_whole_milk_to_school/,t3_1qdpwyk,nztocds,negative,0.0130978859961032,negative,0.0130978859961032,-0.5423,negative,True
reddit_comment,national school lunch program whole milk,Good. Whole milk is more satiating than low fat milk.,,NewsWorthPayingFor,https://reddit.com/r/NewsWorthPayingFor/comments/1qdpwyk/trump_signs_a_law_returning_whole_milk_to_school/,2026-01-15T19:53:16,comment,https://reddit.com/r/NewsWorthPayingFor/comments/1qdpwyk/trump_signs_a_law_returning_whole_milk_to_school/,t3_1qdpwyk,nzsdghc,positive,0.7057595252990723,positive,0.7057595252990723,0.1372,positive,True
reddit_comment,national school lunch program whole milk,"I prefer my Vitamin K 'Malk', thank you very much.",,NewsWorthPayingFor,https://reddit.com/r/NewsWorthPayingFor/comments/1qdpwyk/trump_signs_a_law_returning_whole_milk_to_school/,2026-01-15T17:33:12,comment,https://reddit.com/r/NewsWorthPayingFor/comments/1qdpwyk/trump_signs_a_law_returning_whole_milk_to_school/,t3_1qdpwyk,nzri8dw,positive,0.9257402420043944,positive,0.9257402420043944,0.5719,positive,True
reddit_comment,national school lunch program whole milk,Democrats fuming kids are drinking real milk now instead of white water.,,NewsWorthPayingFor,https://reddit.com/r/NewsWorthPayingFor/comments/1qdpwyk/trump_signs_a_law_returning_whole_milk_to_school/,2026-01-15T20:25:45,comment,https://reddit.com/r/NewsWorthPayingFor/comments/1qdpwyk/trump_signs_a_law_returning_whole_milk_to_school/,t3_1qdpwyk,nzskgix,negative,0.0114216385409235,negative,0.0114216385409235,-0.5719,negative,True
reddit_comment,national school lunch program whole milk,Rare moment of competency.,,NewsWorthPayingFor,https://reddit.com/r/NewsWorthPayingFor/comments/1qdpwyk/trump_signs_a_law_returning_whole_milk_to_school/,2026-01-15T17:36:07,comment,https://reddit.com/r/NewsWorthPayingFor/comments/1qdpwyk/trump_signs_a_law_returning_whole_milk_to_school/,t3_1qdpwyk,nzrivnb,positive,0.7160596251487732,positive,0.7160596251487732,0.0,neutral,False
reddit_comment,national school lunch program whole milk,Reminds me when Michelle Obama changed the school lunch me I for the better,,NewsWorthPayingFor,https://reddit.com/r/NewsWorthPayingFor/comments/1qdpwyk/trump_signs_a_law_returning_whole_milk_to_school/,2026-01-15T17:49:49,comment,https://reddit.com/r/NewsWorthPayingFor/comments/1qdpwyk/trump_signs_a_law_returning_whole_milk_to_school/,t3_1qdpwyk,nzrlxsa,positive,0.8473176956176758,positive,0.8473176956176758,0.4404,positive,True
reddit_comment,national school lunch program whole milk,"Wow that’s great, now how about those Epstein files",,NewsWorthPayingFor,https://reddit.com/r/NewsWorthPayingFor/comments/1qdpwyk/trump_signs_a_law_returning_whole_milk_to_school/,2026-01-15T20:54:56,comment,https://reddit.com/r/NewsWorthPayingFor/comments/1qdpwyk/trump_signs_a_law_returning_whole_milk_to_school/,t3_1qdpwyk,nzsqq3m,positive,0.877143383026123,positive,0.877143383026123,0.836,positive,True
reddit_comment,national school lunch program whole milk,"as a non-republican, I can say I don’t mind the idea, but ultimately this is a publicity stunt that will just hurt public schools. i’ll say the same about when Michelle Obama did it. as a school district employee, i’ve seen what this actually does. Washington DC comes up with all these regulations on school lunches to “make kids healthier,” but then offers no financial compensation to make up for the total revamping of the cafeteria menu that was already created to fit EXTREME limitations. It’s impossible to meet these regulations on the current budget, so schools have to cut budget from other places (arts and SPED services mostly) to pay for the slightly healthier but still terrible lunches. School quality declines, kids meals taste worse, no one is actually better off.",,NewsWorthPayingFor,https://reddit.com/r/NewsWorthPayingFor/comments/1qdpwyk/trump_signs_a_law_returning_whole_milk_to_school/,2026-01-16T04:56:35,comment,https://reddit.com/r/NewsWorthPayingFor/comments/1qdpwyk/trump_signs_a_law_returning_whole_milk_to_school/,t3_1qdpwyk,nzv7snf,negative,0.0118162464350461,negative,0.0118162464350461,-0.9209,negative,True
reddit,national school lunch program whole milk,"School lunch—Chocolate milk honeymoon. Hey fellow parents 👋 So… apparently my kid thinks school is Disneyland because of the chocolate milk 🤦‍♀️. He’s never had it before, and now he’s living his best life drinking two cartons a day like it’s liquid gold 🥲. The problem is… his water bottle comes home totally untouched. 💧➡️🚫And the 44g extra sugar per day (11 teaspoons!) is definitely effecting his little body (BM) and impulse control. Anyone else’s kid suddenly in a chocolate milk honeymoon phase? 😂or cinnamon rolls and other sugary snacks in general. Would love to hear if you’ve found ways to help them balance it out (without starting WWIII at home). Thanks for letting me know I’m not alone in this! 🫶I’m by no means a mom who is overly strict about my kid’s nutrition (like I rarely go to Whole Foods), but I do get concerned when it starts to affect his health and attention. Added: we live in a state where both breakfast and lunch are free for all kids. I thought it was great, until now 😅",School lunch—Chocolate milk honeymoon,kindergarten,https://reddit.com/r/kindergarten/comments/1mxfepq/school_lunchchocolate_milk_honeymoon/,2025-08-22T19:07:21,post,,t3_1mxfepq,,positive,0.5387201905250549,positive,0.5387201905250549,0.9779,positive,True
reddit_comment,national school lunch program whole milk,And here I am glad my son drank his chocolate milk because it is likely his only source of protein for the entire day…,,kindergarten,https://reddit.com/r/kindergarten/comments/1mxfepq/school_lunchchocolate_milk_honeymoon/,2025-08-22T19:58:10,comment,https://reddit.com/r/kindergarten/comments/1mxfepq/school_lunchchocolate_milk_honeymoon/,t3_1mxfepq,na4qr29,positive,0.9323462247848512,positive,0.9323462247848512,0.4588,positive,True
reddit_comment,national school lunch program whole milk,"A cup of whole milk has 12g of sugar just from natural sugars in milk, so if what you're seeing is a serving of milk that has 22g of sugar, there's probably only about 10g of added sugar per carton. If you're not overly strict about sugar generally, there's an excellent chance that there's as much or more added sugar in the yogurt or cereal you give him as there is in his chocolate milk. I would talk with him about why his tummy has been hurting and how the food we eat can affect how we feel. Suggest that he try having water at breakfast and chocolate milk with lunch to see if he feels better--not in a restrictive way, but to better understand his own body. Our mantra has always been to strive for a balanced week, not a balanced meal--if you know he's getting more sugar at school, then try to offer lower-sugar alternatives at home, or avoid sauces/ketchup with dinner so he's not having something sugary with every meal. There are other things that could be going on with this transition. He's starting school, which means he's being asked to sit still and behave in a way he probably hasn't before, and he might need to freak out a little when he gets home just to burn off some energy. Paying attention for a full school day is a learned skill and he's in the early days of developing it. And if this represents a big increase in his overall milk intake, he may be lactose intolerant--I was from a pretty young age and my parents didn't recognize it and kept forcing milk on me, often using chocolate milk as an inducement.",,kindergarten,https://reddit.com/r/kindergarten/comments/1mxfepq/school_lunchchocolate_milk_honeymoon/,2025-08-22T20:09:09,comment,https://reddit.com/r/kindergarten/comments/1mxfepq/school_lunchchocolate_milk_honeymoon/,t3_1mxfepq,na4sy8d,neutral,0.0833404138684272,neutral,0.0833404138684272,0.8705,positive,False
reddit_comment,national school lunch program whole milk,Are you sure about the sugar content? The federal lunch guidelines are strict about added sugar. The chocolate milk my school serves has 7g of sugar.,,kindergarten,https://reddit.com/r/kindergarten/comments/1mxfepq/school_lunchchocolate_milk_honeymoon/,2025-08-22T19:45:54,comment,https://reddit.com/r/kindergarten/comments/1mxfepq/school_lunchchocolate_milk_honeymoon/,t3_1mxfepq,na4oa48,neutral,0.0277073364704847,neutral,0.0277073364704847,0.3182,positive,False
reddit_comment,national school lunch program whole milk,"So, lots to unpack here. You view Whole Foods as a place for ""overly strict"" people to shop. It's just a grocery store with the same added sugar, saturated fat, complex carbs with no fiber, and everything you can get at any other store, but a lot of it is marketed as ""healthier."" How much *added sugar* is in the chocolate milk? Milk has carbs and sugars that naturally occur amd that's different than added sugar, so you're lumping something together that isn't together. Lastly, yes, it's very normal to be excited by new things, especially hyper-palatable foods that usually contain added sugar, fat, or salt. I'd try not to hyper focus on it bc it'll make him more drawn. You should be educating about food and what they do for our body (neutral or positive, you don't need to say it'll harm him bc it won't), and then help him choose balanced meals and snacks himself so he understands protein, fiber, healthy fats, and produce. He should know about added sugar and that a little every day is ok and help him discover how to balance it. Find growing intuitive eaters on Instagram and YouTube and other socials. She's got all the free content you need on this to help you navigate the situation in am empowering way without demonizing foods. Good luck!",,kindergarten,https://reddit.com/r/kindergarten/comments/1mxfepq/school_lunchchocolate_milk_honeymoon/,2025-08-22T19:29:15,comment,https://reddit.com/r/kindergarten/comments/1mxfepq/school_lunchchocolate_milk_honeymoon/,t3_1mxfepq,na4ky36,neutral,0.027742464095354,neutral,0.027742464095354,0.9584,positive,False
reddit_comment,national school lunch program whole milk,I’ve been trying to get my kiddo to drink ANY milk for the last 3 years. She’s a water purist. Have been so stressed about getting enough calcium because she’s also pretty meh about cheese and only likes certain yogurts. Day 3 of Kindergarten and suddenly she NEEDS chocolate milk every day. Go figure. I personally am not stressing about the sugar bc she gets very little other than that.,,kindergarten,https://reddit.com/r/kindergarten/comments/1mxfepq/school_lunchchocolate_milk_honeymoon/,2025-08-22T19:28:23,comment,https://reddit.com/r/kindergarten/comments/1mxfepq/school_lunchchocolate_milk_honeymoon/,t3_1mxfepq,na4krx2,negative,0.1016299352049827,negative,0.1016299352049827,0.6998,positive,False
reddit_comment,national school lunch program whole milk,"In our district you can log into the school nutrition website and put restrictions on a child’s account (ex: one milk per day, no a la carte items, etc) so not sure if that’s an option for you. But to be honest, I think you’re mistaking normal kindergarten adjustment for chocolate milk problems. My daughter is in first now and she’s been a monster this first week of school. She doesn’t like chocolate milk and she packs her lunch. Back to school and adjusting to a new class, teacher, routine, etc is a lot for kids. Be extra patient and supportive and remember this is a big deal for a little kid. It’ll get better, and it’s not the chocolate milk’s fault",,kindergarten,https://reddit.com/r/kindergarten/comments/1mxfepq/school_lunchchocolate_milk_honeymoon/,2025-08-22T22:39:09,comment,https://reddit.com/r/kindergarten/comments/1mxfepq/school_lunchchocolate_milk_honeymoon/,t3_1mxfepq,na5kz2n,neutral,0.0270957257598638,neutral,0.0270957257598638,0.5235,positive,False
reddit_comment,national school lunch program whole milk,"My kids doctor always reminded me that adding things to make food more appealing doesn’t take away the nutritional value of the base food. Chocolate milk is still milk, broccoli with cheese sauce is still broccoli.",,kindergarten,https://reddit.com/r/kindergarten/comments/1mxfepq/school_lunchchocolate_milk_honeymoon/,2025-08-22T20:52:40,comment,https://reddit.com/r/kindergarten/comments/1mxfepq/school_lunchchocolate_milk_honeymoon/,t3_1mxfepq,na51m3n,neutral,0.3837544023990631,neutral,0.3837544023990631,0.34,positive,False
reddit_comment,national school lunch program whole milk,Kinder teacher here. The chocolate milk at school is totally different than anything you’d buy in the store. It’s much lower in sugar. It’s been so so hot the past two weeks of school. Some of my students hardly eat anything at lunch. Chocolate milk is a great recovery drink and it at least gets some calories into our little ones who won’t eat or don’t eat much at school.,,kindergarten,https://reddit.com/r/kindergarten/comments/1mxfepq/school_lunchchocolate_milk_honeymoon/,2025-08-23T00:36:14,comment,https://reddit.com/r/kindergarten/comments/1mxfepq/school_lunchchocolate_milk_honeymoon/,t3_1mxfepq,na64i8a,positive,0.4936777651309967,positive,0.4936777651309967,0.7269,positive,True
reddit_comment,national school lunch program whole milk,I don't know where you guys get the idea that school lunches in the US are completely unhealthy. Since the late 00s schools have had to follow strict regulations. If your kid is eating Froot Loops at school its a healthier version with less sugar and less dyes (and it tastes bad imo). I hated the chocolate milk myself because it was skim or 1% and didnt have nearly as much sugar as my 2% and nesquick milk at home. If your kid has burgers for lunch its probably on whole wheat bread. If they have nachos the cheese is bland and has barely any fat left in it. If they have fries the portions are strictly controlled. Of course these are strong generalizations but I worked for the nutrition department in a large school district. Most of the food is from national vendors and frozen so kids anywhere in the country could technically be eating the same thing.,,kindergarten,https://reddit.com/r/kindergarten/comments/1mxfepq/school_lunchchocolate_milk_honeymoon/,2025-08-22T22:01:24,comment,https://reddit.com/r/kindergarten/comments/1mxfepq/school_lunchchocolate_milk_honeymoon/,t3_1mxfepq,na5egit,negative,0.0181484147906303,negative,0.0181484147906303,-0.6183,negative,True
reddit_comment,national school lunch program whole milk,"My sisters had an issue where she didn’t want her child drinking chocolate milk at school. She preferred her drink the regular milk. My neice is VERY compliant, so what worked for her was on Thursdays she made it chocolate milk day. She knew she could only have it on Thursdays and it was super exciting for her. Now, my son….i could never see that working!! lol!!",,kindergarten,https://reddit.com/r/kindergarten/comments/1mxfepq/school_lunchchocolate_milk_honeymoon/,2025-08-22T21:03:35,comment,https://reddit.com/r/kindergarten/comments/1mxfepq/school_lunchchocolate_milk_honeymoon/,t3_1mxfepq,na53r48,positive,0.4778274595737457,positive,0.4778274595737457,0.9075,positive,True
reddit,national school lunch program whole milk,Whole milk now allowed in school lunches as Trump signs bill reversing limits,Whole milk now allowed in school lunches as Trump signs bill reversing limits,Health,https://reddit.com/r/Health/comments/1qd3t6n/whole_milk_now_allowed_in_school_lunches_as_trump/,2026-01-14T23:58:02,post,,t3_1qd3t6n,,neutral,0.3951678872108459,neutral,0.3951678872108459,0.0,neutral,True
reddit_comment,national school lunch program whole milk,"Kids aren't obese because they are drinking the wrong milk. They are obese because their diets consist primarily of soda, junk food, and other high-calorie foods low in nutritional value combined with an inactive lifestyle. Why are we pretending what's in school milk cartons strongly correlates to the rate of obesity?",,Health,https://reddit.com/r/Health/comments/1qd3t6n/whole_milk_now_allowed_in_school_lunches_as_trump/,2026-01-15T00:49:50,comment,https://reddit.com/r/Health/comments/1qd3t6n/whole_milk_now_allowed_in_school_lunches_as_trump/,t3_1qd3t6n,nzn8oz6,negative,0.0147439735010266,negative,0.0147439735010266,-0.0772,negative,True
reddit_comment,national school lunch program whole milk,"But if you don't have the money for milk - your kid goes without, whole or not. Are they going to put picture of kids disappeared by ICE on the cartons?",,Health,https://reddit.com/r/Health/comments/1qd3t6n/whole_milk_now_allowed_in_school_lunches_as_trump/,2026-01-15T00:05:02,comment,https://reddit.com/r/Health/comments/1qd3t6n/whole_milk_now_allowed_in_school_lunches_as_trump/,t3_1qd3t6n,nzn0fo6,negative,0.0100469617173075,negative,0.0100469617173075,-0.3291,negative,True
reddit_comment,national school lunch program whole milk,"[Whole milk could be coming]( to your local school cafeteria for the first time in more than a decade. On Wednesday, President Donald Trump signed a bill that allows schools participating in the National School Lunch Program to serve whole and 2% milk alongside fat-free and low-fat versions. The move comes a week after the US Department of Health and Human Services released new US dietary guidelines that highlight whole-fat dairy products, a recommendation that has received mixed reviews from nutritionists and medical experts. The new legislation, which passed Congress last year by unanimous consent, rolls back US Department of Agriculture rules approved by the Obama administration that required milk served in schools to be fat-free or low-fat, part of efforts to fight the childhood obesity epidemic. The new law also allows nondairy beverages that are “nutritionally equivalent” to fluid milk to be offered, such as fortified plant-based milks. “Removing whole milk did not improve health, it damaged it,” HHS Secretary Robert F. Kennedy Jr. said at the White House signing event, claiming that some students turned to soda, energy drinks and sweetened drinks instead of skim or low-fat milk. “Milk fat is not junk food.”",,Health,https://reddit.com/r/Health/comments/1qd3t6n/whole_milk_now_allowed_in_school_lunches_as_trump/,2026-01-14T23:59:34,comment,https://reddit.com/r/Health/comments/1qd3t6n/whole_milk_now_allowed_in_school_lunches_as_trump/,t3_1qd3t6n,nzmzflc,positive,0.5377448201179504,positive,0.5377448201179504,0.0757,positive,True
reddit_comment,national school lunch program whole milk,"There is so much to be upset with RFK about, this seems completely fine?",,Health,https://reddit.com/r/Health/comments/1qd3t6n/whole_milk_now_allowed_in_school_lunches_as_trump/,2026-01-15T00:25:15,comment,https://reddit.com/r/Health/comments/1qd3t6n/whole_milk_now_allowed_in_school_lunches_as_trump/,t3_1qd3t6n,nzn461z,negative,0.0128814717754721,negative,0.0128814717754721,-0.1298,negative,True
reddit_comment,national school lunch program whole milk,"I mean, this is probably the only thing they’ve done that makes sense. Fat was the enemy in the 90s, we know better now.",,Health,https://reddit.com/r/Health/comments/1qd3t6n/whole_milk_now_allowed_in_school_lunches_as_trump/,2026-01-15T00:40:08,comment,https://reddit.com/r/Health/comments/1qd3t6n/whole_milk_now_allowed_in_school_lunches_as_trump/,t3_1qd3t6n,nzn6x8e,negative,0.0399733521044254,negative,0.0399733521044254,-0.1531,negative,True
reddit_comment,national school lunch program whole milk,The entire debate is absurd. On one hand it is absurd to argue that childhood obesity is being driven even a tiny bit by kid's drinking too much whole milk. It is a typical act of Congressional grandstanding where they show how much they care by doing something totally useless like banning whole milk from school lunches. On the other hand it is equally absurd to act as if allowing whole milk back again into school lunches is striking a blow for nutritional sanity. The difference between skim milk and whole milk is exactly 70 calories per eight ounces and that's the entirety of the difference. Kids are getting fat because they don't exercise and because they are pounding 16 oz sodas with 300 calories each in them 5 times a day. The kind of milk in school lunches doesn't make one iota of a difference.,,Health,https://reddit.com/r/Health/comments/1qd3t6n/whole_milk_now_allowed_in_school_lunches_as_trump/,2026-01-15T00:39:03,comment,https://reddit.com/r/Health/comments/1qd3t6n/whole_milk_now_allowed_in_school_lunches_as_trump/,t3_1qd3t6n,nzn6pz6,negative,0.0084312092512846,negative,0.0084312092512846,0.7836,positive,False
reddit_comment,national school lunch program whole milk,I just wonder why this would be on his agenda.,,Health,https://reddit.com/r/Health/comments/1qd3t6n/whole_milk_now_allowed_in_school_lunches_as_trump/,2026-01-15T00:49:28,comment,https://reddit.com/r/Health/comments/1qd3t6n/whole_milk_now_allowed_in_school_lunches_as_trump/,t3_1qd3t6n,nzn8mku,negative,0.0109063126146793,negative,0.0109063126146793,0.0,neutral,False
reddit_comment,national school lunch program whole milk,"It’s mind-boggling that whole milk gets blamed for obesity in schools, rather than the ""chicken"" nuggets and deep-fried fries on the menu.",,Health,https://reddit.com/r/Health/comments/1qd3t6n/whole_milk_now_allowed_in_school_lunches_as_trump/,2026-01-15T07:37:46,comment,https://reddit.com/r/Health/comments/1qd3t6n/whole_milk_now_allowed_in_school_lunches_as_trump/,t3_1qd3t6n,nzox0yo,negative,0.0076441033743321,negative,0.0076441033743321,-0.4767,negative,True
reddit_comment,national school lunch program whole milk,"The only clip I saw of this was apparently reporter questions... It was a tight shot of trump and two small girls and he was talking about executions in Iran. I get it the milk thing, these children shouldn't have been there for the Q&amp;A.",,Health,https://reddit.com/r/Health/comments/1qd3t6n/whole_milk_now_allowed_in_school_lunches_as_trump/,2026-01-15T16:02:31,comment,https://reddit.com/r/Health/comments/1qd3t6n/whole_milk_now_allowed_in_school_lunches_as_trump/,t3_1qd3t6n,nzqy236,negative,0.0077509297989308,negative,0.0077509297989308,0.0,neutral,False
reddit_comment,national school lunch program whole milk,"I’m stoked on whole milk in schools, but that’s about all I’m stoked about with the recent news.",,Health,https://reddit.com/r/Health/comments/1qd3t6n/whole_milk_now_allowed_in_school_lunches_as_trump/,2026-01-15T00:26:23,comment,https://reddit.com/r/Health/comments/1qd3t6n/whole_milk_now_allowed_in_school_lunches_as_trump/,t3_1qd3t6n,nzn4djr,positive,0.7156616449356079,positive,0.7156616449356079,0.0,neutral,False
reddit,national school lunch program whole milk,"""School lunch is terrible"" - Parents are speechless... Elementary school daughter says she's ""hungry"" every day after school. The school lunch consisted of rice, root vegetable soup, one small piece of filleted fish, and cartoned milk","""School lunch is terrible"" - Parents are speechless... Elementary school daughter says she's ""hungry"" every day after school. The school lunch consisted of rice, root vegetable soup, one small piece of filleted fish, and cartoned milk.",japannews,https://reddit.com/r/japannews/comments/1ps6yks/school_lunch_is_terrible_parents_are_speechless/,2025-12-21T13:50:06,post,,t3_1ps6yks,,negative,0.0056962450034916,negative,0.0056962450034916,-0.4767,negative,True
reddit_comment,national school lunch program whole milk,The main issue is the 4cm of fish. Give the poor kids a bit more protein,,japannews,https://reddit.com/r/japannews/comments/1ps6yks/school_lunch_is_terrible_parents_are_speechless/,2025-12-21T15:32:08,comment,https://reddit.com/r/japannews/comments/1ps6yks/school_lunch_is_terrible_parents_are_speechless/,t3_1ps6yks,nv7l593,negative,0.0152159025892615,negative,0.0152159025892615,-0.4767,negative,True
reddit_comment,national school lunch program whole milk,The problem is the bidding system where the lowest bidder wins the contract but often can't deliver. There's been a few cases of companies who won the contract but went out of business because the profit margins were much too slim to make a profit off school lunches.,,japannews,https://reddit.com/r/japannews/comments/1ps6yks/school_lunch_is_terrible_parents_are_speechless/,2025-12-21T16:56:27,comment,https://reddit.com/r/japannews/comments/1ps6yks/school_lunch_is_terrible_parents_are_speechless/,t3_1ps6yks,nv81d95,negative,0.0103429220616817,negative,0.0103429220616817,0.9253,positive,False
reddit_comment,national school lunch program whole milk,Is this a school or a prison?,,japannews,https://reddit.com/r/japannews/comments/1ps6yks/school_lunch_is_terrible_parents_are_speechless/,2025-12-21T14:48:22,comment,https://reddit.com/r/japannews/comments/1ps6yks/school_lunch_is_terrible_parents_are_speechless/,t3_1ps6yks,nv7dj8i,neutral,0.0165536720305681,neutral,0.0165536720305681,-0.5106,negative,False
reddit_comment,national school lunch program whole milk,"My kid comes home hungry everyday and I’ve been to her school during lunch and it looks just like this. And they don’t give refills anymore. Sometimes they have a little extra rice and they will do the rock/scissors/paper to see who gets it. They’re usually full until about the 4th grade. After that, it’s not enough. And my kids can’t drink milk and we aren’t allow to send other food or drinks. 🤦‍♀️ They eat constantly from the moment they get home. They don’t even want snack food when they get home. They start heating up stir fry from the night before and such. One of my daughter’s friends played on the volleyball team and would get so hungry. So she started bringing rice balls to school secretly and eating them in the toilet stalls. 😱",,japannews,https://reddit.com/r/japannews/comments/1ps6yks/school_lunch_is_terrible_parents_are_speechless/,2025-12-21T15:52:18,comment,https://reddit.com/r/japannews/comments/1ps6yks/school_lunch_is_terrible_parents_are_speechless/,t3_1ps6yks,nv7ox4c,negative,0.0233262963593006,negative,0.0233262963593006,0.5267,positive,False
reddit_comment,national school lunch program whole milk,dont they usually get seconds IF they finish before lunch is over? My kids do at their nursery...,,japannews,https://reddit.com/r/japannews/comments/1ps6yks/school_lunch_is_terrible_parents_are_speechless/,2025-12-21T14:31:08,comment,https://reddit.com/r/japannews/comments/1ps6yks/school_lunch_is_terrible_parents_are_speechless/,t3_1ps6yks,nv7aqbb,neutral,0.0678887069225311,neutral,0.0678887069225311,0.0,neutral,True
reddit_comment,national school lunch program whole milk,"That's very rare, they should look into how this school manages its funds because someone might be filling their pockets.",,japannews,https://reddit.com/r/japannews/comments/1ps6yks/school_lunch_is_terrible_parents_are_speechless/,2025-12-21T17:26:55,comment,https://reddit.com/r/japannews/comments/1ps6yks/school_lunch_is_terrible_parents_are_speechless/,t3_1ps6yks,nv879gc,negative,0.0134070515632629,negative,0.0134070515632629,0.0,neutral,False
reddit_comment,national school lunch program whole milk,Hey still beats the pizza in the plastic bag that you had to actually pay money to buy when I was in elementary school in the US,,japannews,https://reddit.com/r/japannews/comments/1ps6yks/school_lunch_is_terrible_parents_are_speechless/,2025-12-21T14:07:18,comment,https://reddit.com/r/japannews/comments/1ps6yks/school_lunch_is_terrible_parents_are_speechless/,t3_1ps6yks,nv76xxt,neutral,0.3100260198116302,neutral,0.3100260198116302,-0.1027,negative,False
reddit_comment,national school lunch program whole milk,This is too bare. That piece of fish is so small.,,japannews,https://reddit.com/r/japannews/comments/1ps6yks/school_lunch_is_terrible_parents_are_speechless/,2025-12-21T15:47:19,comment,https://reddit.com/r/japannews/comments/1ps6yks/school_lunch_is_terrible_parents_are_speechless/,t3_1ps6yks,nv7nz9i,negative,0.0255925860255956,negative,0.0255925860255956,0.0,neutral,False
reddit_comment,national school lunch program whole milk,"I'm conflicted on this one. Like, every kid is different and telling me that a growing kid is coming home saying they're hungry is like a ""no shit"" statement. Of course they're hungry! Maybe pack a little extra food in their pack to help them out after school. You can't expect the school lunch to fit every growing child perfectly. If your child needs more calories, supply them. That said, I understand where they're coming from with the whole ""free lunch"" thing being provided by the government but not being enough. But I mean, what do you expect? The government always tries to cut costs.",,japannews,https://reddit.com/r/japannews/comments/1ps6yks/school_lunch_is_terrible_parents_are_speechless/,2025-12-21T14:11:28,comment,https://reddit.com/r/japannews/comments/1ps6yks/school_lunch_is_terrible_parents_are_speechless/,t3_1ps6yks,nv77lmz,neutral,0.0354201830923557,neutral,0.0354201830923557,0.7088,positive,False
reddit,national school lunch program whole milk,"Certified school lunch concoction right here. chocolate milk, unknown mysterious solids floating around, mushed banana~","Certified school lunch concoction right here. chocolate milk, unknown mysterious solids floating around, mushed banana~",StupidFood,https://reddit.com/r/StupidFood/comments/1py9wh6/certified_school_lunch_concoction_right_here/,2025-12-29T02:22:34,post,,t3_1py9wh6,,neutral,0.3843562304973602,neutral,0.3843562304973602,0.0,neutral,True
reddit_comment,national school lunch program whole milk,"u/DRGNDZBALLSOFFURFACE, your food is indeed stupid and it fits our subreddit!",,StupidFood,https://reddit.com/r/StupidFood/comments/1py9wh6/certified_school_lunch_concoction_right_here/,2025-12-29T02:22:35,comment,https://reddit.com/r/StupidFood/comments/1py9wh6/certified_school_lunch_concoction_right_here/,t3_1py9wh6,nwh3mqe,negative,0.0059028528630733,negative,0.0059028528630733,-0.5707,negative,True
reddit_comment,national school lunch program whole milk,Is it just floating around in a cardboard box?,,StupidFood,https://reddit.com/r/StupidFood/comments/1py9wh6/certified_school_lunch_concoction_right_here/,2025-12-29T02:27:11,comment,https://reddit.com/r/StupidFood/comments/1py9wh6/certified_school_lunch_concoction_right_here/,t3_1py9wh6,nwh4gb9,neutral,0.0193372908979654,neutral,0.0193372908979654,0.0,neutral,True
reddit_comment,national school lunch program whole milk,![gif](giphy|69QYIqHQQEVbO),,StupidFood,https://reddit.com/r/StupidFood/comments/1py9wh6/certified_school_lunch_concoction_right_here/,2025-12-29T02:26:20,comment,https://reddit.com/r/StupidFood/comments/1py9wh6/certified_school_lunch_concoction_right_here/,t3_1py9wh6,nwh4b2e,neutral,0.1952084749937057,neutral,0.1952084749937057,0.0,neutral,True
reddit_comment,national school lunch program whole milk,Did it come with a penicillin side dip?,,StupidFood,https://reddit.com/r/StupidFood/comments/1py9wh6/certified_school_lunch_concoction_right_here/,2025-12-29T02:25:31,comment,https://reddit.com/r/StupidFood/comments/1py9wh6/certified_school_lunch_concoction_right_here/,t3_1py9wh6,nwh45wy,neutral,0.0469013191759586,neutral,0.0469013191759586,0.0,neutral,True
reddit_comment,national school lunch program whole milk,I would file a Child Protection Services report if I kids at that school,,StupidFood,https://reddit.com/r/StupidFood/comments/1py9wh6/certified_school_lunch_concoction_right_here/,2025-12-29T02:28:03,comment,https://reddit.com/r/StupidFood/comments/1py9wh6/certified_school_lunch_concoction_right_here/,t3_1py9wh6,nwh4lli,negative,0.0097971307113766,negative,0.0097971307113766,0.0,neutral,False
reddit_comment,national school lunch program whole milk,![gif](giphy|dOl2LFw0RbTMc),,StupidFood,https://reddit.com/r/StupidFood/comments/1py9wh6/certified_school_lunch_concoction_right_here/,2025-12-29T02:35:58,comment,https://reddit.com/r/StupidFood/comments/1py9wh6/certified_school_lunch_concoction_right_here/,t3_1py9wh6,nwh5ydd,neutral,0.1780454069375991,neutral,0.1780454069375991,0.0,neutral,True
reddit_comment,national school lunch program whole milk,"Looks like they tried to make banana pudding but fucked it up and let it get runny. Didn't thicken the pudding enough, didn't separate the eggs enough, didn't use the appropriately aged bananas, not enough wafers, didn't mix the meringue enough etc....all of the above combined could lead to this mess of a puddle.",,StupidFood,https://reddit.com/r/StupidFood/comments/1py9wh6/certified_school_lunch_concoction_right_here/,2025-12-29T02:41:01,comment,https://reddit.com/r/StupidFood/comments/1py9wh6/certified_school_lunch_concoction_right_here/,t3_1py9wh6,nwh6uj5,negative,0.0053784251213073,negative,0.0053784251213073,-0.8796,negative,True
reddit_comment,national school lunch program whole milk,Looks like cat food for human.,,StupidFood,https://reddit.com/r/StupidFood/comments/1py9wh6/certified_school_lunch_concoction_right_here/,2025-12-29T02:24:36,comment,https://reddit.com/r/StupidFood/comments/1py9wh6/certified_school_lunch_concoction_right_here/,t3_1py9wh6,nwh3zxn,neutral,0.0588467009365558,neutral,0.0588467009365558,0.3612,positive,False
reddit_comment,national school lunch program whole milk,The soggy ass pizza box is 🤌🏼 chef’s kiss,,StupidFood,https://reddit.com/r/StupidFood/comments/1py9wh6/certified_school_lunch_concoction_right_here/,2025-12-29T02:38:27,comment,https://reddit.com/r/StupidFood/comments/1py9wh6/certified_school_lunch_concoction_right_here/,t3_1py9wh6,nwh6dvu,negative,0.1779257953166961,negative,0.1779257953166961,-0.1779,negative,True
reddit,national school lunch program whole milk,"A 1966 Type A school lunch, specified by the U.S. Department of Agriculture, featuring a protein food, fruits, vegetables, bread with butter, and milk","A 1966 Type A school lunch, specified by the U.S. Department of Agriculture, featuring a protein food, fruits, vegetables, bread with butter, and milk.",HistoricalCapsule,https://reddit.com/r/HistoricalCapsule/comments/1nbbmf8/a_1966_type_a_school_lunch_specified_by_the_us/,2025-09-08T02:10:44,post,,t3_1nbbmf8,,neutral,0.0988556891679763,neutral,0.0988556891679763,0.0,neutral,True
reddit_comment,national school lunch program whole milk,"Then along came ""ketchup is a vegetable"" Reagan.",,HistoricalCapsule,https://reddit.com/r/HistoricalCapsule/comments/1nbbmf8/a_1966_type_a_school_lunch_specified_by_the_us/,2025-09-08T02:46:55,comment,https://reddit.com/r/HistoricalCapsule/comments/1nbbmf8/a_1966_type_a_school_lunch_specified_by_the_us/,t3_1nbbmf8,nd0r11x,negative,0.0536247007548809,negative,0.0536247007548809,0.0,neutral,False
reddit_comment,national school lunch program whole milk,Is it fair to say those who ate this when they were students end up giving something much much worse to the students when they are in charge? edit: grammar,,HistoricalCapsule,https://reddit.com/r/HistoricalCapsule/comments/1nbbmf8/a_1966_type_a_school_lunch_specified_by_the_us/,2025-09-08T02:31:01,comment,https://reddit.com/r/HistoricalCapsule/comments/1nbbmf8/a_1966_type_a_school_lunch_specified_by_the_us/,t3_1nbbmf8,nd0ofzb,negative,0.0087165469303727,negative,0.0087165469303727,0.1531,positive,False
reddit_comment,national school lunch program whole milk,I didn't know milk carton used to be squared on top,,HistoricalCapsule,https://reddit.com/r/HistoricalCapsule/comments/1nbbmf8/a_1966_type_a_school_lunch_specified_by_the_us/,2025-09-08T03:18:12,comment,https://reddit.com/r/HistoricalCapsule/comments/1nbbmf8/a_1966_type_a_school_lunch_specified_by_the_us/,t3_1nbbmf8,nd0vy01,neutral,0.0424212664365768,neutral,0.0424212664365768,0.2023,positive,False
reddit_comment,national school lunch program whole milk,"When I was in elementary school in the South (early-mid 2000s), we had lunches like this. There were people actually cooking the food, most of them motherly older women and mostly African American. They made sure we ate good. My favorites were the turkey tetrazzini and peanut butter cake. When I moved to a different state in high school, the school was Title 1 and the food was complete garbage. I only ate school lunch one day when I was a senior just to say I tried it and I swear to god the chicken sandwich I got was just all one piece of food. Like the bread had melded with the chicken. I think it came with a cup of applesauce and a milk and that was it. There was another thing that was like cheese filled breadsticks that my friends seemed to enjoy but it said in big letters not to heat it in the bag and the lunch ladies *always* heated them in the bag. You also only got two and a fruit cup. There’s no way that’s enough food for a teenager. It’s incredible the differences between public schools with higher and lower levels of funding. You’d think poor people should be given more opportunity, but Title 1 schools basically teach the kids how to read and write and send them off into the world.",,HistoricalCapsule,https://reddit.com/r/HistoricalCapsule/comments/1nbbmf8/a_1966_type_a_school_lunch_specified_by_the_us/,2025-09-08T07:11:42,comment,https://reddit.com/r/HistoricalCapsule/comments/1nbbmf8/a_1966_type_a_school_lunch_specified_by_the_us/,t3_1nbbmf8,nd1oe2f,positive,0.6039117574691772,positive,0.6039117574691772,0.6946,positive,True
reddit_comment,national school lunch program whole milk,"Ah, yes. I graduated from high school in 1970, and remember when schools served real food!",,HistoricalCapsule,https://reddit.com/r/HistoricalCapsule/comments/1nbbmf8/a_1966_type_a_school_lunch_specified_by_the_us/,2025-09-08T03:24:30,comment,https://reddit.com/r/HistoricalCapsule/comments/1nbbmf8/a_1966_type_a_school_lunch_specified_by_the_us/,t3_1nbbmf8,nd0wwrp,positive,0.8689094185829163,positive,0.8689094185829163,0.4574,positive,True
reddit_comment,national school lunch program whole milk,For a split second I thought it was a packet of Marlboro top right,,HistoricalCapsule,https://reddit.com/r/HistoricalCapsule/comments/1nbbmf8/a_1966_type_a_school_lunch_specified_by_the_us/,2025-09-08T03:14:35,comment,https://reddit.com/r/HistoricalCapsule/comments/1nbbmf8/a_1966_type_a_school_lunch_specified_by_the_us/,t3_1nbbmf8,nd0ve9l,neutral,0.1314742714166641,neutral,0.1314742714166641,0.2023,positive,False
reddit_comment,national school lunch program whole milk,"Yes, our school lunch is all looked similar to this one in the 1950s and 60s.",,HistoricalCapsule,https://reddit.com/r/HistoricalCapsule/comments/1nbbmf8/a_1966_type_a_school_lunch_specified_by_the_us/,2025-09-08T04:31:02,comment,https://reddit.com/r/HistoricalCapsule/comments/1nbbmf8/a_1966_type_a_school_lunch_specified_by_the_us/,t3_1nbbmf8,nd16cef,neutral,0.2159343510866165,neutral,0.2159343510866165,0.4019,positive,False
reddit_comment,national school lunch program whole milk,"Wow it actually looks edible, unlike what they served me in school. (Graduated 2012)",,HistoricalCapsule,https://reddit.com/r/HistoricalCapsule/comments/1nbbmf8/a_1966_type_a_school_lunch_specified_by_the_us/,2025-09-08T06:17:58,comment,https://reddit.com/r/HistoricalCapsule/comments/1nbbmf8/a_1966_type_a_school_lunch_specified_by_the_us/,t3_1nbbmf8,nd1ir5g,positive,0.9280614256858826,positive,0.9280614256858826,0.5859,positive,True
reddit,2% milk schools USDA,"Milk carton shortage hits school lunchrooms in California, New York and other states, USDA says","Milk carton shortage hits school lunchrooms in California, New York and other states, USDA says",news,https://reddit.com/r/news/comments/17oc4vl/milk_carton_shortage_hits_school_lunchrooms_in/,2023-11-05T13:38:33,post,,t3_17oc4vl,,neutral,0.0290493480861186,neutral,0.0290493480861186,-0.25,negative,False
reddit_comment,2% milk schools USDA,Let’s sole source our carton production from one plant. WTF. Corporations need competition.,,news,https://reddit.com/r/news/comments/17oc4vl/milk_carton_shortage_hits_school_lunchrooms_in/,2023-11-05T14:48:22,comment,https://reddit.com/r/news/comments/17oc4vl/milk_carton_shortage_hits_school_lunchrooms_in/,t3_17oc4vl,k7xkozb,negative,0.0277935806661844,negative,0.0277935806661844,-0.6739,negative,True
reddit_comment,2% milk schools USDA,"California has so many students drinking milk, it could setup its own milk carton plant and run it as a non-profit and be perfectly solvent.",,news,https://reddit.com/r/news/comments/17oc4vl/milk_carton_shortage_hits_school_lunchrooms_in/,2023-11-05T15:55:19,comment,https://reddit.com/r/news/comments/17oc4vl/milk_carton_shortage_hits_school_lunchrooms_in/,t3_17oc4vl,k7xv5qi,neutral,0.3051061928272247,neutral,0.3051061928272247,0.6369,positive,False
reddit_comment,2% milk schools USDA,Somehow five people made comments so controversial as to them being removed What the fuck could you be so heated about over milk,,news,https://reddit.com/r/news/comments/17oc4vl/milk_carton_shortage_hits_school_lunchrooms_in/,2023-11-05T14:28:19,comment,https://reddit.com/r/news/comments/17oc4vl/milk_carton_shortage_hits_school_lunchrooms_in/,t3_17oc4vl,k7xhow4,negative,0.0040516499429941,negative,0.0040516499429941,-0.7065,negative,True
reddit_comment,2% milk schools USDA,This story did everything except explain why there is suddenly a shortage.,,news,https://reddit.com/r/news/comments/17oc4vl/milk_carton_shortage_hits_school_lunchrooms_in/,2023-11-05T17:54:35,comment,https://reddit.com/r/news/comments/17oc4vl/milk_carton_shortage_hits_school_lunchrooms_in/,t3_17oc4vl,k7yeusf,negative,0.0079316236078739,negative,0.0079316236078739,-0.25,negative,True
reddit_comment,2% milk schools USDA,Kids will now have pictures of missing milk cartons on their shirts.,,news,https://reddit.com/r/news/comments/17oc4vl/milk_carton_shortage_hits_school_lunchrooms_in/,2023-11-05T13:57:58,comment,https://reddit.com/r/news/comments/17oc4vl/milk_carton_shortage_hits_school_lunchrooms_in/,t3_17oc4vl,k7xdd11,negative,0.0119672762230038,negative,0.0119672762230038,-0.296,negative,True
reddit_comment,2% milk schools USDA,Time to go back to the bag milks.,,news,https://reddit.com/r/news/comments/17oc4vl/milk_carton_shortage_hits_school_lunchrooms_in/,2023-11-05T14:19:29,comment,https://reddit.com/r/news/comments/17oc4vl/milk_carton_shortage_hits_school_lunchrooms_in/,t3_17oc4vl,k7xgei5,neutral,0.1240023747086525,neutral,0.1240023747086525,0.0,neutral,True
reddit_comment,2% milk schools USDA,I bet this is why I haven't been able to get my pint cartons of half and half for weeks now at the grocery store. Wow. Now it makes sense.,,news,https://reddit.com/r/news/comments/17oc4vl/milk_carton_shortage_hits_school_lunchrooms_in/,2023-11-05T14:41:51,comment,https://reddit.com/r/news/comments/17oc4vl/milk_carton_shortage_hits_school_lunchrooms_in/,t3_17oc4vl,k7xjppy,neutral,0.2082199901342392,neutral,0.2082199901342392,0.5859,positive,False
reddit_comment,2% milk schools USDA,I was doing a service project for a public school a few years ago. I was shocked to see how many sealed cartons and untouched fruit ended up in the dumpster.,,news,https://reddit.com/r/news/comments/17oc4vl/milk_carton_shortage_hits_school_lunchrooms_in/,2023-11-05T15:10:05,comment,https://reddit.com/r/news/comments/17oc4vl/milk_carton_shortage_hits_school_lunchrooms_in/,t3_17oc4vl,k7xo0cr,negative,0.0130442390218377,negative,0.0130442390218377,-0.4404,negative,True
reddit_comment,2% milk schools USDA,"first of all, there aren't that many carton manufacturers - this is not a profitable business and often, the real purpose of the business is to get rid of board stock that isn't quite up to standards for other clients second, the company in question, pactiv evergreen, has five or six plants, some of which specialize in other kinds of cartons like half gallons or 59 oz juice containers - one of the plants is pretty much the main maker of the 8 oz cartons that go to school lunch programs, although they all do it to some degree third, the 8 oz carton plant has been struggling for years with old presses, old sealers and new operators who basically just want to press the start button and forget about it - except that you can't do that with a printing press or a sealer - the turnover is very high at this place in spite of efforts to increase wages and give bonuses to those who stay - the problem is that overtime can suck up your life at times - you never know if you're going to end up leaving after 8 hrs or 12 - (or get called in early - or once in a great while, both) - saturdays and even sundays are common - instead of running presses at the 250-300k per shift per printing stream, they've been running at 100k or worse also, the corporate culture at this one plant is downright toxic, mostly because of the rank and file and because of a somewhat corrupt union that represents some of the workers so people leave because it's not good there and one can get a better job or at least an easier one fourth, the plants are pretty much at the mercy of the customers, who don't always have their reckoning right on how many cartons they need and find themselves in a jam and will do last minute panic orders that HAVE to be filled add to this shortages of paper and other materials and constant problems with quality because of a lack of diligence (which means having to run the orders again, sometimes after they've been shipped back) and it's a never ending struggle to keep customers supp",,news,https://reddit.com/r/news/comments/17oc4vl/milk_carton_shortage_hits_school_lunchrooms_in/,2023-11-05T23:42:08,comment,https://reddit.com/r/news/comments/17oc4vl/milk_carton_shortage_hits_school_lunchrooms_in/,t3_17oc4vl,k80028m,negative,0.0214230623096227,negative,0.0214230623096227,-0.197,negative,True
reddit,2% milk schools USDA,"***US EDUCATION UPDATE***. #Overhaul of Ohio colleges targets diversity mandates, China and requires U.S. history class &gt;An important piece is that it adds employees of public universities to list of public sector workers not allowed to strike. Very much an anti-union piece of legislation as welll **** #Texas Education Agency announces takeover of the Houston Independent School District &gt; State government taking over for local government. Not very ""small government"" of them. **** #Judges Want Schools to Flag ‘Disruptive’ Students to Employers &gt; This would seem to be particularly problematic at a state school, where you’d have a state actor taking an adverse action against a student for exercising their first amendment rights. But I shouldn’t be surprised that these fucking hacks are so opposed to free speech. **** #'Why are we not paying for lunch?': Evers, school leaders support plan for free school meals &gt; Agriculture is one of Wisconsin's biggest industries. It boggles my mind how our state leaders do not already endorse feeding our own children and supporting educational institutions first and foremost. **** #Crackers in single-use plastic boxes to be offered at US school cafeterias. Just what the planet has been waiting for... &gt;The USDA Food and Nutrition Service have certain required food components and minimum quantities broken down by age group for the food program. For lunch you need five components as follows: meat/meat alternate, vegetable, vegetable or fruit, grain, and milk. The 2oz meat requirement is the minimum required meal pattern and I believe there is a note on the meal pattern chart that larger portion sizes than specified may be needed for children 13-18. The 1/8th serving of vegetables I'm guessing is an 1/8th of a cup? That would only meet the vegetable requirements for ages 1-2. 3-5 year olds require 1/4 cup serving and 1/2 cup serving for 6+. The National School Lunch Program (NSLP) has additional requirements into the subgroups of vegetables they are",***US EDUCATION UPDATE***,cloudclub,https://reddit.com/r/cloudclub/comments/11syqm6/us_education_update/,2023-03-16T16:23:24,post,,t3_11syqm6,,negative,0.0099322013556957,negative,0.0099322013556957,0.9366,positive,False
reddit_comment,2% milk schools USDA,"#School board member jokes 'blue eyes' are important hiring quality, angers Kansas district",,cloudclub,https://reddit.com/r/cloudclub/comments/11syqm6/us_education_update/,2023-03-16T16:44:13,comment,https://reddit.com/r/cloudclub/comments/11syqm6/us_education_update/,t3_11syqm6,jcg8xcx,negative,0.0166587457060813,negative,0.0166587457060813,-0.128,negative,True
reddit,2% milk schools USDA,"What exactly are they feeding our kids?. Recently, a nonprofit organization sponsored a campaign to end childhood obesity by putting up billboards that depicted the exposed abdomens of overweight children with the phrases “Marion We Have a Problem…” and “1 in 3 of Our Fifth Graders are Obese” (don’t mind the grammatical errors, I try to ignore them). So, I started looking into this nonprofit, and I found that one of the programs that they support (I’m not sure if they sponsor it, but they do have info about it on their website) is the USDA Summer Food Service Program that takes place in school yards and community spaces in town during the summer months. Before I launch into this, let me say that I believe this is a much needed program, because kids need a way to get lunch during the summer — a meal they may not get otherwise. However, when I saw what they were serving one day, I started to think, “You know, school and summer lunch program foods may be part of the obesity issue” — a point that has been well established in the past, even garnering attention from First Lady Michelle Obama. While I know that part of the responsibility falls on parents, we cannot blame them 100% for their children’s eating habits if their kids are eating things like this at school. Oh, I guess I should tell you what the meal was, huh? It was a hamburger, Fritos, a pickle spear, a fruit juice slushie, and a choice of regular or chocolate milk. When I saw this lunch, I thought to myself, “How can this organization be supporting this program, when it is obviously perpetuating a culture of junk food for our kids?” So, I wrote to the organization: ""I was just wondering if your organization has something in the works to better the food offered through the Summer Food Service Program. Today, the kids were served hamburgers, pickles, Fritos, and slushies. If this is what we are touting as a “healthy” meal, I think we are setting the kids up to fail before we even start. I mean, if your organization wants to fight childhood obesity, may",What exactly are they feeding our kids?,HealthyFood,https://reddit.com/r/HealthyFood/comments/3btecd/what_exactly_are_they_feeding_our_kids/,2015-07-02T00:11:54,post,,t3_3btecd,,neutral,0.032017283141613,neutral,0.032017283141613,0.6385,positive,False
reddit_comment,2% milk schools USDA,"Your reply to them is so brutal. Because you, of course, are right. You really put one heck of an ugly mirror in front of these people. It was so well argued. However, you really think they can do something about it? It's quite the uphill battle.",,HealthyFood,https://reddit.com/r/HealthyFood/comments/3btecd/what_exactly_are_they_feeding_our_kids/,2015-07-02T03:22:43,comment,https://reddit.com/r/HealthyFood/comments/3btecd/what_exactly_are_they_feeding_our_kids/,t3_3btecd,csphknr,negative,0.0070695760659873,negative,0.0070695760659873,-0.9089,negative,True
reddit_comment,2% milk schools USDA,I don't know how to vocalise what I want to say in an intelligent way but I think it's stupid to think that kids don't like healthy food. Kids like the food they are used to and that is cooked well. Not necessarily junk. Kids didn't only start eating when junk food was invented,,HealthyFood,https://reddit.com/r/HealthyFood/comments/3btecd/what_exactly_are_they_feeding_our_kids/,2015-07-02T11:34:17,comment,https://reddit.com/r/HealthyFood/comments/3btecd/what_exactly_are_they_feeding_our_kids/,t3_3btecd,cspr0iz,negative,0.030386658385396,negative,0.030386658385396,-0.477,negative,True
reddit_comment,2% milk schools USDA,"I agree with you 100%. Especially your ""food culture"" point. We're not giving kids enough credit. They follow our cues.",,HealthyFood,https://reddit.com/r/HealthyFood/comments/3btecd/what_exactly_are_they_feeding_our_kids/,2015-07-02T02:49:16,comment,https://reddit.com/r/HealthyFood/comments/3btecd/what_exactly_are_they_feeding_our_kids/,t3_3btecd,cspgke0,positive,0.4302926659584045,positive,0.4302926659584045,0.4703,positive,True
reddit_comment,2% milk schools USDA,"Very much agreed, and it's not just summer lunches. Here's a good Ted Talk on the matter.",,HealthyFood,https://reddit.com/r/HealthyFood/comments/3btecd/what_exactly_are_they_feeding_our_kids/,2015-07-02T04:59:09,comment,https://reddit.com/r/HealthyFood/comments/3btecd/what_exactly_are_they_feeding_our_kids/,t3_3btecd,cspk7wc,positive,0.7943847179412842,positive,0.7943847179412842,0.6573,positive,True
reddit_comment,2% milk schools USDA,"Thanks to Ronald Reagan ketchup is considered a vegetable as far as school lunches are concerned! Unless that has since been changed. I used to volunteer with the summer lunch program here (when it was at the local YMCA) and the food was catered by a local grocery store. We had real fruit (although usually canned), real vegetables (again mostly canned or frozen, unless we had baby carrots or salad), a protein and a grain for every meal (I think). Milk was also served. The meals I helped with were quite nutritionally sound. But, I think the head of the program tried to follow the same rules as during the school year (she is the head of the food program for the schools). The one thing that was surprising was that the protein serving was the smaller size (for younger kids) for everyone, and not the larger size for older kids. At first, we were giving out too much of the main dish, and not having enough food. We thought we were being shorted by our food provider, but instead we realized that we were serving too much food, and had to cut back our serving sizes. I haven't helped with the program for a few years, and it is now based out of one of the school cafeterias. They serve both breakfast and lunch. But, I am sure the food is just as nutritionally sound as when I helped. Were the meals perfect? No. But, a pickle would not count as a vegetable, and a slushie (even if 100% juice) would not count as a fruit. Sometimes there were cookies and/or fudge bars or something for dessert. Then, one of the volunteers had to be the ""dessert police"" and make sure that each child took only one desert! But, yes it is sad what schools can get away with as far as providing nutritional meals. I know there was a show on T.V. for a while where Gordon Ramsey (I think, maybe it was another British chef) took over an american school cafeteria to make healthy foods and get kids to eat them. One episode he made some sort of pasta dish that was loaded with veggies. The head cook told him that h",,HealthyFood,https://reddit.com/r/HealthyFood/comments/3btecd/what_exactly_are_they_feeding_our_kids/,2015-07-02T01:42:08,comment,https://reddit.com/r/HealthyFood/comments/3btecd/what_exactly_are_they_feeding_our_kids/,t3_3btecd,cspeh52,neutral,0.2357518672943115,neutral,0.2357518672943115,0.9614,positive,False
reddit_comment,2% milk schools USDA,"I think you were dead on. These points that they have made and the points that you have made are the difference between what lies in the interests of the corporations and what lies in the interest of the people. Why not a damn veggie patty? Why not carrot sticks or apple slices or peas or pears or mandarin oranges in juice or any number of other possibilities? Why not meatloaf with lean beef and ground chicken or turkey? Preperation is a challenge that perhaps they need a bit of help with, but hungry kids will eat.",,HealthyFood,https://reddit.com/r/HealthyFood/comments/3btecd/what_exactly_are_they_feeding_our_kids/,2015-07-02T03:55:29,comment,https://reddit.com/r/HealthyFood/comments/3btecd/what_exactly_are_they_feeding_our_kids/,t3_3btecd,cspiimj,neutral,0.0888939127326011,neutral,0.0888939127326011,-0.1806,negative,False
reddit_comment,2% milk schools USDA,I think most parents should just pack lunch for the kids. Sandwich and wraps are not the healthiest but still better than school offered lunches.,,HealthyFood,https://reddit.com/r/HealthyFood/comments/3btecd/what_exactly_are_they_feeding_our_kids/,2015-07-02T09:27:54,comment,https://reddit.com/r/HealthyFood/comments/3btecd/what_exactly_are_they_feeding_our_kids/,t3_3btecd,cspp5o8,neutral,0.167015865445137,neutral,0.167015865445137,0.5927,positive,False
reddit_comment,2% milk schools USDA,"my husband is a cook and worked for a year in a kosher kitchen for a jewish private school where they were only served healthy, home-made food he prepared that day. he served them vegetables, fruits, whole grains, kosher meats and cheeses, sourced locally if he could manage it, on a regular basis, and guess what? the kids ate it. every kid from kindergarten up to eighth grade... because that was what they were used to. they didn't get garbage food at home, and they didn't get garbage food at school. he was able to convince the school managers that they did not need to rely on pre-made, frozen, processed food to get the food out on time, or eaten. according to him it can actually be cheaper for the kitchen/caf to make healthy things on site (buying veggies in bulk, making things by hand instead of buying them premade, etc). it just takes more time and more work. which is something i don't think public schools are willing to put time into, or pay more workers to do the job right, unfortunately.",,HealthyFood,https://reddit.com/r/HealthyFood/comments/3btecd/what_exactly_are_they_feeding_our_kids/,2015-07-02T15:58:25,comment,https://reddit.com/r/HealthyFood/comments/3btecd/what_exactly_are_they_feeding_our_kids/,t3_3btecd,cspyqr5,neutral,0.2368048727512359,neutral,0.2368048727512359,0.8271,positive,False
reddit_comment,2% milk schools USDA,"I agree with all your points completely. Mainly that we shouldn't be hiding nutrition from kids. It scares me how little I know about nutrition, and it scares me even more that many of my friends laugh at nutrition and say it's not important. Things have to change. You definitely handled this situation better than I could! This is really and I'd love to know what reply you get to that.",,HealthyFood,https://reddit.com/r/HealthyFood/comments/3btecd/what_exactly_are_they_feeding_our_kids/,2015-07-02T19:34:33,comment,https://reddit.com/r/HealthyFood/comments/3btecd/what_exactly_are_they_feeding_our_kids/,t3_3btecd,csq779v,negative,0.2164802849292755,negative,0.2164802849292755,0.9437,positive,False
reddit_comment,2% milk schools USDA,"I completely agree. I'm a middle school teacher and I'm disappointed with the food that is offered to my students. Personally, I won't even eat school food. All of the meat is processed. Although they have tried to make healthy changes, like providing actual fruit on some days, they still offer canned fruit in sugary syrups on other days. So many of the students at my school are overweight. Because a majority of them live in poverty, they eat a lot of fast food at home. I worry because I know many of their parents don't make efforts to teach them about eating healthy. I try to influence my students to make healthy choices by being vocal about the choices I make when eating. Unfortunately, even though they may know which foods they should eat, they can't always have them because those foods are not made available to them. You should check out this article : These are school lunches from other countries.",,HealthyFood,https://reddit.com/r/HealthyFood/comments/3btecd/what_exactly_are_they_feeding_our_kids/,2015-07-24T14:54:46,comment,https://reddit.com/r/HealthyFood/comments/3btecd/what_exactly_are_they_feeding_our_kids/,t3_3btecd,ctem5af,negative,0.0090556489303708,negative,0.0090556489303708,-0.204,negative,True
reddit,2% milk schools USDA,"B.017 No Child Left Hungry Act of 2018. *Whereas* no student should be forced into going hungry due to their economic status; *Whereas* students are most productive when they are not hungry; *Whereas* the State should ensure that students are not stigmatized for their economic status in schools; *Be it Enacted by the People of the State of Great Lakes, Represented in the General Assembly,* **SECTION 1. Short title.** This Act may be referred to as the “No Child Left Hungry Act of 2018.” **SECTION 2. Definition** “School"" means any public or private elementary or secondary school that participates in a United States Department of Agriculture child nutrition program. **SECTION 3. Reimbursement** a) All schools in the Central State shall provide a USDA National School Lunch, Special Milk, and School Breakfast programs meal or snack to any student of that school who requests the meal or snack, regardless of whether or not the student has the ability to pay for the meal or snack or owes money for earlier meals or snacks. b) The school may not provide a student requesting a meal or snack under subsection (a) an alternate meal or snack that is different from the other meals or snacks provided to students in that school and may not prohibit or prevent a student from accessing the school's meal or snack services. c) If a student owes money for meals or snacks that is in excess of the equivalent of the amount charged a student for 6 lunches, a school may contact the parent or guardian of the student to attempt collection of the owed money and to request that the parent or guardian apply for meal benefits in a federal or State child nutrition program. d) If the amount owed by a student for meals or snacks is owed and payable to a school district in an amount that is no less than $500 and the school district has made reasonable efforts to collect the debt from the student's parent or guardian for at least one year, the school district may seek an offset under the State Comptroller Act. **SECTION 4. Anti-stigmatizatio",B.017 No Child Left Hungry Act of 2018,ModelCentralState,https://reddit.com/r/ModelCentralState/comments/9sk8kz/b017_no_child_left_hungry_act_of_2018/,2018-10-30T03:17:20,post,,t3_9sk8kz,,neutral,0.0969070270657539,neutral,0.0969070270657539,0.5756,positive,False
reddit_comment,2% milk schools USDA,"I fully support this bill and the meaning behind it, no child should starve because of the economic situation of their parents. But if my memory is correct we already have something like this set into law, there definitely was these types of programs where I grew up",,ModelCentralState,https://reddit.com/r/ModelCentralState/comments/9sk8kz/b017_no_child_left_hungry_act_of_2018/,2018-10-31T04:10:03,comment,https://reddit.com/r/ModelCentralState/comments/9sk8kz/b017_no_child_left_hungry_act_of_2018/,t3_9sk8kz,e8rrqmy,neutral,0.4154482781887054,neutral,0.4154482781887054,0.7389,positive,False
reddit_comment,2% milk schools USDA,"Mr. Speaker, Can the Governor please comment as to the amount of taxpayer dollars this will cost, and from where that money will come?",,ModelCentralState,https://reddit.com/r/ModelCentralState/comments/9sk8kz/b017_no_child_left_hungry_act_of_2018/,2018-10-30T10:10:12,comment,https://reddit.com/r/ModelCentralState/comments/9sk8kz/b017_no_child_left_hungry_act_of_2018/,t3_9sk8kz,e8ptj1s,neutral,0.0228834990411996,neutral,0.0228834990411996,0.3182,positive,False
reddit_comment,2% milk schools USDA,"Mr /u/madk3p and /u/High-Priest-of-Helix I am here to voice my uttermost support for this bill. There are many reasons for my support which I will list here so other assemblymen will hopefully follow my reasoning. For one, there are many studies which prove that school meals drastically effect educational performance. This means by investing in these school meals you are directly investing in these kids educational future. It is important to also remember the world we live in today when I say this. We live in a globalized world which is in constant competition not only 192 countries that exist, but also our state is in competition with the other 4 states. Now in the spirit of capitalism we can fight in 2 ways. One would be to keep cutting costs, crushing unions and trying to make a workforce that would work for less where we can beat other places on cost of production. Or the other way proposed here which would invest in our to create better higher paying jobs, a smarter and better workforce and boost our economy. I can see the right option and im hoping my fellow assemblymen can see it. Another bonus of the bill is that the food bought for these school meals come from local farmers in the state. Once again a great example of stimulating the economy and providing jobs where they are needed whilst helping all parties involved. If you support our American farmers support this bill. One issue I have with this bill is the fact that it says ""regardless of whether or not the student has the ability to pay for the meal"". This hints at the idea that even middle to upper class can get free meals despite not being in need of them, in a way scamming the system. Although I understand why this may be, in an effect to reduce social stigmatization towards children who may not be able to afford these meals. But shouldn't these meals be reserved for those who really need them? This was the original intention outlined in the national school lunches program where they say "" Children m",,ModelCentralState,https://reddit.com/r/ModelCentralState/comments/9sk8kz/b017_no_child_left_hungry_act_of_2018/,2018-10-30T11:46:55,comment,https://reddit.com/r/ModelCentralState/comments/9sk8kz/b017_no_child_left_hungry_act_of_2018/,t3_9sk8kz,e8pwzsa,positive,0.8299804925918579,positive,0.8299804925918579,0.9957,positive,True
reddit_comment,2% milk schools USDA,I wholeheartedly endorse this bill,,ModelCentralState,https://reddit.com/r/ModelCentralState/comments/9sk8kz/b017_no_child_left_hungry_act_of_2018/,2018-10-30T17:51:51,comment,https://reddit.com/r/ModelCentralState/comments/9sk8kz/b017_no_child_left_hungry_act_of_2018/,t3_9sk8kz,e8ql838,positive,0.9730167388916016,positive,0.9730167388916016,0.3182,positive,True
reddit_comment,2% milk schools USDA,"This should be a bi-partisan issue, this is similar to a bill introduced in the last session with some minor clarification edits.",,ModelCentralState,https://reddit.com/r/ModelCentralState/comments/9sk8kz/b017_no_child_left_hungry_act_of_2018/,2018-10-30T21:33:09,comment,https://reddit.com/r/ModelCentralState/comments/9sk8kz/b017_no_child_left_hungry_act_of_2018/,t3_9sk8kz,e8r227z,neutral,0.036251924932003,neutral,0.036251924932003,0.0,neutral,True
reddit_comment,2% milk schools USDA,"I do understand the consequences of children being left hungry with no food to eat. However, this type of welfare will only allow children to stop bringing food from their homes and to stop buying from school canteens and suck up tens of thousands of taxpayer dollars. We should discourage this kind of behavior, not encourage it.",,ModelCentralState,https://reddit.com/r/ModelCentralState/comments/9sk8kz/b017_no_child_left_hungry_act_of_2018/,2018-11-01T09:14:58,comment,https://reddit.com/r/ModelCentralState/comments/9sk8kz/b017_no_child_left_hungry_act_of_2018/,t3_9sk8kz,e8u88xp,negative,0.0070323329418897,negative,0.0070323329418897,-0.9022,negative,True
reddit,2% milk schools USDA,"B.017 No Child Left Hungry Act of 2018 FLOOR VOTE. No Amendments were made to the bill --- *Whereas* no student should be forced into going hungry due to their economic status; *Whereas* students are most productive when they are not hungry; *Whereas* the State should ensure that students are not stigmatized for their economic status in schools; *Be it Enacted by the People of the State of Great Lakes, Represented in the General Assembly,* **SECTION 1. Short title.** This Act may be referred to as the “No Child Left Hungry Act of 2018.” **SECTION 2. Definition** “School"" means any public or private elementary or secondary school that participates in a United States Department of Agriculture child nutrition program. **SECTION 3. Reimbursement** a) All schools in the Central State shall provide a USDA National School Lunch, Special Milk, and School Breakfast programs meal or snack to any student of that school who requests the meal or snack, regardless of whether or not the student has the ability to pay for the meal or snack or owes money for earlier meals or snacks. b) The school may not provide a student requesting a meal or snack under subsection (a) an alternate meal or snack that is different from the other meals or snacks provided to students in that school and may not prohibit or prevent a student from accessing the school's meal or snack services. c) If a student owes money for meals or snacks that is in excess of the equivalent of the amount charged a student for 6 lunches, a school may contact the parent or guardian of the student to attempt collection of the owed money and to request that the parent or guardian apply for meal benefits in a federal or State child nutrition program. d) If the amount owed by a student for meals or snacks is owed and payable to a school district in an amount that is no less than $500 and the school district has made reasonable efforts to collect the debt from the student's parent or guardian for at least one year, the school district may seek an offset under the State Comptrol",B.017 No Child Left Hungry Act of 2018 FLOOR VOTE,CentralStateChambers,https://reddit.com/r/CentralStateChambers/comments/9tedze/b017_no_child_left_hungry_act_of_2018_floor_vote/,2018-11-01T22:48:10,post,,t3_9tedze,,neutral,0.0682009160518646,neutral,0.0682009160518646,0.3666,positive,False
reddit,2% milk schools USDA,USDA Considering Chocolate Milk Ban in School Cafeterias to Combat Childhood Obesity,USDA Considering Chocolate Milk Ban in School Cafeterias to Combat Childhood Obesity,Conservative,https://reddit.com/r/Conservative/comments/13jyc20/usda_considering_chocolate_milk_ban_in_school/,2023-05-17T10:55:25,post,,t3_13jyc20,,neutral,0.0426206775009632,neutral,0.0426206775009632,-0.7184,negative,False
reddit_comment,2% milk schools USDA,Maybe start with the 20 oz soda vending machines in middle and high schools.,,Conservative,https://reddit.com/r/Conservative/comments/13jyc20/usda_considering_chocolate_milk_ban_in_school/,2023-05-17T11:52:31,comment,https://reddit.com/r/Conservative/comments/13jyc20/usda_considering_chocolate_milk_ban_in_school/,t3_13jyc20,jkhlblq,neutral,0.0793892219662666,neutral,0.0793892219662666,0.0,neutral,True
reddit_comment,2% milk schools USDA,"Yeah because chocolate milk is to blame, when I’d literally watch most of the kids during lunch fill half their tray with ranch dressing. Not to mention the fact they had those little stores ran by students, next to the cafeteria that sold nothing but name brand candy, energy drinks, cup of noodles. Etc.",,Conservative,https://reddit.com/r/Conservative/comments/13jyc20/usda_considering_chocolate_milk_ban_in_school/,2023-05-17T13:11:10,comment,https://reddit.com/r/Conservative/comments/13jyc20/usda_considering_chocolate_milk_ban_in_school/,t3_13jyc20,jkhukr7,negative,0.0167725402861833,negative,0.0167725402861833,0.3716,positive,False
reddit_comment,2% milk schools USDA,"It's the carbs &amp; processed foods. Protein, leafy greens, whole wheat, veggies, and some dairy.",,Conservative,https://reddit.com/r/Conservative/comments/13jyc20/usda_considering_chocolate_milk_ban_in_school/,2023-05-17T12:26:05,comment,https://reddit.com/r/Conservative/comments/13jyc20/usda_considering_chocolate_milk_ban_in_school/,t3_13jyc20,jkhp0tm,negative,0.0369486548006534,negative,0.0369486548006534,0.0,neutral,False
reddit_comment,2% milk schools USDA,Maybe the USDA should consider promoting exercise and healthy eating. Drinking a chocolate milk will not cause obesity.,,Conservative,https://reddit.com/r/Conservative/comments/13jyc20/usda_considering_chocolate_milk_ban_in_school/,2023-05-17T11:14:58,comment,https://reddit.com/r/Conservative/comments/13jyc20/usda_considering_chocolate_milk_ban_in_school/,t3_13jyc20,jkhhk53,neutral,0.2193459868431091,neutral,0.2193459868431091,0.6369,positive,False
reddit_comment,2% milk schools USDA,"okay. perhaps start with the weird white bread, the tater tots, and the conspicuous soda machines(?) nah...",,Conservative,https://reddit.com/r/Conservative/comments/13jyc20/usda_considering_chocolate_milk_ban_in_school/,2023-05-17T13:13:52,comment,https://reddit.com/r/Conservative/comments/13jyc20/usda_considering_chocolate_milk_ban_in_school/,t3_13jyc20,jkhuxb3,negative,0.0182074382901191,negative,0.0182074382901191,-0.0516,negative,True
reddit_comment,2% milk schools USDA,"On the list of things contributing to childhood obesity, I'm sure chocolate milk is nowhere near the top.",,Conservative,https://reddit.com/r/Conservative/comments/13jyc20/usda_considering_chocolate_milk_ban_in_school/,2023-05-17T12:28:37,comment,https://reddit.com/r/Conservative/comments/13jyc20/usda_considering_chocolate_milk_ban_in_school/,t3_13jyc20,jkhpbdy,negative,0.0329701527953147,negative,0.0329701527953147,0.1798,positive,False
reddit_comment,2% milk schools USDA,The people in charge of school lunches should have to eat what's served to students. Every single work day.,,Conservative,https://reddit.com/r/Conservative/comments/13jyc20/usda_considering_chocolate_milk_ban_in_school/,2023-05-17T14:25:15,comment,https://reddit.com/r/Conservative/comments/13jyc20/usda_considering_chocolate_milk_ban_in_school/,t3_13jyc20,jki4w57,neutral,0.0570845082402229,neutral,0.0570845082402229,0.0,neutral,True
reddit_comment,2% milk schools USDA,I remember they didn't even offer water bottles in school or if they did they cost extra. Anyways they need to close the gym to house illegal immigrants so there's that. Edit: Got curious and did some googling and best case it might cut 50 calories compared to regular milk depending on brand and type my guess is its closer to 30 calories. Just take a little more flavor out of their miserable existence why don't you that and continuing to neglect gym class will do wonders for children's mental health.,,Conservative,https://reddit.com/r/Conservative/comments/13jyc20/usda_considering_chocolate_milk_ban_in_school/,2023-05-17T12:54:24,comment,https://reddit.com/r/Conservative/comments/13jyc20/usda_considering_chocolate_milk_ban_in_school/,t3_13jyc20,jkhsg56,negative,0.0176040418446064,negative,0.0176040418446064,-0.6597,negative,True
reddit_comment,2% milk schools USDA,"Depending on the nutritional content of the brand, I don't think this is controversial. Most packaged food, even ""healthy"" food, gets loaded with sugar and/or corn syrup these days. Developing healthier eating habits at a young age is a crucial step in reducing obesity. And I wouldn't want my local tax dollars contributing to making kids fat.",,Conservative,https://reddit.com/r/Conservative/comments/13jyc20/usda_considering_chocolate_milk_ban_in_school/,2023-05-17T12:14:28,comment,https://reddit.com/r/Conservative/comments/13jyc20/usda_considering_chocolate_milk_ban_in_school/,t3_13jyc20,jkhnpem,negative,0.0325737409293651,negative,0.0325737409293651,0.1724,positive,False
reddit_comment,2% milk schools USDA,It's unbelievable to me that someone thinks this is something the federal government needs to regulate.,,Conservative,https://reddit.com/r/Conservative/comments/13jyc20/usda_considering_chocolate_milk_ban_in_school/,2023-05-17T14:40:12,comment,https://reddit.com/r/Conservative/comments/13jyc20/usda_considering_chocolate_milk_ban_in_school/,t3_13jyc20,jki73e5,negative,0.0079428330063819,negative,0.0079428330063819,0.2023,positive,False
reddit,2% milk schools USDA,"First Billboards and Now Supporting ""Healthy"" Lunches?. I just wanted to give everyone an update: While the community is split on whether or not these billboards have/will be effective (and whether or not they are fat shaming), they have started a conversation, and they've had community members, myself included, looking inward, but also looking at the other parts of the community that affect our kids. I'm working with people in the community to see if there's any way to get people together for cooking classes or something of that nature at our local recreation center. I'm also trying to see if we can get a nutritional scientist to come and address members of the community. I submitted an inquiry to Pioneering Healthier Communities after I found out that they support the Summer Food Service program, sponsored by the USDA. Granted, this is a program that the community needs, but after seeing what the kids are served (one day it was a hamburger, a pickle, a slushie, corn chips, and either regular or chocolate milk), I'm not sure why they support it. That is the typical lunch. I thought it was strange that the organization wanting to aggressively fight childhood obesity in this town was not raising all kinds of red flags at a lunch like this. Does it seem odd to anyone else that this is seen as nutritional? When I inquired about it to PHC, I was answered by the Food Service Director for the local school system, who basically told me that they had to hide nutritional items in more child-pleasing foods, otherwise the kids won't eat them. She also told me that the hamburger has a whole grain bun and is baked, the corn chips are whole grain based, a pickle is a vegetable, the slushie is 100% fruit juice and counts as their food serving, and they have their choice of milk. She also said that nutrition only works if kids will eat. 1) What kind of food culture are these kids being set up with if they are getting a highly processed, fast food style lunch every day? Why are we hiding nutrition, instead of using it as a way to arm the","First Billboards and Now Supporting ""Healthy"" Lunches?",TwoXChromosomes,https://reddit.com/r/TwoXChromosomes/comments/3bu997/first_billboards_and_now_supporting_healthy/,2015-07-02T05:03:48,post,,t3_3bu997,,neutral,0.1277352571487426,neutral,0.1277352571487426,-0.1613,negative,False
reddit_comment,2% milk schools USDA,"I would say it's not that you're totally wrong, but it's not that they are either. Serving higher quality food may be beyond many schools' capabilities due to insufficient budgets, so it might be really difficult if not impossible to escape things like the 25-ingredient hamburger in favor of an all-beef patty due to cost alone. This is one big issue that would most likely have to be addressed on a much larger scale because schools often don't have enough money for *anything* that they need, let alone good food, so these programs probably can't do much about it. The point they made about serving something that kids will actually eat is also definitely valid, if a little defeatist. You're right that we should be teaching kids to enjoy healthy foods, but that's a big task to put on the schools if they have to be combating what the kids get at home. So if a kid eats mainly junk or fast food at home and then you try to serve them say, steamed broccoli and a piece of baked fish at school, you're gonna have a bad time and that kid isn't going to eat anything you give them. One important step in changing this could be to educate parents and make nutritious meal prep more accessible to them, but the further you go the more you see that there are a lot of deeper issues at play (poverty, food deserts, parents having to work multiple jobs and not having the time or energy to cook after an 18-hour work day, etc.). So while you're right that some of the food choices you discussed seem a little iffy on the health and nutrition front, it's definitely not as simple as just serving healthier and better quality food.",,TwoXChromosomes,https://reddit.com/r/TwoXChromosomes/comments/3bu997/first_billboards_and_now_supporting_healthy/,2015-07-02T06:46:34,comment,https://reddit.com/r/TwoXChromosomes/comments/3bu997/first_billboards_and_now_supporting_healthy/,t3_3bu997,cspmkl7,negative,0.0203859228640794,negative,0.0203859228640794,0.925,positive,False
reddit_comment,2% milk schools USDA,"&gt; A pickle is a vegetable? Is relish a vegetable now? But a pickle *is* a vegetable and pickled vegetables are both very common and nutritious. &gt; School hamburgers have been shown to have as many as 25 ingredients Wow, 25 ingredients. You don't mention any of them, so it sounds like you're just worried about the number, which is silly. &gt; Don't even get me started on the choice of milk [Chocolate milk is actually recommended as a recovery drink after a workout. Kids do move around a lot, so that makes some sense.]( The corn chips I'm mixed on. There's nothing inherently wrong with fried snacks as long as they are within the caloric recommendations. I'm in agreement that the slushie should go. Fruit juice has few nutrients and a lot of needless sugar.",,TwoXChromosomes,https://reddit.com/r/TwoXChromosomes/comments/3bu997/first_billboards_and_now_supporting_healthy/,2015-07-02T17:21:31,comment,https://reddit.com/r/TwoXChromosomes/comments/3bu997/first_billboards_and_now_supporting_healthy/,t3_3bu997,csq1wpi,neutral,0.1799122095108032,neutral,0.1799122095108032,0.9574,positive,False
reddit_comment,2% milk schools USDA,"I dig what you have to say. American parents are lazy and aren't teaching our youth good eating habits. That meal you described is not something that I would feed a child on a regular basis. Don't get me wrong -- I like to eat everything that you listed there, but those are like the definitions of a 'sometimes' food. I do think that they're telling the truth about kids in general not being willing to eat healthier meals, and I blame the parents and the family structure. I don't know what the answer is, except that we feed our kids crap food, and don't give them enough free time to get exercise, so no wonder they're getting fatter and fatter.",,TwoXChromosomes,https://reddit.com/r/TwoXChromosomes/comments/3bu997/first_billboards_and_now_supporting_healthy/,2015-07-02T23:34:42,comment,https://reddit.com/r/TwoXChromosomes/comments/3bu997/first_billboards_and_now_supporting_healthy/,t3_3bu997,csqfwiv,negative,0.0375336371362209,negative,0.0375336371362209,0.4727,positive,False
reddit_comment,2% milk schools USDA,"It seems to me that school lunch programs and this ""summer food service program"" have their work cut out for them balancing the requirements of fighting childhood hunger and fighting childhood obesity, which are often at odds with each other. If I want to fight childhood hunger, I want the food to be healthy, but more important I want it to be palatable, nutritious, and relatively calorically dense since this meal might be the only one (or one of two, in the case of school breakfast and lunch) that the child is going to get today. If I want to fight childhood obesity, I want to the food to be healthy, nutritious, and NOT calorically dense so that the child can eat until they are satiated without consuming too many calories. Once you add a limited budget into the mix, I have nothing but sympathy for the people who are trying to assemble lunches for these programs. 1) These meals are playing into the food culture these kids are already a part of, exacerbating the problem but certainly not causing it. We hide nutrition because it is important that the kids have it, however, it is often not palatable to them in it's ""pure"" form. Hiding it isn't great, but it at least guarantees that they're getting nutrition right now. 2) I wouldn't be overly concerned about the number of ingredients...I know my homemade hamburgers also have a ton of ingredients in them (bread crumbs, eggs, seasonings) without detracting too much from their ""healthfulness."" Some preservatives are also necessary when the burgers are being purchased pre-made. Hamburgers are a great source of protein, regardless of how many ""extra"" ingredients are added. 3) All corn chips are ""whole grain based foods"" because they use the whole kernel to make the chips. You're right, this doesn't make them any more healthy. However, most lunch-pack-sized bags of corn chips have 100-200 calories, so while they are not getting a good idea of ""healthy"" chips, they are getting a good idea of portion control, and the overall nu",,TwoXChromosomes,https://reddit.com/r/TwoXChromosomes/comments/3bu997/first_billboards_and_now_supporting_healthy/,2015-07-02T13:04:37,comment,https://reddit.com/r/TwoXChromosomes/comments/3bu997/first_billboards_and_now_supporting_healthy/,t3_3bu997,cspsx10,neutral,0.0349581763148307,neutral,0.0349581763148307,0.8168,positive,False
reddit_comment,2% milk schools USDA,"I think my biggest issue is with the nonprofit that put up the billboards. They support the school and summer lunch programs, and then talk to parents about raising healthy kids. This is an area where all kids are offered free breakfast and lunch in the schools, and most kids eat 35-40 percent of their meals either at school or through their summer lunch program every year. So, for one agency to push all the health responsibility off on the parents is a little lopsided, in my opinion. I think there needs to be a united front between the community, the schools, and the home to effectively fight childhood obesity. Even if a child is getting healthy food for dinner, but they are getting processed junk food for two meals a day at school, it's kind of a losing battle for the parents. You have to teach children about nutrition in the home and in the school for change to be effective. I don't think we give kids enough credit. Kids didn't start eating when junk food was invented. Unfortunately, we now live in a culture that believes that kids need to eat ""kid food"" -- which ends up being sugary, overly processed crap that helps to make them obese. If all that food was to magically disappear, kids would go back to eating a healthy diet. As far as the milk argument -- Is there a reason kids need to drink milk? Aren't there other foods kids could eat that are rich in calcium, protein, and vitamin D naturally? Leafy green vegetables, fish, eggs, etc. -- there are ways to integrate these nutrients into a child's diet without milk. That being said, I don't see any argument in the world that a child needs 22 pounds of sugar a year from one drink. And remember, if the child is getting a cup of fruit juice (instead of a piece of juice) with every meal, like many of them are, then that sugar total for the year goes up to approximately 44 pounds of sugar a year -- just from their drinks during breakfast and lunch. Maybe, just maybe, instead of offering these sugary drinks for lunch, w",,TwoXChromosomes,https://reddit.com/r/TwoXChromosomes/comments/3bu997/first_billboards_and_now_supporting_healthy/,2015-07-02T14:22:22,comment,https://reddit.com/r/TwoXChromosomes/comments/3bu997/first_billboards_and_now_supporting_healthy/,t3_3bu997,cspv7qx,neutral,0.0381332710385322,neutral,0.0381332710385322,0.954,positive,False
reddit,2% milk schools USDA,"Trump to tear up Obama-era school lunch rules blocking whole, 2% milk","Trump to tear up Obama-era school lunch rules blocking whole, 2% milk",Conservative,https://reddit.com/r/Conservative/comments/1qcy36s/trump_to_tear_up_obamaera_school_lunch_rules/,2026-01-14T20:15:16,post,,t3_1qcy36s,,negative,0.0163425877690315,negative,0.0163425877690315,-0.3818,negative,True
reddit_comment,2% milk schools USDA,![gif](giphy|9J1NZoqX7qvIs),,Conservative,https://reddit.com/r/Conservative/comments/1qcy36s/trump_to_tear_up_obamaera_school_lunch_rules/,2026-01-14T21:40:26,comment,https://reddit.com/r/Conservative/comments/1qcy36s/trump_to_tear_up_obamaera_school_lunch_rules/,t3_1qcy36s,nzm7ih1,neutral,0.1868648678064346,neutral,0.1868648678064346,0.0,neutral,True
reddit_comment,2% milk schools USDA,The irony is the Milk Fat helps the body properly absorb the nutrients in the milk. Also funny they are so worried about children not having food/nourishment but forcibly lower the calories in their school meal by up to 72 calories.,,Conservative,https://reddit.com/r/Conservative/comments/1qcy36s/trump_to_tear_up_obamaera_school_lunch_rules/,2026-01-15T04:20:24,comment,https://reddit.com/r/Conservative/comments/1qcy36s/trump_to_tear_up_obamaera_school_lunch_rules/,t3_1qcy36s,nzo80fb,negative,0.05265449360013,negative,0.05265449360013,-0.2693,negative,True
reddit_comment,2% milk schools USDA,"Giving kids watered down milk, terrible.",,Conservative,https://reddit.com/r/Conservative/comments/1qcy36s/trump_to_tear_up_obamaera_school_lunch_rules/,2026-01-14T20:26:30,comment,https://reddit.com/r/Conservative/comments/1qcy36s/trump_to_tear_up_obamaera_school_lunch_rules/,t3_1qcy36s,nzlr6yt,negative,0.0072850212454795,negative,0.0072850212454795,-0.1779,negative,True
reddit_comment,2% milk schools USDA,"People, especially children NEED FAT FOR BRAIN BUILDING. Fat has been demonized for far too long.",,Conservative,https://reddit.com/r/Conservative/comments/1qcy36s/trump_to_tear_up_obamaera_school_lunch_rules/,2026-01-15T03:39:12,comment,https://reddit.com/r/Conservative/comments/1qcy36s/trump_to_tear_up_obamaera_school_lunch_rules/,t3_1qcy36s,nzo1o30,negative,0.0248485580086708,negative,0.0248485580086708,0.0,neutral,False
reddit_comment,2% milk schools USDA,The Michelle Obama school lunch rules absolutely ruined all school lunches across the nation. I dunno if they were badly written or badly interpreted but man it made stuff suck. We switched to packing lunches for the kids because the offerings at school were so terrible.,,Conservative,https://reddit.com/r/Conservative/comments/1qcy36s/trump_to_tear_up_obamaera_school_lunch_rules/,2026-01-14T20:48:59,comment,https://reddit.com/r/Conservative/comments/1qcy36s/trump_to_tear_up_obamaera_school_lunch_rules/,t3_1qcy36s,nzlw37d,negative,0.0056404424831271,negative,0.0056404424831271,-0.9396,negative,True
reddit_comment,2% milk schools USDA,"Is this really just about kids having access to good milk, or is the dairy lobby in somebody's ear? There has been a lot of chatter about milk lately",,Conservative,https://reddit.com/r/Conservative/comments/1qcy36s/trump_to_tear_up_obamaera_school_lunch_rules/,2026-01-15T00:59:57,comment,https://reddit.com/r/Conservative/comments/1qcy36s/trump_to_tear_up_obamaera_school_lunch_rules/,t3_1qcy36s,nznaick,neutral,0.0964419096708297,neutral,0.0964419096708297,0.4588,positive,False
reddit_comment,2% milk schools USDA,Thank God. When Obama came into office I was in HS and the food went to literal shit. Pizza went from bad to cardboard garbage everyone just covered in ranch to make edible.,,Conservative,https://reddit.com/r/Conservative/comments/1qcy36s/trump_to_tear_up_obamaera_school_lunch_rules/,2026-01-14T21:05:50,comment,https://reddit.com/r/Conservative/comments/1qcy36s/trump_to_tear_up_obamaera_school_lunch_rules/,t3_1qcy36s,nzlztep,negative,0.0313600786030292,negative,0.0313600786030292,-0.5423,negative,True
reddit_comment,2% milk schools USDA,Can't wait to see liberals hate on this while also saying foodstamps should cover Little Debbie's.,,Conservative,https://reddit.com/r/Conservative/comments/1qcy36s/trump_to_tear_up_obamaera_school_lunch_rules/,2026-01-15T05:52:02,comment,https://reddit.com/r/Conservative/comments/1qcy36s/trump_to_tear_up_obamaera_school_lunch_rules/,t3_1qcy36s,nzoko0d,negative,0.0205032564699649,negative,0.0205032564699649,-0.5719,negative,True
reddit_comment,2% milk schools USDA,"The headline and the article are pushing a lie. I looked up the act. The **Whole Milk for Healthy Kids Act** was signed into law on **January 14, 2026**, by President Trump, ***restoring*** **whole and 2% milk options** to U.S. school cafeterias for the first time in over a decade. The law revises USDA requirements under the National School Lunch Program, allowing schools to serve **whole, reduced-fat (2%), low-fat (1%), and fat-free milk**, both flavored and unflavored.",,Conservative,https://reddit.com/r/Conservative/comments/1qcy36s/trump_to_tear_up_obamaera_school_lunch_rules/,2026-01-14T22:46:40,comment,https://reddit.com/r/Conservative/comments/1qcy36s/trump_to_tear_up_obamaera_school_lunch_rules/,t3_1qcy36s,nzmlmug,neutral,0.0826266780495643,neutral,0.0826266780495643,0.5994,positive,False
reddit,2% milk schools USDA,Ilana + Whole milk bill but no mention the billion dollar+ cuts to school lunches\ability to buy fresh produce.🤦‍♀️. Sigh…,Ilana + Whole milk bill but no mention the billion dollar+ cuts to school lunches\ability to buy fresh produce.🤦‍♀️,FoodieSnark,https://reddit.com/r/FoodieSnark/comments/1qd450m/ilana_whole_milk_bill_but_no_mention_the_billion/,2026-01-15T00:11:36,post,,t3_1qd450m,,negative,0.0076710702851414,negative,0.0076710702851414,-0.3919,negative,True
reddit_comment,2% milk schools USDA,Is this the “volume eating” lady?,,FoodieSnark,https://reddit.com/r/FoodieSnark/comments/1qd450m/ilana_whole_milk_bill_but_no_mention_the_billion/,2026-01-24T05:24:39,comment,https://reddit.com/r/FoodieSnark/comments/1qd450m/ilana_whole_milk_bill_but_no_mention_the_billion/,t3_1qd450m,o1dm5ox,neutral,0.0346602126955986,neutral,0.0346602126955986,0.0,neutral,True
reddit_comment,2% milk schools USDA,She’s has something in her teeth. Does she not check them before going on camera? I can’t trust someone who doesn’t.,,FoodieSnark,https://reddit.com/r/FoodieSnark/comments/1qd450m/ilana_whole_milk_bill_but_no_mention_the_billion/,2026-01-17T16:01:52,comment,https://reddit.com/r/FoodieSnark/comments/1qd450m/ilana_whole_milk_bill_but_no_mention_the_billion/,t3_1qd450m,o04h2uj,negative,0.0093859182670712,negative,0.0093859182670712,0.5106,positive,False
reddit_comment,2% milk schools USDA,"Disgusting. Any ""nutritionist"" who supports this fascist POS administration in all their glory of taking away food stamps and school lunches from babies and children, authorizing PFAS in herbicides and pesticides, etc etc etc can rot in hell. MAHA is such a joke.",,FoodieSnark,https://reddit.com/r/FoodieSnark/comments/1qd450m/ilana_whole_milk_bill_but_no_mention_the_billion/,2026-01-15T16:32:03,comment,https://reddit.com/r/FoodieSnark/comments/1qd450m/ilana_whole_milk_bill_but_no_mention_the_billion/,t3_1qd450m,nzr4ne9,negative,0.0057186069898307,negative,0.0057186069898307,-0.7227,negative,True
reddit_comment,2% milk schools USDA,I would have so much gas and GI distress if I consumed half of her recipes,,FoodieSnark,https://reddit.com/r/FoodieSnark/comments/1qd450m/ilana_whole_milk_bill_but_no_mention_the_billion/,2026-01-15T04:39:04,comment,https://reddit.com/r/FoodieSnark/comments/1qd450m/ilana_whole_milk_bill_but_no_mention_the_billion/,t3_1qd450m,nzoaqgd,negative,0.0156900305300951,negative,0.0156900305300951,-0.5267,negative,True
reddit_comment,2% milk schools USDA,"This shit is so stupid. This admin pushing dairy as an all-powerful health food has been causing me to spite-purchase more dairy free items! It helps that I'm a mostly-plant-based vegetarian, but I can go ahead and kick the cheese if it means less money in Big Dairy's pockets. They don't need my help.",,FoodieSnark,https://reddit.com/r/FoodieSnark/comments/1qd450m/ilana_whole_milk_bill_but_no_mention_the_billion/,2026-01-15T01:57:23,comment,https://reddit.com/r/FoodieSnark/comments/1qd450m/ilana_whole_milk_bill_but_no_mention_the_billion/,t3_1qd450m,nznkhyq,negative,0.0121286083012819,negative,0.0121286083012819,-0.577,negative,True
reddit_comment,2% milk schools USDA,She is a blithering idiot.,,FoodieSnark,https://reddit.com/r/FoodieSnark/comments/1qd450m/ilana_whole_milk_bill_but_no_mention_the_billion/,2026-01-15T01:22:05,comment,https://reddit.com/r/FoodieSnark/comments/1qd450m/ilana_whole_milk_bill_but_no_mention_the_billion/,t3_1qd450m,nznedii,negative,0.0129945510998368,negative,0.0129945510998368,-0.5106,negative,True
reddit_comment,2% milk schools USDA,Let’s see where Big Dairy is spending their money. Guaranteed RFK Jr. is benefiting from this,,FoodieSnark,https://reddit.com/r/FoodieSnark/comments/1qd450m/ilana_whole_milk_bill_but_no_mention_the_billion/,2026-01-15T00:49:16,comment,https://reddit.com/r/FoodieSnark/comments/1qd450m/ilana_whole_milk_bill_but_no_mention_the_billion/,t3_1qd450m,nzn8l8o,neutral,0.3572922348976135,neutral,0.3572922348976135,0.0,neutral,True
reddit,2% milk schools USDA,"""It's cheap to live in Texas"" is a lie.. It's time for some sacrilage. For the last four days, I have been visiting my grandparents in Maryland. I always thought that Maryland and the East Coast was very expensive, but when we were at Wegmans (the H-E-B/Central Market of the East Coast) I noticed that food was cheaper than in where I live in Texas. I was not sure, so I double checked prices on my phone. Wegman's brand gallom of 2% milk, 1 dozen large grade AA eggs, and 1lb of beef is $2.99, $1.79, and $5.19, respectively. H-E-B brand is $3.56, $2.62, and $5.19. The meat cost the exact same, but Wegmans meat looked much better (especially their steaks) compared to H-E-B. After seeing this, I decided to see how different taxes are. Maryland's income tax rate is (depending on how much you make) 2%-5.75%, sales tax is 6%, and propery taxes average 0.99%. Texas doesn't have income tax, but that sales tax is 8.25% and the average property tax is 1.8%. Home prices are much higher in Maryland, but there are financial benefits to having a higher value home. Most of the wealth that middle class and some lower class families have is from the value of their home. I would rather pay 0.99% tax on a $1 million home than 1.8% tax on a $550,000 home. Continuing on a bit about taxes. Where the $&amp;%# does Texas spend its tax revenue? It sure isn't on infrastructure. I have seen one, singular pothole on the DC beltway during my trip. That is the extent of road issues that I have witnessed. Every... single... road that I have been on has been paved with quality asphalt, smooth as butter, and has paint that you can probably see from an airplane. The interstate, highways, city streets, county roads (take me home), and parking lots are all like this. The difference in schools is so great that it deserves its own rant. Lastly, the minimum wage in Maryland is currently $13.25 ($12.80 for small businesses) and is set to rise to $15. Granted, most people do not work minimum wage, but the best paying, non-degree, entry-level jobs w","""It's cheap to live in Texas"" is a lie.",texas,https://reddit.com/r/texas/comments/15k7xk7/its_cheap_to_live_in_texas_is_a_lie/,2023-08-07T02:29:58,post,,t3_15k7xk7,,neutral,0.0538539513945579,neutral,0.0538539513945579,0.9892,positive,False
reddit_comment,2% milk schools USDA,"Our cost of living here in DFW doubled over the last 4 years. Groceries, rent, electricity, house prices, eating out, movie theaters, all doubled. But hey I got an 86"" TV for only $1900 last year &amp; gym membership is still $27/month. Can't afford to do anything but watch TV &amp; lose weight.",,texas,https://reddit.com/r/texas/comments/15k7xk7/its_cheap_to_live_in_texas_is_a_lie/,2023-08-07T03:14:02,comment,https://reddit.com/r/texas/comments/15k7xk7/its_cheap_to_live_in_texas_is_a_lie/,t3_15k7xk7,jv44zri,negative,0.0525911971926689,negative,0.0525911971926689,-0.5499,negative,True
reddit_comment,2% milk schools USDA,I can tell you where TX puts your tax dollars - into the “rainy day” fund which at the end of 2022 contained 11 BILLION dollars. It’s insanity,,texas,https://reddit.com/r/texas/comments/15k7xk7/its_cheap_to_live_in_texas_is_a_lie/,2023-08-07T02:41:24,comment,https://reddit.com/r/texas/comments/15k7xk7/its_cheap_to_live_in_texas_is_a_lie/,t3_15k7xk7,jv4185n,negative,0.0194784775376319,negative,0.0194784775376319,-0.1197,negative,True
reddit_comment,2% milk schools USDA,"Texas has a current 32.7 billion surplus on its budget but no amazing plans for it. Yeah, they are putting property tax relief on the November ballot they could be doing so much more with it.",,texas,https://reddit.com/r/texas/comments/15k7xk7/its_cheap_to_live_in_texas_is_a_lie/,2023-08-07T02:43:23,comment,https://reddit.com/r/texas/comments/15k7xk7/its_cheap_to_live_in_texas_is_a_lie/,t3_15k7xk7,jv41gde,negative,0.0198637004941701,negative,0.0198637004941701,0.4295,positive,False
reddit_comment,2% milk schools USDA,It WAS cheap. In 2016 we bought our house for 250k. It’s worth about 440k now. We could not afford Dallas on our salaries today,,texas,https://reddit.com/r/texas/comments/15k7xk7/its_cheap_to_live_in_texas_is_a_lie/,2023-08-07T03:04:06,comment,https://reddit.com/r/texas/comments/15k7xk7/its_cheap_to_live_in_texas_is_a_lie/,t3_15k7xk7,jv43usv,negative,0.0950455516576767,negative,0.0950455516576767,0.2263,positive,False
reddit_comment,2% milk schools USDA,Beefalo Bob's is a great BBQ place in Maryland. And I agree on it not being cheaper to live in Texas. We moved from Maryland to Texas for my husband's work and have been seeing it since our first grocery trip here. Our property taxes are higher on a house that cost the same in Maryland and utilities are killing us. Car insurance is also more expensive. We've gone from living comfortably in Maryland with me being a SAHM to now me needing to work just so we aren't paycheck to paycheck.,,texas,https://reddit.com/r/texas/comments/15k7xk7/its_cheap_to_live_in_texas_is_a_lie/,2023-08-07T03:11:35,comment,https://reddit.com/r/texas/comments/15k7xk7/its_cheap_to_live_in_texas_is_a_lie/,t3_15k7xk7,jv44puk,neutral,0.3510170876979828,neutral,0.3510170876979828,0.6124,positive,False
reddit_comment,2% milk schools USDA,Moved to Texas from Oregon because one of the things we heard is how cheap it was. Property taxes are killing us. Item taxes are killing us. And your right when you say they don't put the money anywhere visible. We have been in Texas about a year and a half now and are already making an exit strategy.,,texas,https://reddit.com/r/texas/comments/15k7xk7/its_cheap_to_live_in_texas_is_a_lie/,2023-08-07T04:19:07,comment,https://reddit.com/r/texas/comments/15k7xk7/its_cheap_to_live_in_texas_is_a_lie/,t3_15k7xk7,jv4bygg,negative,0.0505298897624015,negative,0.0505298897624015,-0.8689,negative,True
reddit_comment,2% milk schools USDA,The weather sucks and the property taxes are punitive. I also really dislike the lack of walkability here. DFW is getting too expensive for what it's offering. My family has been gearing up for a move and I'm excited for what's next.,,texas,https://reddit.com/r/texas/comments/15k7xk7/its_cheap_to_live_in_texas_is_a_lie/,2023-08-07T03:47:45,comment,https://reddit.com/r/texas/comments/15k7xk7/its_cheap_to_live_in_texas_is_a_lie/,t3_15k7xk7,jv48p6o,negative,0.1859101057052612,negative,0.1859101057052612,-0.8341,negative,True
reddit_comment,2% milk schools USDA,"Born and raised in Texas, I have traveled extensively and regularly throughout the states for work the past 16 years and I gotta say, this is correct. This idea that Texas is somehow “cheaper” is a myth. And yeah, our infrastructure, compared to other states, is trash. Driving on North Carolina highways completely blew my mind when I first did so…didn’t see a pot hole on the interstate for over a hundred miles, whereas in Texas there’s pot holes every sixteen feet or so on the interstate….even the areas under construction on the NC interstates were nicer than the finished interstates in Texas. It blew my mind. Also, California, I can understand it being expensive given that it’s pretty much paradise on earth; Texas there ain’t nothing to look at…in California, anywhere in California, you can walk out your front door and there’s a giant mountain and probably a beach or some other cool place nearby…Texas is shrub land for the most part. Texans don’t know how good they could have it.",,texas,https://reddit.com/r/texas/comments/15k7xk7/its_cheap_to_live_in_texas_is_a_lie/,2023-08-07T05:58:12,comment,https://reddit.com/r/texas/comments/15k7xk7/its_cheap_to_live_in_texas_is_a_lie/,t3_15k7xk7,jv4kw8y,neutral,0.2420790791511535,neutral,0.2420790791511535,0.9493,positive,False
reddit_comment,2% milk schools USDA,No income tax they proclaim! Just completely ignore the state of our property taxes 🤣🤣🤣,,texas,https://reddit.com/r/texas/comments/15k7xk7/its_cheap_to_live_in_texas_is_a_lie/,2023-08-07T03:42:43,comment,https://reddit.com/r/texas/comments/15k7xk7/its_cheap_to_live_in_texas_is_a_lie/,t3_15k7xk7,jv4866g,negative,0.0297946222126483,negative,0.0297946222126483,0.7095,positive,False
reddit_comment,2% milk schools USDA,"The individuals moving to TX because ""it's cheap"" are usually high income households coming from very high COL areas like NY or California, where income taxes, property taxes, sales taxes and housing costs are all astronomical. If that's your baseline, TX's current tax structure with ""only"" high sales/property tax and relatively low housing costs would be a bargain. Given that TX housing prices, property taxes and insurance costs have soared through the roof, I wouldn't be surprised if fewer people decide to move to TX in the future.",,texas,https://reddit.com/r/texas/comments/15k7xk7/its_cheap_to_live_in_texas_is_a_lie/,2023-08-07T03:36:47,comment,https://reddit.com/r/texas/comments/15k7xk7/its_cheap_to_live_in_texas_is_a_lie/,t3_15k7xk7,jv47j21,neutral,0.0681709051132202,neutral,0.0681709051132202,0.8816,positive,False
reddit,school milk policy federal,"Trump Calls on Congress to Enact ‘Great Healthcare Plan’ as Administration Advances School Nutrition Reform. The U.S. Congress to enact proposed plans for healthcare reform, which include lowering costs for medications and health insurance premium rates, establishing greater accountability by large insurance companies, and creating a more transparent pricing system for healthcare services. The Whole Milk for Healthy Kids Act of 2025, signed into law by President Trump, is a huge shift in federal school nutrition policy and is part of healthcare reform",Trump Calls on Congress to Enact ‘Great Healthcare Plan’ as Administration Advances School Nutrition Reform,EconomicsPerspective,https://reddit.com/r/EconomicsPerspective/comments/1qfbnmj/trump_calls_on_congress_to_enact_great_healthcare/,2026-01-17T12:10:40,post,,t3_1qfbnmj,,positive,0.711664617061615,positive,0.711664617061615,0.7717,positive,True
reddit,school milk policy federal,"How Is This “America First”? How trumps BEEF deal with Argentina explains RFK's new food triangle. And why we lose either way.. How Is This “America First”? The Trump administration’s newly flipped food pyramid is being sold as common sense nutrition reform: more protein, less sugar, fewer ultra-processed foods. But strip away the rhetoric and one reality becomes unavoidable. This policy actively undercuts U.S. meat producers, while relying on foreign supply to keep prices politically manageable. If this is “America First,” it is a version that sacrifices American producers first. The revised dietary guidelines, rolled out by Health Secretary Robert F. Kennedy Jr., elevate red meat, cheese, and whole milk to the top of the federal food hierarchy. Because these guidelines dictate purchasing for schools, prisons, hospitals, military bases, and food assistance programs, they do more than suggest personal choices. They create guaranteed institutional demand for meat. That demand spike immediately collides with a basic constraint: the U.S. cattle herd is near historic lows, feed costs remain elevated, drought has strained ranchers for years, and domestic production cannot scale quickly without driving prices up. Rather than absorb that price pressure or invest in rebuilding domestic supply, the administration has chosen a different route: imports. Argentina has become the quiet pressure valve in this system. Beef imports from Argentina are being expanded precisely because Argentine producers can deliver meat more cheaply, with lower land and labor costs and fewer regulatory burdens. The political alignment doesn’t hurt either. President Javier Milei is an ideological ally of Donald Trump, eager to open Argentina’s economy and deepen commodity exports. The result is a deliberate squeeze. Federal policy tells Americans to eat more meat, while trade policy ensures that U.S. producers are never allowed to benefit from the resulting demand. Imported beef caps wholesale prices. Retail prices remain relatively sticky. Large meat processors pocket the spread. Ranchers absorb the loss. This is not theoret",How Is This “America First”? How trumps BEEF deal with Argentina explains RFK's new food triangle. And why we lose either way.,RealityChecksReddit,https://reddit.com/r/RealityChecksReddit/comments/1q7tioj/how_is_this_america_first_how_trumps_beef_deal/,2026-01-09T00:41:27,post,,t3_1q7tioj,,neutral,0.0266325790435075,neutral,0.0266325790435075,-0.9767,negative,False
reddit,school milk policy federal,"Paid Fellowship to Improve School Food. Calling All Students Ages 14-22 based in the U.S.! Are you passionate about transforming our food system and advocating for plant-based, climate-friendly, and culturally appropriate meal and milk options in schools? Do you want to earn $1,00 while gaining first hand experience working on federal level policy change?🍎 Join us for an info session to learn more about this PAID opportunity! 📅 Info Session Dates: * Wednesday, January 7 at 6 pm ET/ 5 pm CT / 4 pm MT / 3 pm PT Or * Thursday, January 8 at 8 pm ET / 7 pm CT / 6 pm MT / 5 pm PT",Paid Fellowship to Improve School Food,schoollunches,https://reddit.com/r/schoollunches/comments/1pr2ea6/paid_fellowship_to_improve_school_food/,2025-12-20T01:48:35,post,,t3_1pr2ea6,,positive,0.6695345640182495,positive,0.6695345640182495,0.9555,positive,True
reddit,school milk policy federal,"Does coddling create a shadow?. Or am I thinking of this wrong? I love this article and hoping to read the book one day. Linking a podcast as well that’s incredible, difficult topics to talk about. I’m not in college anymore but so much of what is said applies or I’m impacted by. From the article: It’s difficult to know exactly why vindictive protectiveness has burst forth so powerfully in the past few years. The phenomenon may be related to recent changes in the interpretation of federal antidiscrimination statutes (about which more later). But the answer probably involves generational shifts as well. Childhood itself has changed greatly during the past generation. Many Baby Boomers and Gen Xers can remember riding their bicycles around their hometowns, unchaperoned by adults, by the time they were 8 or 9 years old. In the hours after school, kids were expected to occupy themselves, getting into minor scrapes and learning from their experiences. But “free range” childhood became less common in the 1980s. The surge in crime from the ’60s through the early ’90s made Baby Boomer parents more protective than their own parents had been. Stories of abducted children appeared more frequently in the news, and in 1984, images of them began showing up on milk cartons. In response, many parents pulled in the reins and worked harder to keep their children safe. The flight to safety also happened at school. Dangerous play structures were removed from playgrounds; peanut butter was banned from student lunches. After the 1999 Columbine massacre in Colorado, many schools cracked down on bullying, implementing “zero tolerance” policies. In a variety of ways, children born after 1980—the Millennials—got a consistent message from adults: life is dangerous, but adults will do everything in their power to protect you from harm, not just from strangers but from one another as well. I recently told a friend that I was going to start going door-to-door to try to sell Solar products and she told me not to do that because",Does coddling create a shadow?,Jung,https://reddit.com/r/Jung/comments/14dw0se/does_coddling_create_a_shadow/,2023-06-20T00:41:02,post,,t3_14dw0se,,positive,0.5801584720611572,positive,0.5801584720611572,-0.941,negative,False
reddit_comment,school milk policy federal,"It doesn’t create a shadow. One always has a shadow. It can definitely push the ego into specific patterns and thereby forming a shadow that would embody the counter-pole of those patterns. I think there’s some truth to the arguments raised, but these things came into being because specific occurrences *had* been happening. Sure, they were sometimes sensationalised but they still did happen. All kinds of abuses of children were kept in the dark for a long time over the decades, and all kinds of horrific true stories came to the light of day through mass communication and people were and are rightly concerned. It’s also true that “helicopter parenting” has also reached a level where, rather than it producing simply shadow problems, it produces extreme neuroticism of every description and has prolonged adolescence in a way. We already lack initiatory paradigms and then we’ve thrown a matriarchal, late-weened, coddle culture on top to ensure that those who would have been adults by 25 are now psychologically 15 at 30. As with everything, the best way forward can only really be described here as a kind of *coincidentia oppositorum*. The world changed and we must change with it, but we mustn’t lose the *aurum philosophicum* in our disgust of the *prima materia*.",,Jung,https://reddit.com/r/Jung/comments/14dw0se/does_coddling_create_a_shadow/,2023-06-20T04:04:37,comment,https://reddit.com/r/Jung/comments/14dw0se/does_coddling_create_a_shadow/,t3_14dw0se,josikog,neutral,0.0361611060798168,neutral,0.0361611060798168,-0.7677,negative,False
reddit_comment,school milk policy federal,Valid. I would wager the things you describe contributed greatly to neuroticism becoming more common,,Jung,https://reddit.com/r/Jung/comments/14dw0se/does_coddling_create_a_shadow/,2023-06-20T12:27:33,comment,https://reddit.com/r/Jung/comments/14dw0se/does_coddling_create_a_shadow/,t3_14dw0se,jotmzts,negative,0.0377454236149787,negative,0.0377454236149787,-0.2911,negative,True
reddit,whole milk back in schools,"Senate Finally OKs Plant-Based Milk in Public Schools. “For almost 80 years, the National School Lunch Act has required public schools to serve cow’s milk at lunch. But that may be about to change: Last month, the Senate passed a bill that would [allow schools to include non-dairy milk alternatives]( on their lunch menus for the first time. It would also entitle students to dairy-free milk if a parent requests it, instead of requiring a doctor’s note.”",Senate Finally OKs Plant-Based Milk in Public Schools,vegan,https://reddit.com/r/vegan/comments/1pif1d5/senate_finally_oks_plantbased_milk_in_public/,2025-12-09T18:26:05,post,,t3_1pif1d5,,positive,0.5321982502937317,positive,0.5321982502937317,0.3291,positive,True
reddit_comment,whole milk back in schools,"Thanks for posting to r/Vegan! &amp;#128037; Civil discussion is welcome — personal attacks are not. Please read our wiki first. **New to veganism?** &amp;#127793; • Watch [Dominion]( — a powerful, free documentary that changes lives. • [NutritionFacts.org]( — evidence-based health info • [HappyCow.net]( — find vegan-friendly restaurants near you **Want to help animals?** &amp;#128187; • Browse volunteer opportunities on [Flockwork]( and use your skills to make a difference • Join the [Flockwork Discord]( to be notified of new opportunities that match your skills **Thank you!** *I am a bot, and this action was performed automatically. Please [contact the moderators of this subreddit](/message/compose/?to=/r/vegan) if you have any questions or concerns.*",,vegan,https://reddit.com/r/vegan/comments/1pif1d5/senate_finally_oks_plantbased_milk_in_public/,2025-12-09T18:26:06,comment,https://reddit.com/r/vegan/comments/1pif1d5/senate_finally_oks_plantbased_milk_in_public/,t3_1pif1d5,nt5izro,positive,0.7398641109466553,positive,0.7398641109466553,0.9626,positive,True
reddit_comment,whole milk back in schools,Great news Unreal that the dairy council/industry had this much power,,vegan,https://reddit.com/r/vegan/comments/1pif1d5/senate_finally_oks_plantbased_milk_in_public/,2025-12-09T19:43:41,comment,https://reddit.com/r/vegan/comments/1pif1d5/senate_finally_oks_plantbased_milk_in_public/,t3_1pif1d5,nt5y1b7,positive,0.9325162768363952,positive,0.9325162768363952,0.6249,positive,True
reddit_comment,whole milk back in schools,"Regardless of whether this bill passes or not, there's a lot to like about this news",,vegan,https://reddit.com/r/vegan/comments/1pif1d5/senate_finally_oks_plantbased_milk_in_public/,2025-12-09T19:14:36,comment,https://reddit.com/r/vegan/comments/1pif1d5/senate_finally_oks_plantbased_milk_in_public/,t3_1pif1d5,nt5s6ru,positive,0.9425752758979796,positive,0.9425752758979796,0.3612,positive,True
reddit_comment,whole milk back in schools,"This is something I've been wondering about for years. Before I went vegan I was severely lactose intolerant, but my school would still require me to grab a carton of milk anyway even though 90% of the time it was getting thrown away and wasted. Absolutely pointless. I'm shocked that they required doctor's notes for non dairy milk alternatives as if allergies/intolerances are the sole reason a kid might not be consuming cow breast milk at school. I'm glad something like this is even being considered in the current political climate we're suffering under.",,vegan,https://reddit.com/r/vegan/comments/1pif1d5/senate_finally_oks_plantbased_milk_in_public/,2025-12-09T19:40:35,comment,https://reddit.com/r/vegan/comments/1pif1d5/senate_finally_oks_plantbased_milk_in_public/,t3_1pif1d5,nt5xf4q,negative,0.0097995828837156,negative,0.0097995828837156,-0.7612,negative,True
reddit_comment,whole milk back in schools,"I thought it was ridiculous that I had to get a DR note to say my son can't have milk! The DR made us do an allergy blood test. Which didn't come back as an allergen. But if you give that kid Mac n cheese he's in the bathroom with stomach pain! The DR agreed to write an intolerance note. But, all that aside, I have good insurance, I have time to take him to the DR, etc etc. Other people don't!",,vegan,https://reddit.com/r/vegan/comments/1pif1d5/senate_finally_oks_plantbased_milk_in_public/,2025-12-10T04:31:15,comment,https://reddit.com/r/vegan/comments/1pif1d5/senate_finally_oks_plantbased_milk_in_public/,t3_1pif1d5,nt8kgwc,negative,0.0207524131983518,negative,0.0207524131983518,0.2905,positive,False
reddit_comment,whole milk back in schools,that'd be nice. I serve school lunch for a living and have to bring my own lol.,,vegan,https://reddit.com/r/vegan/comments/1pif1d5/senate_finally_oks_plantbased_milk_in_public/,2025-12-09T23:47:14,comment,https://reddit.com/r/vegan/comments/1pif1d5/senate_finally_oks_plantbased_milk_in_public/,t3_1pif1d5,nt79m3p,positive,0.7638929486274719,positive,0.7638929486274719,0.6808,positive,True
reddit_comment,whole milk back in schools,How did these even happen with trump in office?,,vegan,https://reddit.com/r/vegan/comments/1pif1d5/senate_finally_oks_plantbased_milk_in_public/,2025-12-09T20:52:26,comment,https://reddit.com/r/vegan/comments/1pif1d5/senate_finally_oks_plantbased_milk_in_public/,t3_1pif1d5,nt6bz03,negative,0.0097255567088723,negative,0.0097255567088723,0.0,neutral,False
reddit_comment,whole milk back in schools,"What in the world, doctor's note?",,vegan,https://reddit.com/r/vegan/comments/1pif1d5/senate_finally_oks_plantbased_milk_in_public/,2025-12-10T05:26:58,comment,https://reddit.com/r/vegan/comments/1pif1d5/senate_finally_oks_plantbased_milk_in_public/,t3_1pif1d5,nt8rx6t,negative,0.0107175298035144,negative,0.0107175298035144,0.0,neutral,False
reddit,whole milk back in schools,"When I was a barista at Starbucks, I switched my worst customers drinks to decaf. I worked at Starbucks for a few years back around 2010 and it was a great job to get me thru high school and college. I loved my team and I loved my customers. But some customers were a giant PITA to deal with and I didn’t appreciate their attitude. Rude customers are part of the job but some customers would take it way too far. I had one customer I still remember.. Marie. Marie enjoyed being a particularly bratty customer and she needed her whole milk cappuccino made a specific way. She took pride in her reputation as if it were some badge of honor. I eventually learned how to make her drink but she would always let me know that she’d tell me to remake it if it weren’t exactly how she wanted it. So to spite her, I would make her drink with decaf espresso. The machine makes the same noise and it would taste the same, she just wouldn’t get the caffeine she wanted. And it made me happy knowing that she thought she was getting exactly what she wanted despite getting the opposite. I did this to many customers whenever they slighted me. And looking back, my perspective changed. Maybe they were having a bad day or maybe something terrible happened to them. But again, I was young and I didn’t see things that way. Oh well, such is life!","When I was a barista at Starbucks, I switched my worst customers drinks to decaf",confession,https://reddit.com/r/confession/comments/1mm4rdh/when_i_was_a_barista_at_starbucks_i_switched_my/,2025-08-10T00:32:09,post,,t3_1mm4rdh,,positive,0.7531055808067322,positive,0.7531055808067322,0.3969,positive,True
reddit_comment,whole milk back in schools,"I had a Marie. She had a nonfat 190 degree no whip extra foamy 1 pump mocha in a personal cup. She reveled in being a pain, having her drink remade multiple times (foam too airy, not hot enough, too much foam, didn’t free pour the drink, etc). Nearly all of her complaints were over problems caused by the insane way she wanted her drink made. The good news is she was old back then, so she’s probably ordering mochas in hell now.",,confession,https://reddit.com/r/confession/comments/1mm4rdh/when_i_was_a_barista_at_starbucks_i_switched_my/,2025-08-10T03:53:40,comment,https://reddit.com/r/confession/comments/1mm4rdh/when_i_was_a_barista_at_starbucks_i_switched_my/,t3_1mm4rdh,n7vxff9,negative,0.0306728519499301,negative,0.0306728519499301,-0.9001,negative,True
reddit_comment,whole milk back in schools,"Oh I had a Marie. She wanted her foam on her mocha(in House cup of fuckin course) steamed hotter than our machines wand was capable of. She literally grinned when she brought to be remade. Don't caffeinate people who ask for decaf, but for fuckers like that all bets are off, they get decaf. No one should look for chances do that to a customer, but some people take it too far and suddenly you have to remind yourself of your own humanity without getting fired.Don't be a goddamn prick to service workers. Anyone shrieking about the irresponsibility of removing a stimulant from a chronically, ESPECIALLY rude customer's drink probably is that customer. It's a food safety compliant response to someone enjoying lightly abusing someone who cannot get away from them. So fuck that.",,confession,https://reddit.com/r/confession/comments/1mm4rdh/when_i_was_a_barista_at_starbucks_i_switched_my/,2025-08-10T00:44:49,comment,https://reddit.com/r/confession/comments/1mm4rdh/when_i_was_a_barista_at_starbucks_i_switched_my/,t3_1mm4rdh,n7v54ih,negative,0.0789342522621154,negative,0.0789342522621154,-0.908,negative,True
reddit_comment,whole milk back in schools,"My Marie was named Christopher. His order was as follows: venti caramel macchiato - half whole milk, half heavy whipping cream, one less pump of vanilla, extra shot of espresso, extra caramel lining the cup + on top. It needed to be poured as follows: whole milk first, then heavy whipping cream, then whole milk foam. He would pick the cup up and if it didn’t weigh what he expected it to in his hand, he’d put it down and say it needed to be remade. It didn’t matter how busy you were, it wasn’t a question, it needed to be remade. I haven’t worked at Starbucks in a decade and I still sometimes have rogue nightmares where I’m making that drink for him. As I sit here now, I wonder why I never thought to give him decaf. It’s simple, devious, and satisfying. Good on ya.",,confession,https://reddit.com/r/confession/comments/1mm4rdh/when_i_was_a_barista_at_starbucks_i_switched_my/,2025-08-10T04:12:52,comment,https://reddit.com/r/confession/comments/1mm4rdh/when_i_was_a_barista_at_starbucks_i_switched_my/,t3_1mm4rdh,n7vzxj0,neutral,0.0603317730128765,neutral,0.0603317730128765,0.875,positive,False
reddit_comment,whole milk back in schools,"ive seen WAY worse lmaoo, do not feel bad even the slightest, especially since you were young. number 1 rule is don’t fuck w people who make your food (in this case drink lol)",,confession,https://reddit.com/r/confession/comments/1mm4rdh/when_i_was_a_barista_at_starbucks_i_switched_my/,2025-08-10T00:46:41,comment,https://reddit.com/r/confession/comments/1mm4rdh/when_i_was_a_barista_at_starbucks_i_switched_my/,t3_1mm4rdh,n7v5f3u,negative,0.0108663402497768,negative,0.0108663402497768,-0.1655,negative,True
reddit_comment,whole milk back in schools,"Bad day or not, don’t need to be an ass to a person providing a service.",,confession,https://reddit.com/r/confession/comments/1mm4rdh/when_i_was_a_barista_at_starbucks_i_switched_my/,2025-08-10T01:19:09,comment,https://reddit.com/r/confession/comments/1mm4rdh/when_i_was_a_barista_at_starbucks_i_switched_my/,t3_1mm4rdh,n7vaj2l,negative,0.0142419440671801,negative,0.0142419440671801,-0.7906,negative,True
reddit_comment,whole milk back in schools,"Having many service jobs in my life i am very thankful i never worked at starbucks.. one of my favorites though when i was a valet, there was a spot where if a car was parked the bird shit was unreal. We all knew the spot, actually told several times we werent allowed to park customers cars there. But in the sunmer and almost all weekends our lot would fill and it was that easy when asked by a supervisor. A weekend parked in this spot would be so unreal you have to see it for yourself. A car COVERED in bird crap. Customer always made a scene and usually would get reimbursed for a car wash but creating the inconvenience for them was priceless and always funny.",,confession,https://reddit.com/r/confession/comments/1mm4rdh/when_i_was_a_barista_at_starbucks_i_switched_my/,2025-08-10T18:18:55,comment,https://reddit.com/r/confession/comments/1mm4rdh/when_i_was_a_barista_at_starbucks_i_switched_my/,t3_1mm4rdh,n7z9mzl,positive,0.5842248201370239,positive,0.5842248201370239,0.7137,positive,True
reddit_comment,whole milk back in schools,"Surprised to see so many comments calling you a psycho, repeat terrible customers (and people in these comments) need to be aware that people will do much worse to your food. Even funnier it she never caught on imo",,confession,https://reddit.com/r/confession/comments/1mm4rdh/when_i_was_a_barista_at_starbucks_i_switched_my/,2025-08-10T01:00:30,comment,https://reddit.com/r/confession/comments/1mm4rdh/when_i_was_a_barista_at_starbucks_i_switched_my/,t3_1mm4rdh,n7v7lgs,negative,0.0054118842817842,negative,0.0054118842817842,-0.3818,negative,True
reddit_comment,whole milk back in schools,Decaf espresso tastes different though...,,confession,https://reddit.com/r/confession/comments/1mm4rdh/when_i_was_a_barista_at_starbucks_i_switched_my/,2025-08-10T06:29:15,comment,https://reddit.com/r/confession/comments/1mm4rdh/when_i_was_a_barista_at_starbucks_i_switched_my/,t3_1mm4rdh,n7wfoyz,neutral,0.0748398974537849,neutral,0.0748398974537849,0.0,neutral,True
reddit_comment,whole milk back in schools,It takes just as much effort to be polite as it does to be rude. Screw them,,confession,https://reddit.com/r/confession/comments/1mm4rdh/when_i_was_a_barista_at_starbucks_i_switched_my/,2025-08-10T00:37:55,comment,https://reddit.com/r/confession/comments/1mm4rdh/when_i_was_a_barista_at_starbucks_i_switched_my/,t3_1mm4rdh,n7v41j0,negative,0.0115787712857127,negative,0.0115787712857127,-0.5267,negative,True
reddit_comment,whole milk back in schools,"Once, someone was such a dick that I gave them a rinse shot.",,confession,https://reddit.com/r/confession/comments/1mm4rdh/when_i_was_a_barista_at_starbucks_i_switched_my/,2025-08-10T00:56:36,comment,https://reddit.com/r/confession/comments/1mm4rdh/when_i_was_a_barista_at_starbucks_i_switched_my/,t3_1mm4rdh,n7v6z17,negative,0.0078876987099647,negative,0.0078876987099647,-0.5106,negative,True
reddit,whole milk back in schools,The President of The United States Of America returns whole milk to school lunches.. [ [ [ [ [ [ [ [ [**,The President of The United States Of America returns whole milk to school lunches.,Discussion,https://reddit.com/r/Discussion/comments/1qdab2m/the_president_of_the_united_states_of_america/,2026-01-15T04:52:08,post,,t3_1qdab2m,,neutral,0.0614412538707256,neutral,0.0614412538707256,0.4215,positive,False
reddit,whole milk back in schools,"Keeping opened whole milk last longer in the fridge. I know eventually opened milk goes bad but just in case there are ways out there I dont know of. I only need milk over the weekend for coffee (weekdays the office has it), even with the quart size it's hard to not go bad for more than 2 weeks after opening. Sometimes if I get the half gallon one, I notice with the cap, seems like it goes a little longer than the quart one, which you have to tear it open. After I noticed the difference, I tape/seal (using some wall painting tape) the tear open area and it goes a little longer too. Would appreciate if anyone else knows a better way for this. I am in the US. Edit: wow... thx for all the suggestions! I am Chinese and fresh milk was very expensive when I grew up in Guangzhou back in the early 90's. My mom somehow thinks that real milk would boost my height so she did buy me the only fresh milk available back then (in a very small pink milk carton box, I still remember it tastes so....good... the rest are the artificial ones in plastic bags flowing in a hot water pot with the lady selling them on the curb. Once a kid pays for it, she opens a small corner with scissor, put in a straw, you can just hold the bag, sip it while walking to school) It was a dream came true when I see so much whole milk available to drink in Safeway arriving in the US in the late 90's. btw, I did grow to 5'4, which is consider a good height for southern girl. My mom's about 5' or a little shorter. &amp;#x200B;",Keeping opened whole milk last longer in the fridge,Cooking,https://reddit.com/r/Cooking/comments/10h170u/keeping_opened_whole_milk_last_longer_in_the/,2023-01-20T16:26:05,post,,t3_10h170u,,neutral,0.0504822954535484,neutral,0.0504822954535484,0.9911,positive,False
reddit,whole milk back in schools,Breaking: Whole Milk Back in School Lunches,Breaking: Whole Milk Back in School Lunches,FringeTheory,https://reddit.com/r/FringeTheory/comments/1qeyhow/breaking_whole_milk_back_in_school_lunches/,2026-01-17T01:01:27,post,,t3_1qeyhow,,neutral,0.0675723850727081,neutral,0.0675723850727081,0.0,neutral,True
reddit,whole milk back in schools,Breaking: Whole Milk Back in School Lunches,Breaking: Whole Milk Back in School Lunches,ResilientPhysiology,https://reddit.com/r/ResilientPhysiology/comments/1qeyheh/breaking_whole_milk_back_in_school_lunches/,2026-01-17T01:01:10,post,,t3_1qeyheh,,neutral,0.0675723850727081,neutral,0.0675723850727081,0.0,neutral,True
reddit,whole milk back in schools,Trump signs bill allowing whole milk back in school meals. Making milk great again,Trump signs bill allowing whole milk back in school meals,NoFilterNews,https://reddit.com/r/NoFilterNews/comments/1qe5fnd/trump_signs_bill_allowing_whole_milk_back_in/,2026-01-16T03:48:48,post,,t3_1qe5fnd,,positive,0.8774397969245911,positive,0.8774397969245911,0.6249,positive,True
reddit,whole milk back in schools,"Trump signs a law returning whole milk to school lunches. Whole milk is heading back to [school cafeterias]( across the country after President Donald Trump signed a bill Wednesday overturning Obama-era limits on higher-fat milk options. Nondairy drinks such as fortified soy milk may also be on the menu in the coming months following adoption of the [Whole Milk for Healthy Kids Act]( which cleared Congress in the fall. The action allows schools participating in the National School Lunch Program to serve whole and 2% fat milk along with the skim and low-fat products required since 2012. “Whether you’re a Democrat or a Republican, whole milk is a great thing,” Trump said at a White House signing ceremony that featured lawmakers, dairy farmers and their children. The law also permits schools to serve nondairy milk that meets the nutritional standards of milk and requires schools to offer a nondairy milk alternative if kids provide a note from their parents, not just from doctors, saying they have a dietary restriction",Trump signs a law returning whole milk to school lunches,UsaNewsLive,https://reddit.com/r/UsaNewsLive/comments/1qd1cnt/trump_signs_a_law_returning_whole_milk_to_school/,2026-01-14T22:19:49,post,,t3_1qd1cnt,,neutral,0.3167562782764435,neutral,0.3167562782764435,0.7269,positive,False
reddit,whole milk back in schools,"Sen. Justice co-sponsors bill to put whole milk back in school cafeterias. How is this going to make kids healthier? Whole milk could return as an option in school cafeterias, according to a bill supported by Sen. Jim Justice. The Republican Senator from West Virginia signed on as co-sponsor of the “Whole Milk for Healthy Kids Act of 2025.” “I am proud to be a co-sponsor of this bill \[and\] glad to see it pass out of committee! Whole milk is vital to children’s growth and bone strength. It is time to bring it back in schools!” Justice [posted]( Wednesday on X. [",Sen. Justice co-sponsors bill to put whole milk back in school cafeterias,WestVirginiaPolitics,https://reddit.com/r/WestVirginiaPolitics/comments/1l6ogxz/sen_justice_cosponsors_bill_to_put_whole_milk/,2025-06-08T22:15:46,post,,t3_1l6ogxz,,positive,0.7625962495803833,positive,0.7625962495803833,0.9816,positive,True
reddit,whole milk back in schools,"My bf threw out all my make up and skincare... So I made a post explaining the whole situation earlier but basically my bf / father of my kids threw away my make up. I’m a sahm don’t have any income he only gives me money for bills and gas. He refuses to by me make up so I’ve been without an income for about 8months. Well he threw away my makeup because we got into this big fight and I threw away his bong (he’s been smoking in the garage where the kids play) well I’ve been saving up money from babysitting and collecting soda can to recycle to buy some make up and he threw everything away when he came home he was gone all day and I didn’t notice until later in the evening bc I was packing for my trip. And I realized that all my makeup &amp; skincare was gone pallets that I’ve had for years! When he got home from the fair (that he told me I couldn’t go with them). I confronted him I asked him why did he throw away my make up and he straight up denying it he told m he didn’t know what I was talking about. &amp; yea he just kept saying it wasn’t him. I might have believed him if it wasn’t for the fact that all my makeup up from 3 different locations were gone, my purse, the restroom, and our room. He has thrown it in the big dumpster in two separate bags (the restroom bag) and the kitchen where he poured what looked like chocolate milk on my brushes. I’m at a loss for words I don’t even know how to go on from this. I don’t want to be with him but I don’t have a job I’m finally getting to go back to school, we’re renting his dads house and he’s told me that I can leave but the kids and going anywhere that this is there home. I know he will fight for full custody if we split he’s literally told me that he’ll never leave me but he treats me like this",My bf threw out all my make up and skincare..,WhatShouldIDo,https://reddit.com/r/WhatShouldIDo/comments/1rrkobt/my_bf_threw_out_all_my_make_up_and_skincare/,2026-03-12T07:59:14,post,,t3_1rrkobt,,negative,0.0120370537042617,negative,0.0120370537042617,0.6012,positive,False
reddit,whole milk back in schools,"My boyfriend threw away my makeup and is saying that he didn’t. So I made a post explaining the whole situation earlier but basically you my bf / father of my kids threw away my make up. I’m a sahm don’t have any income he only gives me money for bills and gas. He refuses to by me make up so I’ve been without an income for about 8months. Well he threw away my makeup because we got into this big fight and I threw away his bong (he’s been smoking in the garage where the kids play) well I’ve been saving up money from babysitting and collecting soda can to recycle to buy some make up and he threw everything away when he came home he was gone all day and I didn’t notice until later in the evening bc I was packing for my trip. And I realized that all my makeup &amp; skincare was gone pallets that I’ve had for years! When he got home from the fair (that he told me I couldn’t go with them). I confronted him I asked him why did he throw away my make up and he straight up denying it he told m he didn’t know what I was talking about. &amp; yea he just kept saying it wasn’t him. I might have believed him if it wasn’t for the fact that all my makeup up from 3 different locations were gone, my purse, the restroom, and our room. He has thrown it in the big dumpster in two separate bags (the restroom bag) and the kitchen where he poured what looked like chocolate milk on my brushes. I’m at a loss for words I don’t even know how to go on from this. I don’t want to be with him but I don’t have a job I’m finally getting to go back to school, we’re renting his dads house and he’s told me that I can leave but the kids and going anywhere that this is there home. I know he will fight for full custody if we split",My boyfriend threw away my makeup and is saying that he didn’t,TwoHotTakes,https://reddit.com/r/TwoHotTakes/comments/1rrkcy7/my_boyfriend_threw_away_my_makeup_and_is_saying/,2026-03-12T07:38:38,post,,t3_1rrkcy7,,negative,0.014688977971673,negative,0.014688977971673,0.1134,positive,False
reddit,whole milk back in schools,"After Nearly 20 Years, I Finally Found the Pizza Sticks From My Elementary School Lunches!. I’ve been longing for these pizza sticks since the 4th grade. You see, beginning when I entered the 5th grade, my school replaced these heavenly beauties with Bosco sticks. Pizza sticks were never served at my school again after this. Talk about a downgrade! Long story short, I’ve been searching for these specific pizza sticks for the last two decades. Welp, a few weeks ago, a simple Google search yielded the name of the pizza sticks I had so desperately sought all this time. They are called the Max Pizza Sticks by the brand Conagra. After years of searching, I finally ordered myself a case. Today, they were my lunch! I just had to throw in a chocolate milk and vegetable side to really complete the aesthetic. Not to mention, they simply wouldn’t have tasted as good as I remembered without a lunch tray! The delightful whole grain crust and the greasy, albeit slightly mushy (but perfectly mushy, if you catch my drift) mozzarella cheese took me all the way back to the 4th grade. Absolutely delicious! They were everything I wanted, and more! Talk about a nostalgia trip back to the early 2000s! I can finally die happy now!","After Nearly 20 Years, I Finally Found the Pizza Sticks From My Elementary School Lunches!",nostalgia,https://reddit.com/r/nostalgia/comments/1ohn5hc/after_nearly_20_years_i_finally_found_the_pizza/,2025-10-27T18:58:12,post,,t3_1ohn5hc,,positive,0.6428765654563904,positive,0.6428765654563904,0.9616,positive,True
reddit,whole milk back in schools,"Is the Trump Administration wrong to be pushing whole milk?. During the MAHA press conference, USDA Sec. Brooke Rollins said that the 2025 dietary guidelines would prioritize whole milk and dairy, FDA's Marty Makary said he wanted to ""end the 50-year war on natural saturated fat"" and get whole milk back in schools and RFK Jr. said he wanted to get whole milk back into schools. But the 2025 dietary guidelines scientific report, released in December, say there's no reason to push whole milk over skim milk. Who is right? This TIME story wades into the debate: [",Is the Trump Administration wrong to be pushing whole milk?,nutrition,https://reddit.com/r/nutrition/comments/1nf5ci9/is_the_trump_administration_wrong_to_be_pushing/,2025-09-12T14:52:41,post,,t3_1nf5ci9,,neutral,0.0353928059339523,neutral,0.0353928059339523,-0.7105,negative,False
