group,n,normality_test,statistic,p_value,normal_at_0_05
before,3903,D'Agostino K^2,914.5492101562451,2.559542234087321e-199,False
after,964,D'Agostino K^2,260.28831487633477,3.01377324206929e-57,False
